clip_uid,official_split,analysis_role,source_role,event_family,action_type,difficulty,dive_score,execution_quality,judge_sample_sd,disagreement_primary_eligible,teacher_predicted_score,global_linear_predicted_score,same_action_reference_predicted_score,plain_ridge_predicted_score,trustdive_predicted_quality,trustdive_predicted_score,teacher_adapter_gap,reference_distance,reference_dispersion,valid_reference_count,open_set,teacher_uncertainty,prediction_interval_width,teacher_error,ours_error,error_gain,reference_baseline,predicted_quality,phi_takeoff,phi_flight,phi_entry,top_phase,actual_max_intervention_phase,top_phase_intervention_match,targeted_intervention_effect,random_intervention_effect,phase_boundary_cosine,phase_boundary_top_match,reference_change_cosine,coalition_0,coalition_1,coalition_2,coalition_3,coalition_4,coalition_5,coalition_6,coalition_7,high_judge_risk,review_priority,review_reason,paired_mae_difference
01::1,test,official_test,source_fit,01,407c,3.2,88.0,9.166666666666666,0.4498677054212186,True,84.05382385253907,83.05666809082032,85.4453338623047,85.21321256160738,8.83706422150135,84.83581652641297,0.7819926738739014,4.2047094e-07,0.2482483,5,False,0.0,11.60074446495895,3.946176147460932,3.1641834735870304,0.7819926738739014,8.352567,8.837064,0.09975513,0.025378546,0.3593634,entry,entry,True,0.3449840545654297,0.3449840545654297,0.99471277,1.0,0.972768,8.352567,8.450572,8.375177,8.49208,8.724746,8.810481,8.737123,8.837064,True,0.4953560371517028,routine automatic scoring,-0.7819926738739014
01::8,test,official_test,source_fit,01,6245d,3.6,77.4,7.166666666666667,0.3933978962347216,True,79.71482620239259,80.44252452850343,82.53239707946778,83.18152588605881,7.602175235748291,82.10349254608155,2.3886663436889677,5.7272796e-06,0.2440639,5,False,0.0,11.561856290036387,2.314826202392581,4.703492546081549,-2.3886663436889677,7.295438,7.602175,0.14503288,0.037026405,0.124678135,takeoff,takeoff,True,0.1445603370666504,0.1445603370666504,0.7459439,0.5,-0.4740694,7.295438,7.443519,7.359204,7.497634,7.4428287,7.5893126,7.457615,7.602175,True,0.7306501547987616,routine automatic scoring,2.3886663436889677
01::9,test,official_test,source_fit,01,107b,3.0,61.5,6.833333333333333,0.37796447300922725,True,56.41779041290283,58.27141571044922,58.75285720825195,60.601606249809265,6.661391913890839,59.95252722501755,3.5347368121147156,3.5234447e-07,0.39579472,5,False,0.0,12.97198477566734,5.082209587097168,1.5474727749824524,3.5347368121147156,6.640008,6.6613917,0.29595003,0.067224346,-0.3417906,entry,takeoff,False,0.28392553329467773,0.3465890884399414,0.9482715,0.5,0.987187,6.640008,6.9030337,6.673001,6.9453173,6.258067,6.542221,6.3148026,6.6613917,False,0.7832817337461301,teacher-adapter difference,-3.5347368121147156
01::11,test,official_test,source_fit,01,107b,3.0,72.0,8.0,0.34503277967117707,True,72.65057945251465,72.48190498352051,74.53879451751709,71.18827034533024,7.97803919762373,71.80235277861357,0.8482266739010811,1.1985098e-07,0.3696825,5,False,0.0,12.729307663087113,0.6505794525146484,0.19764722138643265,0.4529322311282158,7.9094453,7.9780393,-0.045943182,0.0651234,0.04941376,flight,takeoff,False,0.04084014892578125,0.14876890182495117,0.6061875,0.5,-0.14827125,7.9094453,7.941198,7.973722,7.871583,7.8766866,7.937199,8.126808,7.9780393,False,0.47368421052631576,routine automatic scoring,-0.4529322311282158
01::15,test,official_test,source_fit,01,107b,3.0,76.5,8.5,0.34503277967117707,True,72.45086860656738,72.3070764541626,72.74979972839355,70.92341105639935,7.951097376644611,71.5598763898015,0.8909922167658806,3.596326e-08,0.4612241,5,False,0.0,13.580060613999606,4.049131393432617,4.940123610198498,-0.8909922167658806,8.039658,7.9510975,-0.08360648,-0.02638483,0.021431208,takeoff,takeoff,True,0.12665557861328125,0.005948543548583984,0.9216197,1.0,-0.5337365,8.039658,7.983851,8.017444,7.945149,8.061322,7.9969025,8.077753,7.9510975,False,0.4613003095975232,routine automatic scoring,0.8909922167658806
01::17,test,official_test,source_fit,01,5152b,2.9,72.5,8.333333333333334,0.2672612419124244,True,72.14074687957763,71.73951387405396,71.33614854812622,72.06888801902532,8.299691647291183,72.20731733143329,0.0665704518556538,5.229739e-07,0.5796706,5,False,0.0,14.680857286861047,0.3592531204223661,0.2926826685667123,0.0665704518556538,8.129551,8.299691,0.11271397,0.00040976205,0.057016533,takeoff,takeoff,True,0.07031726837158203,0.030719757080078125,0.40243638,0.5,0.85405475,8.129551,8.269226,8.145655,8.275524,8.203981,8.330411,8.229374,8.299691,False,0.6501547987616099,wide prediction interval,-0.0665704518556538
01::21,test,official_test,source_fit,01,109c,3.7,81.4,7.333333333333333,0.5669467095138409,True,72.7519500732422,74.6431640625,72.84324188232422,80.6066031396389,7.056832432746887,78.33084000349047,5.578889930248266,1.0632807e-06,0.3757712,5,False,0.0,12.785893759032446,8.648049926757807,3.0691599965095406,5.578889930248266,6.614813,7.0568323,0.73007697,0.1601445,-0.44820198,takeoff,takeoff,True,0.8609967231750488,0.3095564842224121,0.9199585,0.5,0.9971167,6.614813,7.2494683,6.755726,7.366389,6.0634637,6.841958,6.1958356,7.0568323,True,0.9009287925696594,teacher-adapter difference; predicted high judge disagreement,-5.578889930248266
01::33,test,official_test,source_fit,01,636c,3.4,91.8,9.0,0.3933978962347216,True,79.79190988540648,79.91785640716552,79.79190988540648,79.79190988540648,7.8227362632751465,79.79190988540648,0.0,0.00031792678,2.4902308,2,True,0.0,32.436876392662555,12.008090114593514,12.008090114593514,0.0,,,,,,open_set,open_set,False,,,,,,,,,,,,,,True,1.0,insufficient similar references; wide prediction interval; phase boundary ambiguity; predicted high judge disagreement,0.0
01::45,test,official_test,source_fit,01,5156b,3.8,81.7,7.166666666666668,0.5563486402641868,True,80.92031536102294,82.0899782180786,79.83116970062255,82.98785035014151,7.224791318178177,82.3626210272312,1.4423056662082558,1.8400378e-06,0.5225697,5,False,0.0,14.15018333298809,0.7796846389770593,0.6626210272311965,0.11706361174586277,7.05549,7.2247915,0.1489137,0.07177933,-0.051391523,takeoff,takeoff,True,0.11691093444824219,0.06188821792602539,0.8966898,0.5,-0.1830715,7.05549,7.2288303,7.121772,7.2866797,7.007019,7.155091,7.1078806,7.2247915,True,0.5913312693498453,wide prediction interval,-0.11706361174586277
01::54,test,official_test,source_fit,01,6243d,3.2,81.6,8.499999999999998,0.1889822365046136,True,83.50841674804688,82.57921142578127,84.55560607910158,84.37929897308351,8.777819655835629,84.26706869602205,0.7586519479751672,1.3435181e-06,0.21055353,5,False,0.0,11.25042364890045,1.9084167480468892,2.6670686960220564,-0.7586519479751672,8.57609,8.77782,0.030117035,0.020800114,0.15081263,entry,entry,True,0.14829349517822266,0.028601646423339844,0.35890135,0.5,0.95168835,8.57609,8.610394,8.600169,8.629526,8.732093,8.7576275,8.749218,8.77782,False,0.4891640866873065,routine automatic scoring,0.7586519479751672
01::56,test,official_test,source_fit,01,407b,3.5,71.75,6.833333333333333,0.39339789623472154,True,67.17509722709656,69.168936252594,68.2288863658905,69.74196667224169,6.587008595466614,69.16359025239944,1.988493025302887,6.762148e-05,0.6092746,4,False,0.0,14.955985758116546,4.574902772903442,2.5864097476005554,1.988493025302887,8.07085,6.5870085,-0.04297884,0.16731898,-1.6081821,entry,entry,True,1.4339513778686523,0.06207466125488281,0.9974282,1.0,1.0,8.07085,8.035676,8.06797,8.02096,6.2771463,6.260782,6.649083,6.5870085,False,0.9752321981424149,wide prediction interval; predicted high judge disagreement,-1.988493025302887
01::66,test,official_test,source_fit,01,207b,3.6,100.8,9.333333333333332,0.37796447300922725,True,92.98254776000977,92.05733757019044,93.32449722290039,93.7522936552763,8.644579894840717,93.36146286427976,0.37891510426999275,6.282837e-07,0.2418704,5,False,0.0,11.541470776653222,7.8174522399902315,7.438537135720239,0.37891510426999275,8.203345,8.64458,-0.017073631,-0.024560452,0.48286867,entry,entry,True,0.49054718017578125,0.006463050842285156,0.9881214,1.0,0.9995018,8.203345,8.173508,8.160186,8.154033,8.676382,8.652695,8.651043,8.64458,False,0.6965944272445821,routine automatic scoring,-0.37891510426999275
01::68,test,official_test,source_fit,01,109c,3.7,83.25,7.499999999999999,0.408248290463863,True,92.16826972961427,91.64057893753053,92.42866945266725,92.081173530221,8.3358343988657,92.52776182740928,0.35949209779501246,4.2738301e-07,0.49600637,5,False,0.0,13.903313703732515,8.918269729614266,9.277761827409279,-0.35949209779501246,8.197263,8.3358345,0.022316137,-0.08302387,0.19927947,entry,entry,True,0.1797351837158203,0.0637960433959961,0.1185909,0.5,0.9605912,8.197263,8.263557,8.094783,8.156099,8.415858,8.399631,8.357725,8.3358345,True,0.6501547987616099,phase boundary ambiguity,0.35949209779501246
01::74,test,official_test,source_fit,01,6245d,3.6,57.6,5.333333333333333,0.6362090102803518,True,86.57507400512696,86.4481201171875,84.24738178253175,87.37380409240723,8.0701202750206,87.15729897022248,0.58222496509552,8.266799e-07,0.27386552,5,False,0.0,11.838821220419582,28.975074005126963,29.557298970222483,-0.58222496509552,8.375792,8.07012,0.004510959,-0.36202088,0.051838238,flight,flight,True,0.30548572540283203,0.09984827041625977,0.1467006,0.0,0.22723503,8.375792,8.383143,7.962434,7.9702716,8.384818,8.375606,8.0632515,8.07012,True,0.6811145510835913,phase boundary ambiguity,0.58222496509552
01::77,test,official_test,source_fit,01,626c,3.3,75.9,7.666666666666669,0.5773502691896257,True,79.07630853652952,78.99532985687254,79.52046861648559,80.16706388890742,8.083139792084694,80.02308394163846,0.9467754051089372,1.6936655e-06,0.34240514,5,False,0.0,12.475802352090895,3.1763085365295183,4.1230839416384555,-0.9467754051089372,8.0860405,8.083139,0.17294519,0.010007541,-0.1858538,entry,takeoff,False,0.1694631576538086,0.18447589874267578,0.94608337,1.0,0.68693864,8.0860405,8.247102,8.099203,8.252603,7.883443,8.07664,7.8986635,8.083139,True,0.5139318885448917,routine automatic scoring,0.9467754051089372
01::80,test,official_test,source_fit,01,207c,3.3,64.35,6.5,0.34503277967117707,True,75.09809989929198,75.51273207664488,74.97123141288756,75.26544105559586,7.594910904765129,75.18961795717476,0.09151805788278011,4.8457696e-07,0.48396358,5,False,0.0,13.791392591832768,10.748099899291987,10.839617957174767,-0.09151805788278011,7.2135267,7.594911,-0.05146885,0.17299867,0.25985456,entry,entry,True,0.24746131896972656,0.051989078521728516,0.79841185,0.5,0.9937096,7.2135267,7.1614122,7.4017377,7.34745,7.4846087,7.4382906,7.6469,7.594911,False,0.5727554179566563,routine automatic scoring,0.09151805788278011
01::90,test,official_test,source_fit,01,307c,3.4,94.05,9.220588235294118,0.34503277967117707,True,87.60713596343993,86.75945434570312,84.40626068115233,87.18806724250317,8.539616487920284,87.10408817678689,0.5030477866530418,-5.276285e-08,0.2649104,5,False,0.0,11.755595734479398,6.442864036560067,6.945911823213109,-0.5030477866530418,8.659338,8.539617,-0.01075999,-0.008117358,-0.10084406,entry,entry,True,0.09520244598388672,0.0016241073608398438,0.6324946,0.5,-0.99690914,8.659338,8.644376,8.644463,8.634819,8.5525875,8.541241,8.546439,8.539617,False,0.42105263157894735,routine automatic scoring,0.5030477866530418
01::100,test,official_test,source_fit,01,307c,3.4,74.25,7.279411764705883,0.0,True,84.27824707031249,83.84527702331542,82.4566795349121,84.37455297857522,8.26843149960041,84.33800129592419,0.059754225611698075,8.685521e-08,0.48192158,5,False,0.0,13.772415062760839,10.028247070312489,10.088001295924187,-0.059754225611698075,7.8450813,8.268432,0.021944284,0.09387493,0.30753112,entry,entry,True,0.3116445541381836,0.023703575134277344,0.9635738,1.0,0.9832076,7.8450813,7.8666306,7.9396844,7.956787,8.149863,8.173921,8.244728,8.268432,False,0.6873065015479877,routine automatic scoring,0.059754225611698075
01::102,test,official_test,source_fit,01,207c,3.3,37.95,3.8333333333333344,0.5773502691896257,True,70.36485028266905,71.36915774345397,69.12902612686156,71.63467179983853,7.191357269883156,71.19443697184323,0.8295866891741781,6.3512664e-07,0.23645245,5,False,0.0,11.491118338404515,32.41485028266905,33.24443697184323,-0.8295866891741781,6.8189898,7.191357,0.13037689,0.031268913,0.21072157,entry,entry,True,0.21849346160888672,0.1482386589050293,0.32108238,0.0,0.51927257,6.8189898,6.927888,6.81987,6.9728637,7.0183225,7.1333165,7.0431185,7.191357,True,0.5015479876160991,phase boundary ambiguity,0.8295866891741781
01::103,test,official_test,source_fit,01,6243d,3.2,64.0,6.666666666666666,0.37796447300922725,True,61.34478149414063,63.176742553710945,63.806561279296886,65.63281345367433,6.8298909068107605,65.56695270538331,4.2221712112426815,2.4699561e-06,0.6115265,5,False,0.0,14.976913720063406,2.6552185058593665,1.566952705383315,1.0882658004760515,6.798425,6.8298907,0.19423015,0.0015247663,-0.1642894,takeoff,takeoff,True,0.2076129913330078,0.2076129913330078,0.7619574,0.0,0.9237444,6.798425,6.977392,6.794627,6.981214,6.6192894,6.8249235,6.6222777,6.8298907,False,0.8111455108359134,wide prediction interval; teacher-adapter difference,-1.0882658004760515
01::115,test,official_test,source_fit,01,107b,3.0,67.5,7.5,0.1889822365046136,True,76.26667785644531,75.64750385284424,77.55099678039551,76.18969664722681,8.45542735606432,76.09884620457888,0.167831651866436,1.9269069e-07,0.17519623,5,False,0.0,10.921826395247948,8.766677856445312,8.598846204578876,0.167831651866436,8.395935,8.455427,0.016745249,0.041281383,0.0014654795,flight,flight,True,0.06181621551513672,0.06181621551513672,0.566916,0.5,0.008262472,8.395935,8.426823,8.426095,8.432182,8.385035,8.393611,8.443411,8.455427,False,0.19814241486068113,routine automatic scoring,-0.167831651866436
01::117,test,official_test,source_fit,01,6245d,3.6,81.0,7.499999999999999,0.34503277967117707,True,72.23003654479982,73.89019603729248,76.46407127380371,75.99981597661973,7.022356331348419,75.84144837856293,3.611411833763114,1.5511947e-05,0.45754948,5,False,0.0,13.545910035544765,8.769963455200184,5.15855162143707,3.611411833763114,7.4113235,7.0223565,0.18132646,0.0038097699,-0.5741033,entry,entry,True,0.5718894004821777,0.006716728210449219,0.962244,1.0,0.98069376,7.4113235,7.5868416,7.4193134,7.594246,6.82866,7.029073,6.841568,7.0223565,False,0.8359133126934984,teacher-adapter difference; predicted high judge disagreement,-3.611411833763114
01::118,test,official_test,source_fit,01,307c,3.4,79.2,7.764705882352942,0.28867513459481287,True,84.22536849975586,83.79899368286132,78.66793384552001,84.5500714123249,8.239034749567509,84.03815444558859,0.18721405416727066,1.915934e-09,0.2944266,5,False,0.0,12.02990797090354,5.0253684997558565,4.838154445588586,0.18721405416727066,7.884573,8.239035,-0.021195412,0.10923195,0.26642513,entry,entry,True,0.2778325080871582,0.11887264251708984,0.99366707,1.0,0.7525088,7.884573,7.8609595,7.984242,7.961202,8.139668,8.120162,8.257734,8.239035,False,0.38699690402476783,routine automatic scoring,-0.18721405416727066
01::120,test,official_test,source_fit,01,109c,3.7,77.7,6.999999999999999,0.34503277967117707,True,77.28216848373414,78.60900135040285,78.4435190677643,85.20621203184129,7.376101911067963,81.8747312128544,4.59256272912026,4.9953513e-07,0.24708003,5,False,0.0,11.589887046056118,0.41783151626586346,4.174731212854397,-3.7568996965885333,7.116962,7.376102,0.6364061,0.41749564,-0.7947617,entry,takeoff,False,0.46006202697753906,0.9838342666625977,0.94346714,0.5,0.9937203,7.116962,7.422963,7.27278,7.836164,6.0045238,6.6799054,6.3922677,7.376102,False,0.8792569659442725,teacher-adapter difference; predicted high judge disagreement,3.7568996965885333
01::123,test,official_test,source_fit,01,207b,3.6,91.8,8.5,0.2439750182371333,True,89.72037048339844,89.20156517028809,90.93649520874024,88.79122034311295,8.234047375619411,88.92771165668965,0.792658826708788,1.2685868e-07,0.17080946,5,False,0.0,10.881057445767414,2.079629516601557,2.8722883433103448,-0.792658826708788,8.213559,8.234047,0.011278947,0.00023492177,0.008973916,takeoff,flight,False,0.0038166046142578125,0.0038166046142578125,0.29912978,0.0,-0.8702292,8.213559,8.232593,8.219476,8.233388,8.23114,8.239202,8.23023,8.234047,False,0.5015479876160991,phase boundary ambiguity,0.792658826708788
01::126,test,official_test,source_fit,01,307c,3.4,54.45,5.338235294117648,0.6074928962939559,True,62.44574947357177,64.73269901275634,62.11891107559204,66.061470079422,6.510685235261917,66.40898939967155,3.9632399260997815,3.0147373e-06,0.45380706,5,False,0.0,13.511129347065715,7.99574947357177,11.958989399671552,-3.9632399260997815,6.302386,6.5106854,0.3588271,0.14540291,-0.2959304,takeoff,takeoff,True,0.38100576400756836,0.14505958557128906,0.9138253,0.0,0.7901333,6.302386,6.6504855,6.4595833,6.795787,6.0070777,6.365626,6.1296797,6.5106854,True,0.8111455108359134,teacher-adapter difference,3.9632399260997815
01::131,test,official_test,source_fit,01,207c,3.3,84.15,8.500000000000002,0.18898223650461357,True,83.41004161834715,82.78915786743163,85.10380554199217,83.616302780807,8.420229628682137,83.36027332395314,0.049768294394013424,2.269158e-07,0.0889815,5,False,0.0,10.12057952710879,0.7399583816528548,0.7897266760468682,-0.049768294394013424,7.965949,8.42023,-0.02617065,-0.019423643,0.49987516,entry,entry,True,0.5004177093505859,0.023566246032714844,0.9969451,1.0,0.980267,7.965949,7.93684,7.9414086,7.919812,8.464948,8.434871,8.443796,8.42023,False,0.5758513931888545,routine automatic scoring,0.049768294394013424
01::133,test,official_test,source_fit,01,207c,3.3,66.0,6.666666666666668,0.2672612419124244,True,56.60767064094543,59.32586159706115,60.23543429374694,61.48992640972136,6.144397437572479,60.82953463196753,4.221863991022104,2.1522837e-06,0.3263151,5,False,0.0,12.326267687831841,9.392329359054571,5.170465368032467,4.221863991022104,5.7619767,6.1443973,0.22155873,0.11336199,0.047499817,takeoff,takeoff,True,0.25378894805908203,0.1816873550415039,0.87452024,0.5,0.7631264,5.7619767,5.963136,5.8188443,6.050148,5.774558,5.96271,5.8906083,6.1443973,False,0.8173374613003096,teacher-adapter difference,-4.221863991022104
01::135,test,official_test,source_fit,01,307c,3.4,74.25,7.279411764705883,0.24397501823713327,True,74.42214260101318,75.21706237792968,73.09924936294556,75.68852952718734,7.44257178902626,75.91423224806785,1.4920896470546694,6.364177e-07,0.18975726,5,False,0.0,11.05715103981823,0.1721426010131779,1.6642322480678473,-1.4920896470546694,7.3102202,7.4425716,0.21646015,0.0559961,-0.14010485,takeoff,takeoff,True,0.2185649871826172,0.12346935272216797,0.94182783,0.0,0.985436,7.3102202,7.5251594,7.3644376,7.566041,7.1540637,7.384213,7.2240067,7.4425716,False,0.6439628482972136,routine automatic scoring,1.4920896470546694
01::139,test,official_test,source_fit,01,5253b,3.2,72.0,7.499999999999999,0.24397501823713333,True,66.29691925048829,67.5119384765625,66.58895874023439,67.79381618499757,7.052070885896683,67.69988050460816,1.402961254119873,4.2428837e-07,0.36785644,5,False,0.0,12.712337069063715,5.703080749511713,4.30011949539184,1.402961254119873,6.876245,7.052071,0.10314568,0.003627618,0.06905278,takeoff,takeoff,True,0.1166543960571289,0.05893850326538086,0.3364073,0.0,-0.1783313,6.876245,6.969602,6.8932085,6.9931326,6.959132,7.058059,6.9354167,7.052071,False,0.6130030959752322,phase boundary ambiguity,-1.402961254119873
01::142,test,official_test,source_fit,01,307c,3.4,64.35,6.3088235294117645,0.24397501823713327,True,45.27419242858886,49.700399208068845,46.40638332366943,53.345093715190885,5.233497381210327,53.38167328834533,8.107480859756471,2.372436e-05,0.35121682,5,False,0.0,12.55769477449415,19.075807571411133,10.968326711654662,8.107480859756471,5.3654013,5.2334976,-0.010835965,0.45419565,-0.5752633,entry,entry,True,0.5168380737304688,0.06443643569946289,0.9782772,1.0,0.994675,5.3654013,5.400528,5.790805,5.7503357,4.724075,4.7581477,5.297934,5.2334976,False,0.9814241486068112,teacher-adapter difference,-8.107480859756471
01::144,test,official_test,source_fit,01,6142d,3.1,69.75,7.499999999999999,0.28867513459481287,True,78.15126914978028,77.59338054656983,78.15126914978028,78.15126914978028,8.403362274169922,78.15126914978028,0.0,1.1240712e-06,0.33289447,2,True,0.0,12.387413841552359,8.401269149780276,8.401269149780276,0.0,,,,,,open_set,open_set,False,,,,,,,,,,,,,,False,0.9102167182662538,insufficient similar references; phase boundary ambiguity; predicted high judge disagreement,0.0
01::153,test,official_test,source_fit,01,207b,3.6,81.0,7.499999999999999,0.1889822365046136,True,76.11966018676759,77.29524536132813,76.08566608428956,78.56108086109163,7.247387677431107,78.27178691625596,2.152126729488373,3.2260268e-06,0.5050984,5,False,0.0,13.987811596464436,4.8803398132324105,2.7282130837440377,2.152126729488373,7.5474544,7.247388,0.248926,0.088922344,-0.63791484,entry,entry,True,0.6917934417724609,0.6917934417724609,0.9647092,1.0,0.9949891,7.5474544,7.7833033,7.7140646,7.9391813,6.9464316,7.25314,7.0023713,7.247388,False,0.8792569659442725,wide prediction interval; predicted high judge disagreement,-2.152126729488373
01::157,test,official_test,source_fit,01,207b,3.6,39.6,3.6666666666666665,0.6986381310057719,True,33.44896602630615,39.940518665313725,42.3358720779419,37.16974890232086,3.3785603046417236,36.48845129013062,3.039485263824467,0.0006926385,0.33911613,5,False,0.0,12.445235507088016,6.151033973693849,3.111548709869382,3.039485263824467,4.769811,3.3785603,0.08182875,0.030586282,-1.5036659,entry,entry,True,1.5977113246917725,1.5977113246917725,0.9993975,1.0,0.9975801,4.769811,4.916631,4.770196,4.9762716,3.3562782,3.321685,3.3656354,3.3785603,True,0.9938080495356038,predicted high judge disagreement,-3.039485263824467
01::161,test,official_test,source_fit,01,5255b,3.6,81.0,7.499999999999999,0.7559289460184545,True,90.91081809997559,90.24370765686035,90.51250877380372,90.84373151957989,8.403306730091572,90.75571268498898,0.15510541498660757,1.9828147e-07,0.28619608,5,False,0.0,11.953416768536359,9.910818099975586,9.755712684988978,0.15510541498660757,8.406971,8.403307,-0.03967333,-0.011022091,0.047031403,entry,takeoff,False,0.04107093811035156,0.04107093811035156,0.19482304,1.0,0.9826306,8.406971,8.368812,8.404075,8.362236,8.459974,8.422443,8.444483,8.403307,True,0.1238390092879257,phase boundary ambiguity,-0.15510541498660757
01::162,test,official_test,source_fit,01,5255b,3.6,86.4,8.0,0.34503277967117707,True,91.33900680541993,90.61854400634766,91.03883285522461,90.59703633785249,8.403482161462307,90.75760734379293,0.5813994616270008,3.506635e-07,0.30547917,5,False,0.0,12.132626429764029,4.939006805419922,4.357607343792921,0.5813994616270008,8.456636,8.403482,-0.052852154,0.011873245,-0.012175083,takeoff,takeoff,True,0.04706764221191406,0.016082763671875,0.5187626,0.0,0.16182062,8.456636,8.39756,8.46879,8.419565,8.447929,8.392329,8.45055,8.403482,False,0.4024767801857585,routine automatic scoring,-0.5813994616270008
01::167,test,official_test,source_fit,01,5253b,3.2,67.2,6.999999999999999,0.39339789623472154,True,65.64535675048829,66.94155120849611,67.06507415771485,67.66418609619141,6.992904186248779,67.13188018798829,1.4865234374999972,4.260495e-07,0.31023103,5,False,0.0,12.176788417860628,1.554643249511713,0.06811981201171591,1.4865234374999972,6.597143,6.992904,-0.028047642,0.19729726,0.2265114,entry,entry,True,0.23129796981811523,0.23129796981811523,0.8960763,0.5,0.78496325,6.597143,6.540869,6.770447,6.761606,6.8157773,6.774704,6.995816,6.992904,False,0.6346749226006192,routine automatic scoring,-1.4865234374999972
01::169,test,official_test,source_fit,01,5255b,3.6,84.6,7.833333333333332,0.2672612419124244,True,78.25320854187012,79.16299495697022,77.89862651824951,79.48235536515713,7.309921532869339,78.94715255498886,0.6939440131187382,6.896378e-07,0.2711689,5,False,0.0,11.813759736713923,6.346791458129871,5.652847445011133,0.6939440131187382,7.5178194,7.3099217,0.12904565,-0.059666235,-0.27727708,entry,entry,True,0.2948269844055176,0.1431441307067871,0.47845098,0.5,0.9988038,7.5178194,7.6335063,7.464506,7.6047487,7.258832,7.375201,7.1667776,7.3099217,False,0.44891640866873067,routine automatic scoring,-0.6939440131187382
01::171,test,official_test,source_fit,01,6243d,3.2,68.8,7.166666666666665,0.2672612419124244,True,78.65906982421876,78.33400268554689,81.55321655273438,79.370139169693,8.2645283639431,79.33947229385377,0.6804024696350126,3.5421903e-07,0.38031223,5,False,0.0,12.82809645116806,9.859069824218764,10.539472293853777,-0.6804024696350126,8.302944,8.264528,-0.0400486,0.007071972,-0.0054392815,takeoff,takeoff,True,0.039597511291503906,0.008591651916503906,0.4119981,0.0,-0.6888337,8.302944,8.262647,8.308699,8.271803,8.299542,8.255937,8.304126,8.264528,False,0.44272445820433437,routine automatic scoring,0.6804024696350126
01::177,test,official_test,source_fit,01,6142d,3.1,60.45,6.5,0.6267831705280087,True,63.92363748550415,65.13824830055238,63.92363748550415,63.92363748550415,6.873509407043457,63.92363748550415,0.0,3.793418e-05,0.33307567,2,True,0.0,12.389097827902768,3.473637485504149,3.473637485504149,0.0,,,,,,open_set,open_set,False,,,,,,,,,,,,,,True,0.9102167182662538,insufficient similar references; phase boundary ambiguity; predicted high judge disagreement,0.0
01::182,test,official_test,source_fit,01,5255b,3.6,86.4,8.0,0.2439750182371333,True,86.8573471069336,86.69521980285646,87.55079383850098,87.10900367796421,8.047489382326603,86.91288532912732,0.05553822219371796,6.20118e-07,0.29878193,5,False,0.0,12.070384854001425,0.4573471069335966,0.5128853291273145,-0.05553822219371796,7.6151404,8.047489,-0.022396803,-0.055862904,0.51060843,entry,entry,True,0.5131168365478516,0.022667884826660156,0.992233,1.0,0.9936556,7.6151404,7.5921183,7.5617137,7.5343723,8.122344,8.106685,8.070157,8.047489,False,0.7275541795665634,routine automatic scoring,0.05553822219371796
02::5,test,official_test,source_fit,02,407c,3.2,81.6,8.499999999999998,0.1889822365046136,True,85.92015380859377,84.69049072265626,86.96520080566408,86.41346769332887,8.992136962711811,86.3245148420334,0.4043610334396277,4.7968285e-07,0.17927256,5,False,0.0,10.959710271731929,4.320153808593773,4.7245148420334,-0.4043610334396277,8.930854,8.992137,0.11924235,-0.0061333976,-0.05182584,takeoff,takeoff,True,0.12420940399169922,0.12420940399169922,0.8947664,1.0,0.64304465,8.930854,9.045808,8.925254,9.044131,8.879875,8.998125,8.867928,8.992137,False,0.38699690402476783,routine automatic scoring,0.4043610334396277
02::6,test,official_test,source_fit,02,5253b,3.2,68.8,7.166666666666665,0.2672612419124244,True,56.76810607910157,59.17023468017579,58.92815551757813,59.5741255760193,6.259435772895813,60.09058341979981,3.322477340698242,3.2341452e-06,0.10875565,5,False,0.0,10.304352915983216,12.031893920898426,8.709416580200184,3.322477340698242,6.335665,6.2594357,0.12827842,0.0829064,-0.2874144,entry,entry,True,0.3601036071777344,0.3601036071777344,0.9930649,1.0,0.99399877,6.335665,6.4903784,6.476129,6.6195393,6.101033,6.2539935,6.177499,6.2594357,False,0.7863777089783281,routine automatic scoring,-3.322477340698242
02::14,test,official_test,source_fit,02,207c,3.3,85.8,8.666666666666668,0.2672612419124244,True,89.4904197692871,88.1120355606079,92.2943950653076,90.09642151482402,9.067904859781265,89.77225811183452,0.2818383425474167,1.4260572e-06,0.1231464,5,False,0.0,10.43809508423556,3.6904197692871037,3.9722581118345204,-0.2818383425474167,8.765038,9.067904,0.0497729,0.00285546,0.25023857,entry,entry,True,0.24727249145507812,0.012272834777832031,0.9888858,1.0,0.9888413,8.765038,8.828496,8.785497,8.820632,9.020718,9.080177,9.029342,9.067904,False,0.34365325077399383,routine automatic scoring,0.2818383425474167
02::18,test,official_test,source_fit,02,407c,3.2,89.6,9.333333333333332,0.3779644730092272,True,84.03575134277345,83.04084777832033,86.70133666992189,84.83055253028871,8.830875411629677,84.77640395164491,0.7406526088714571,2.9939832e-07,0.4057256,5,False,0.0,13.064278583498764,5.564248657226543,4.8235960483550855,0.7406526088714571,8.758798,8.830875,0.11965084,-0.024876118,-0.022696972,takeoff,takeoff,True,0.1330699920654297,0.011006355285644531,0.5417924,0.5,0.93045956,8.758798,8.866135,8.721157,8.850595,8.734229,8.841882,8.697805,8.830875,False,0.49226006191950467,routine automatic scoring,-0.7406526088714571
02::19,test,official_test,source_fit,02,407c,3.2,86.4,9.0,0.34503277967117707,True,82.09028320312501,81.33774719238282,80.60115051269533,82.5040460586548,8.571551315486431,82.28689262866975,0.19660942554473593,3.448114e-08,0.35672507,5,False,0.0,12.608886297717952,4.309716796874994,4.113107371330258,0.19660942554473593,8.189712,8.571551,-0.022311846,0.09783777,0.30631384,entry,entry,True,0.31247425079345703,0.09592914581298828,0.957623,1.0,0.8952706,8.189712,8.175022,8.290561,8.259077,8.490968,8.475622,8.600383,8.571551,False,0.5820433436532507,routine automatic scoring,-0.19660942554473593
02::26,test,official_test,source_fit,02,5255b,3.6,86.4,8.0,0.1889822365046136,True,82.89298896789552,83.22474689483643,81.71732654571534,83.98281962871552,7.7290736101567745,83.47399498969317,0.5810060217976485,2.721137e-07,0.12852387,5,False,0.0,10.488071256784098,3.5070110321044865,2.926005010306838,0.5810060217976485,7.8438854,7.7290735,0.09481224,-0.036785048,-0.17283909,entry,entry,True,0.174346923828125,0.03793478012084961,0.8858345,1.0,0.9771339,7.8438854,7.9379144,7.807921,7.9034204,7.672225,7.7670083,7.633807,7.7290735,False,0.4520123839009288,routine automatic scoring,-0.5810060217976485
02::27,test,official_test,source_fit,02,407c,3.2,75.2,7.833333333333332,0.7319250547113999,True,77.15886840820313,77.02069702148438,77.4268524169922,77.70587167739869,8.078119732439518,77.54994943141938,0.3910810232162447,6.6486535e-08,0.43666568,5,False,0.0,13.351823961345579,1.9588684082031307,2.3499494314193754,-0.3910810232162447,7.8260937,8.078119,0.07626343,0.04719329,0.12856889,entry,entry,True,0.13055181503295898,0.13055181503295898,0.8571377,0.5,0.94737357,7.8260937,7.9116473,7.8840246,7.9475675,7.9541793,8.040164,8.009646,8.078119,True,0.2724458204334365,routine automatic scoring,0.3910810232162447
02::42,test,official_test,source_fit,02,626c,3.3,69.3,7.000000000000001,0.2439750182371333,True,74.05922756195068,74.60328211784362,74.31956877708434,76.18148065209388,7.641769289970398,75.65351597070693,1.594288408756256,5.3050456e-07,0.2742077,5,False,0.0,11.842001406484616,4.759227561950681,6.353515970706937,-1.594288408756256,7.7561946,7.6417694,0.21447642,-0.06096403,-0.26793757,entry,entry,True,0.2734546661376953,0.0742483139038086,0.8883995,0.5,0.957541,7.7561946,7.97106,7.7070174,7.915224,7.4922767,7.7160177,7.429179,7.6417694,False,0.653250773993808,routine automatic scoring,1.594288408756256
02::46,test,official_test,source_fit,02,407c,3.2,86.4,9.0,0.2439750182371333,True,86.15082092285158,84.89241943359376,88.02869567871095,87.3872829437256,9.070222146809101,87.07413260936738,0.9233116865158024,2.0122215e-07,0.27142608,5,False,0.0,11.816150000234321,0.24917907714842613,0.6741326093673763,-0.42495353221895016,8.986143,9.070222,0.15661764,-0.028876305,-0.043662548,takeoff,takeoff,True,0.1587677001953125,0.04905986785888672,0.78839266,0.5,0.44795227,8.986143,9.137699,8.956319,9.119282,8.944966,9.101062,8.911454,9.070222,False,0.5201238390092879,routine automatic scoring,0.42495353221895016
02::56,test,official_test,source_fit,02,636c,3.4,81.6,8.0,0.2439750182371333,True,85.35475788116455,84.78767509460448,85.35475788116455,85.35475788116455,8.36811351776123,85.35475788116455,0.0,5.5053765e-06,0.08306348,2,True,0.0,10.065579715838684,3.754757881164551,3.754757881164551,0.0,,,,,,open_set,open_set,False,,,,,,,,,,,,,,False,0.7987616099071208,insufficient similar references; phase boundary ambiguity,0.0
02::61,test,official_test,source_fit,02,307c,3.4,84.15,8.250000000000002,0.2439750182371333,True,84.78787937164306,84.29141807556152,85.07199954986572,84.16890261769294,8.28277238458395,84.48427832275628,0.30360104888677597,1.1081403e-07,0.31907764,5,False,0.0,12.25900545079064,0.6378793716430522,0.3342783227562762,0.30360104888677597,8.26034,8.282772,0.023253918,0.016881466,-0.017703056,takeoff,takeoff,True,0.017303466796875,0.015500068664550781,0.5908105,0.0,0.7882862,8.26034,8.2889595,8.282704,8.298272,8.239849,8.271958,8.265469,8.282772,False,0.20743034055727555,routine automatic scoring,-0.30360104888677597
02::66,test,official_test,source_fit,02,207c,3.3,89.1,9.0,0.34503277967117707,True,89.69335269927977,88.28969392776489,92.49706363677977,90.94435696452855,9.127090811729431,90.35819903612135,0.6648463368415776,1.71666e-06,0.123134226,5,False,0.0,10.437981941402642,0.5933526992797766,1.2581990361213542,-0.6648463368415776,8.79686,9.12709,0.07605711,0.005103747,0.24906985,entry,entry,True,0.2525920867919922,0.0036268234252929688,0.99803895,1.0,0.9985049,8.79686,8.876935,8.808697,8.874498,9.047664,9.123464,9.049795,9.12709,False,0.48606811145510836,routine automatic scoring,0.6648463368415776
02::67,test,official_test,source_fit,02,6245d,3.6,81.0,7.499999999999999,0.34503277967117707,True,68.75398635864258,70.84719600677491,73.73886795043946,74.40068500041963,6.936858534812927,74.91807217597962,6.164085817337039,1.42072195e-05,0.39764243,5,False,0.0,12.989156727927044,12.246013641357422,6.081927824020383,6.164085817337039,7.1720915,6.9368587,0.26340684,0.23277791,-0.7314176,entry,entry,True,0.6619505882263184,0.31446313858032227,0.94437003,1.0,0.9505853,7.1720915,7.404473,7.384522,7.5988092,6.3912377,6.6637025,6.6223955,6.9368587,False,0.9256965944272446,teacher-adapter difference; predicted high judge disagreement,-6.164085817337039
02::69,test,official_test,source_fit,02,207b,3.6,86.4,8.0,0.2439750182371333,True,90.5810531616211,89.95501785278321,91.3022575378418,90.03674502968789,8.342728309333324,90.10146574079991,0.4795874208211899,2.6953586e-07,0.23175201,5,False,0.0,11.447434264526276,4.181053161621094,3.701465740799904,0.4795874208211899,8.166348,8.342729,-0.021012941,0.051822025,0.14557107,entry,entry,True,0.1446990966796875,0.1446990966796875,0.57548827,0.5,0.8124013,8.166348,8.151117,8.228874,8.1980295,8.313773,8.300629,8.368542,8.342729,False,0.39009287925696595,routine automatic scoring,-0.4795874208211899
02::86,test,official_test,source_fit,02,307c,3.4,89.1,8.735294117647058,0.39339789623472154,True,87.32306442260742,86.51077136993408,86.36593894958496,86.31714060008525,8.49579069763422,86.65706511586905,0.6659993067383709,2.1089629e-07,0.3519214,5,False,0.0,12.564242933260003,1.7769355773925781,2.442934884130949,-0.6659993067383709,8.31865,8.4957905,0.07835039,-0.007194678,0.10598453,entry,entry,True,0.10201740264892578,0.0015621185302734375,0.033489704,0.0,-0.1913192,8.31865,8.408013,8.303616,8.393773,8.426394,8.497353,8.43066,8.4957905,False,0.4086687306501548,phase boundary ambiguity,0.6659993067383709
02::89,test,official_test,source_fit,02,6245d,3.6,75.6,6.999999999999999,0.1889822365046136,True,81.65261878967286,82.13890285491944,83.02115821838379,83.14338423013687,7.680274873971939,82.94696863889695,1.2943498492240906,4.534067e-06,0.5546471,5,False,0.0,14.448298217926675,6.052618789672863,7.3469686388969535,-1.2943498492240906,7.9500656,7.680275,0.08459171,-0.053458374,-0.30092397,entry,entry,True,0.30402708053588867,0.30402708053588867,0.9800997,1.0,0.8854742,7.9500656,8.016645,7.904561,7.984302,7.6536,7.7403316,7.576316,7.680275,False,0.7151702786377709,wide prediction interval,1.2943498492240906
02::97,test,official_test,source_fit,02,5255b,3.6,91.8,8.5,0.2439750182371333,True,90.7855224609375,90.13402633666993,90.96285209655763,92.01743917465211,8.499396823346615,91.79348569214345,1.0079632312059488,1.1806878e-06,0.6858989,5,False,0.0,15.66810259393154,1.0144775390624972,0.006514307856548385,1.0079632312059488,7.9690833,8.499397,0.03354025,0.095286846,0.40148687,entry,entry,True,0.38327980041503906,0.38327980041503906,0.9871098,1.0,0.4864263,7.9690833,8.009185,8.083491,8.1161175,8.388492,8.423517,8.472704,8.499397,False,0.8947368421052632,wide prediction interval; predicted high judge disagreement,-1.0079632312059488
02::99,test,official_test,source_fit,02,5255b,3.6,86.4,8.0,0.1889822365046136,True,86.17035312652588,86.09381103515625,86.53846893310548,86.94933751523496,8.021030329167843,86.6271275550127,0.45677442848682404,2.5177908e-07,0.346014,5,False,0.0,12.509341654579396,0.22964687347412394,0.2271275550127001,0.002519318461423836,7.7016587,8.02103,0.06661272,0.0018515587,0.25090742,entry,entry,True,0.2487168312072754,0.0654902458190918,0.98333764,1.0,0.9822541,7.7016587,7.768764,7.702239,7.7723136,7.954127,8.0185375,7.95554,8.02103,False,0.5789473684210527,routine automatic scoring,-0.002519318461423836
02::100,test,official_test,source_fit,02,5255b,3.6,70.2,6.5,0.5,True,64.81341018676758,67.39754390716553,68.75235900878907,69.80772242546082,6.464580833911896,69.81747300624848,5.004062819480893,5.404223e-06,0.30577335,5,False,0.0,12.135360414840491,5.386589813232419,0.3825269937515259,5.004062819480893,6.6138167,6.464581,0.3565444,0.046470325,-0.55225044,entry,entry,True,0.5146031379699707,0.3975229263305664,0.98557884,1.0,0.93016875,6.6138167,6.954833,6.643727,6.979184,6.0493693,6.3761,6.067058,6.464581,True,0.8544891640866873,teacher-adapter difference,-5.004062819480893
02::108,test,official_test,source_fit,02,5255b,3.6,97.2,9.0,0.2439750182371333,True,91.37268676757813,90.64803199768068,92.52180175781251,91.73153044581414,8.494600884616375,91.74168955385686,0.3690027862787275,1.1373684e-06,0.4735182,5,False,0.0,13.694317149074788,5.827313232421872,5.458310446143145,0.3690027862787275,8.500359,8.494601,0.022111097,0.01584641,-0.04371484,entry,entry,True,0.04547309875488281,0.014712333679199219,0.25248748,0.5,0.9179002,8.500359,8.520347,8.517165,8.540074,8.458228,8.479889,8.470541,8.494601,False,0.29721362229102166,phase boundary ambiguity,-0.3690027862787275
03::4,test,official_test,source_fit,03,107b,3.0,76.5,8.5,0.2439750182371333,True,77.19209575653076,76.45763397216797,76.8360013961792,75.50146387517452,8.436694025993347,75.93024623394012,1.2618495225906372,3.494972e-07,0.3530153,5,False,0.0,12.57440916993628,0.6920957565307617,0.5697537660598755,0.12234199047088623,8.470524,8.436694,0.050688583,0.0043500266,-0.0888683,entry,entry,True,0.09239959716796875,0.047028541564941406,0.49313283,0.5,0.6881537,8.470524,8.530062,8.517876,8.529094,8.390376,8.470157,8.389666,8.436694,False,0.5789473684210527,routine automatic scoring,-0.12234199047088623
03::5,test,official_test,source_fit,03,407c,3.2,80.0,8.333333333333332,0.2672612419124244,True,76.6942840576172,76.6139877319336,77.413916015625,77.36769497394563,8.028792545199394,77.0764084339142,0.3821243762969999,1.4852343e-07,0.2661536,5,False,0.0,11.767149598066128,3.305715942382804,2.923591566085804,0.3821243762969999,7.5099406,8.028792,-0.04270975,0.29532108,0.26624045,flight,flight,True,0.311312198638916,0.26835107803344727,0.9119746,0.5,0.9959807,7.5099406,7.4633946,7.7948,7.7604413,7.7795997,7.71748,8.062137,8.028792,False,0.32507739938080493,routine automatic scoring,-0.3821243762969999
03::8,test,official_test,source_fit,03,6245d,3.6,97.2,9.0,0.18898223650461357,True,92.18409576416016,91.35834960937501,91.5593376159668,93.38246287107468,8.636217907071114,93.27115339636804,1.0870576322078733,2.2247818e-06,0.34412804,5,False,0.0,12.49181434796318,5.015904235839841,3.9288466036319676,1.0870576322078733,8.434873,8.636218,0.085156284,0.025065264,0.0911239,entry,entry,True,0.08895206451416016,0.08895206451416016,0.97134656,0.5,0.800571,8.434873,8.525275,8.46851,8.547266,8.52431,8.623583,8.560166,8.636218,False,0.5572755417956656,routine automatic scoring,-1.0870576322078733
03::10,test,official_test,source_fit,03,5255b,3.6,91.8,8.5,0.34503277967117707,True,90.9186767578125,90.25058784484864,90.74462242126465,91.07976033389569,8.417679563164711,90.91093928217889,0.007737475633618374,2.6165463e-07,0.30511513,5,False,0.0,12.129243223634054,0.8813232421874915,0.8890607178211098,-0.007737475633618374,8.496412,8.41768,-0.0482351,0.003551801,-0.034049194,takeoff,takeoff,True,0.04205131530761719,0.04205131530761719,0.7890511,0.5,0.860122,8.496412,8.441988,8.494224,8.451663,8.462292,8.408393,8.459731,8.41768,False,0.09597523219814241,routine automatic scoring,0.007737475633618374
03::13,test,official_test,source_fit,03,407c,3.2,91.2,9.499999999999998,0.28867513459481287,True,73.9155029296875,74.18139038085938,75.41113586425783,74.93996257781984,7.757561169564724,74.47258722782136,0.5570842981338586,9.6655846e-08,0.36295566,5,False,0.0,12.666791054685373,17.284497070312497,16.72741277217864,0.5570842981338586,7.8277626,7.757561,0.025743166,-0.011813243,-0.08413132,entry,entry,True,0.09548616409301758,0.022120952606201172,0.43881088,0.5,0.92031866,7.8277626,7.8504834,7.8269825,7.8530474,7.7557116,7.779682,7.7280703,7.757561,False,0.38390092879256965,routine automatic scoring,-0.5570842981338586
03::15,test,official_test,source_fit,03,109c,3.7,88.8,7.999999999999999,0.34503277967117707,True,87.82049732208253,87.83445467948914,86.23233847618104,86.03879079669716,7.793249972164631,86.50507469102742,1.3154226310551138,1.0491703e-07,0.22426492,5,False,0.0,11.377852114710237,0.9795026779174663,2.29492530897258,-1.3154226310551138,7.7981577,7.79325,-0.05621608,0.034442823,0.01686565,takeoff,takeoff,True,0.0680856704711914,0.0680856704711914,0.5862217,0.5,0.24405184,7.7981577,7.7469707,7.8130703,7.756312,7.7881103,7.7461176,7.8613358,7.79325,False,0.6160990712074303,routine automatic scoring,1.3154226310551138
03::18,test,official_test,source_fit,03,109c,3.7,83.25,7.499999999999999,0.34503277967117707,True,84.69355702400209,85.09707126617432,84.52090287208559,85.00657860115172,7.655187658965588,84.97258301451804,0.27902599051594734,1.255923e-07,0.46737534,5,False,0.0,13.637227796024407,1.4435570240020894,1.7225830145180367,-0.27902599051594734,7.55875,7.6551876,0.062783875,0.13810961,-0.10445603,flight,flight,True,0.26675891876220703,0.26675891876220703,0.9924857,1.0,-0.11433246,7.55875,7.5299506,7.595125,7.625279,7.346844,7.3884287,7.4739056,7.6551876,False,0.2631578947368421,routine automatic scoring,0.27902599051594734
03::20,test,official_test,source_fit,03,109c,3.7,92.5,8.333333333333332,0.2672612419124244,True,94.7063069343567,93.86241874694825,94.03969888687135,93.56174044311048,8.473797507584095,94.05915233418347,0.6471546001732378,1.772188e-07,0.37721175,5,False,0.0,12.799281727489637,2.2063069343567037,1.5591523341834659,0.6471546001732378,8.491501,8.473798,-0.068219185,-0.11916447,0.1696806,entry,entry,True,0.2751321792602539,0.2751321792602539,0.89921904,0.0,0.89245903,8.491501,8.408922,8.265246,8.198666,8.557398,8.484204,8.52599,8.473798,False,0.4024767801857585,routine automatic scoring,-0.6471546001732378
03::23,test,official_test,source_fit,03,407c,3.2,86.4,9.0,0.1889822365046136,True,84.46133422851564,83.41340332031251,85.6101287841797,86.17077398300172,8.902966164052486,85.46847517490389,1.0071409463882475,3.7381537e-07,0.39980796,5,False,0.0,13.009282303614507,1.9386657714843665,0.931524825096119,1.0071409463882475,8.717169,8.9029665,-0.0083607035,0.030442396,0.163716,entry,entry,True,0.1641082763671875,0.03555488586425781,0.9543159,1.0,0.98324245,8.717169,8.703668,8.743143,8.738858,8.881137,8.867412,8.905542,8.9029665,False,0.5882352941176471,routine automatic scoring,-1.0071409463882475
03::31,test,official_test,source_fit,03,109c,3.7,83.25,7.499999999999999,0.24397501823713333,True,93.69395656585695,92.97619800567628,92.86655044555665,89.69205218553545,8.197631001472473,90.99370411634446,2.70025244951249,1.325885e-07,0.23911054,5,False,0.0,11.515821698039275,10.44395656585695,7.74370411634446,2.70025244951249,8.376014,8.197631,-0.05606405,0.28027615,-0.40259495,entry,flight,False,0.10424041748046875,0.5173907279968262,0.8445175,1.0,0.62156814,8.376014,8.1430025,8.433682,8.301871,7.6895714,7.68024,8.062241,8.197631,False,0.739938080495356,routine automatic scoring,-2.70025244951249
03::37,test,official_test,source_fit,03,307c,3.4,92.4,9.058823529411766,0.4498677054212186,True,90.4116262435913,89.21455307006835,88.8748306274414,91.01974815800786,8.89406630396843,90.71947630047798,0.30785005688667866,7.795817e-08,0.41386452,5,False,0.0,13.139918652633247,1.9883737564087056,1.680523699522027,0.30785005688667866,8.616607,8.894066,0.044929188,0.05150525,0.18102472,entry,entry,True,0.1766815185546875,0.050253868103027344,0.73373395,0.5,-0.8101449,8.616607,8.659604,8.668447,8.717384,8.801058,8.843812,8.848122,8.894066,True,0.47678018575851394,routine automatic scoring,-0.30785005688667866
03::46,test,official_test,source_fit,03,109c,3.7,98.05,8.833333333333332,0.3779644730092272,True,88.3949878692627,88.33737473487855,87.26604037284852,87.42331519871951,7.916107587516308,87.86879422143103,0.5261936478316755,1.7978753e-07,0.5091172,5,False,0.0,14.0251606410993,9.65501213073729,10.181205778568966,-0.5261936478316755,8.043083,7.9161077,-0.07939919,0.3382956,-0.38587198,entry,flight,False,0.31385183334350586,0.31385183334350586,0.78484833,1.0,0.80305946,8.043083,7.897648,8.307065,8.2299595,7.541152,7.5475373,7.97351,7.9161077,False,0.6873065015479877,wide prediction interval,0.5261936478316755
03::51,test,official_test,source_fit,03,307c,3.4,56.1,5.500000000000001,1.0293317295817757,True,91.06824073791503,89.78936920166015,91.09720916748046,90.58910012841224,8.880208872258663,90.57813049703836,0.49011024087667465,1.9271808e-07,0.17923196,5,False,0.0,10.959332898146002,34.96824073791503,34.47813049703836,0.49011024087667465,8.833558,8.880209,-0.06787872,-0.005408764,0.11993837,entry,entry,True,0.1232442855834961,0.1232442855834961,0.9575852,1.0,0.7658717,8.833558,8.772212,8.8328905,8.756965,8.949943,8.890607,8.954868,8.880209,True,0.4024767801857585,routine automatic scoring,-0.49011024087667465
03::66,test,official_test,source_fit,03,5255b,3.6,91.8,8.5,0.18898223650461357,True,82.89739723205567,83.22860412597657,81.02523937225342,83.07027837038041,7.659376993775368,82.72127153277398,0.17612569928168398,2.7332734e-07,0.26718572,5,False,0.0,11.776741672948917,8.90260276794433,9.078728467226014,-0.17612569928168398,8.010146,7.659377,-0.0050489902,-0.05780244,-0.2879176,entry,entry,True,0.3090667724609375,0.07663345336914062,0.4799812,0.5,0.62521183,8.010146,8.011233,7.969441,7.968444,7.741644,7.7360106,7.672296,7.659377,False,0.5882352941176471,routine automatic scoring,0.17612569928168398
03::70,test,official_test,source_fit,03,307c,3.4,90.75,8.897058823529413,0.39339789623472154,True,89.52785568237304,88.4408878326416,88.6258752822876,89.72035791277885,8.783412143588066,89.59080386459827,0.06294818222522736,2.64199e-08,0.3679666,5,False,0.0,12.713360755503043,1.222144317626956,1.1591961354017286,0.06294818222522736,8.824998,8.783412,0.03955857,0.010252635,-0.09139713,entry,entry,True,0.09409236907958984,0.03730201721191406,0.29636693,0.5,-0.7470223,8.824998,8.8670845,8.837879,8.877504,8.7365675,8.7755165,8.74611,8.783412,False,0.34055727554179566,phase boundary ambiguity,-0.06294818222522736
03::71,test,official_test,source_fit,03,5255b,3.6,102.6,9.499999999999998,0.2439750182371333,True,93.5410068511963,92.54622230529786,95.07446479797363,94.03455283641816,8.687618911266327,93.82628424167633,0.285277390480033,4.078965e-07,0.2619019,5,False,0.0,11.727635744662384,9.058993148803694,8.773715758323661,0.285277390480033,8.6045885,8.687619,-0.0051981607,-0.0053073564,0.09353622,entry,entry,True,0.09484291076660156,0.0017786026000976562,0.93517005,1.0,-0.8200425,8.6045885,8.593531,8.591959,8.592776,8.696582,8.685841,8.687194,8.687619,False,0.4551083591331269,routine automatic scoring,-0.285277390480033
04::6,test,official_test,source_test,04,6243d,3.2,67.2,6.999999999999999,0.408248290463863,True,69.87917633056642,70.64791259765626,71.01252593994141,70.57912831306459,7.3151425421237946,70.22536840438843,0.3461920738220101,7.1226395e-07,0.21438234,5,False,0.0,11.286007139096055,2.6791763305664205,3.0253684043884306,-0.3461920738220101,7.0440626,7.3151426,-0.12329062,0.09139601,0.3029746,entry,entry,True,0.3248291015625,0.3248291015625,0.91734236,0.5,0.89320135,7.0440626,6.930472,7.1367755,6.9903135,7.3234777,7.2267685,7.449838,7.3151426,True,0.3281733746130031,routine automatic scoring,0.3461920738220101
04::7,test,official_test,source_test,04,107b,3.0,72.0,8.0,0.0,True,70.16631317138672,70.30713129043579,70.2247724533081,70.22421462088823,7.79628736525774,70.16658628731966,0.00027311593294143677,9.500566e-08,0.22610152,5,False,0.0,11.394920756623117,1.8336868286132812,1.8334137126803398,0.00027311593294143677,7.35799,7.7962875,0.053606033,0.05498743,0.32970428,entry,entry,True,0.31146907806396484,0.042704105377197266,0.54312915,0.5,0.2645809,7.35799,7.4106555,7.422325,7.4848185,7.702994,7.7535834,7.7446766,7.7962875,False,0.4953560371517028,routine automatic scoring,-0.00027311593294143677
04::8,test,official_test,source_test,04,405b,2.8,51.6,6.142857142857144,0.47559486560567094,True,59.659914207458485,60.51748523712157,58.40578536987304,59.4885160088539,7.0777952298521996,59.45347993075847,0.20643427670001557,4.2552432e-07,0.3043933,5,False,0.0,12.122534698404898,8.059914207458483,7.853479930758468,0.20643427670001557,6.8616505,7.077795,-0.034379244,0.15667582,0.09384799,flight,flight,True,0.14725112915039062,0.03668642044067383,0.8604432,1.0,0.8286176,6.8616505,6.8374243,7.035597,6.9744406,6.953838,6.930544,7.1144814,7.077795,True,0.17956656346749225,routine automatic scoring,-0.20643427670001557
04::9,test,official_test,source_test,04,5253b,3.2,67.2,6.999999999999999,0.28867513459481287,True,59.73952331542969,61.77147216796876,60.50196990966798,63.70469970703126,6.574661999940872,63.11675519943238,3.37723188400269,3.8893304e-06,4.0537316e-16,5,False,0.0,9.29361932298179,7.46047668457031,4.08324480056762,3.37723188400269,6.3632174,6.574662,0.1214753,0.2693728,-0.17940323,flight,flight,True,0.34175825119018555,0.12771368026733398,0.874748,0.5,0.9259308,6.3632174,6.460118,6.568749,6.702376,6.140669,6.232904,6.420068,6.574662,False,0.7956656346749226,routine automatic scoring,-3.37723188400269
04::16,test,official_test,source_test,04,107b,3.0,72.0,8.0,0.0,True,65.0151629447937,65.79771566390991,65.93839645385742,65.60544982552528,7.299044609069824,65.69140148162842,0.6762385368347168,3.6362493e-07,0.4069996,5,False,0.0,13.0761185585822,6.984837055206299,6.308598518371582,0.6762385368347168,6.9814563,7.2990446,0.051084757,0.17611241,0.09039116,flight,flight,True,0.19166183471679688,0.19166183471679688,0.8288081,0.5,-0.14890538,6.9814563,7.034773,7.1427326,7.1838627,7.04777,7.107383,7.2494783,7.2990446,False,0.4024767801857585,routine automatic scoring,-0.6762385368347168
04::34,test,official_test,source_test,04,5253b,3.2,72.0,7.499999999999999,0.34503277967117707,True,66.54714660644532,67.73099212646486,67.47853546142579,67.84125208854677,7.034551747143269,67.53169677257539,0.9845501661300631,7.8638936e-07,0.371203,5,False,0.0,12.743438745915709,5.452853393554676,4.468303227424613,0.9845501661300631,6.933435,7.0345516,-0.056153934,0.21615036,-0.058879774,flight,flight,True,0.24492645263671875,0.03613090515136719,0.07154583,1.0,0.7556412,6.933435,6.8789854,7.124904,7.0706825,6.8559012,6.789625,7.088315,7.0345516,False,0.5386996904024768,phase boundary ambiguity,-0.9845501661300631
04::36,test,official_test,source_test,04,407c,3.2,73.6,7.666666666666665,0.37796447300922725,True,66.43223876953125,67.63039855957032,67.40864410400391,69.00591287612916,7.138322398066521,68.52789502143861,2.095656251907357,2.901665e-07,0.29153052,5,False,0.0,12.002992994326675,7.1677612304687415,5.072104978561384,2.095656251907357,6.891141,7.1383224,-0.10757438,0.3046609,0.05009492,flight,flight,True,0.3346090316772461,0.06865453720092773,0.8653495,1.0,0.86823446,6.891141,6.7770033,7.1684875,7.069668,6.92531,6.8037133,7.2366996,7.1383224,False,0.7089783281733746,routine automatic scoring,-2.095656251907357
04::40,test,official_test,source_test,04,626c,3.3,67.65,6.833333333333335,0.4498677054212186,True,74.75563287734984,75.21293063163756,74.31099128723143,75.64893070757388,7.596419930458069,75.20455731153487,0.4489244341850309,4.5257553e-07,0.25320345,5,False,0.0,11.646795813728133,7.105632877349834,7.5545573115348645,-0.4489244341850309,7.7835608,7.59642,-0.016077122,-0.027047476,-0.14401634,entry,entry,True,0.14467144012451172,0.03223848342895508,0.54366475,0.5,0.98209983,7.7835608,7.7742977,7.7606416,7.7410913,7.639137,7.6286583,7.6203737,7.59642,True,0.3684210526315789,routine automatic scoring,0.4489244341850309
04::47,test,official_test,source_test,04,407c,3.2,40.0,4.166666666666666,0.37796447300922725,True,32.96991119384766,38.33684921264649,40.05505371093751,39.160439300537114,4.089344561100006,39.25770778656006,6.287796592712404,1.8855484e-05,0.58941364,5,False,0.0,14.771405343711118,7.030088806152342,0.7422922134399386,6.287796592712404,4.0821548,4.0893445,6.254514e-05,0.16396315,-0.15683596,flight,entry,False,0.03388500213623047,0.0029540061950683594,0.06757921,0.0,0.68930185,4.0821548,4.0772333,4.4418736,4.450223,4.127269,4.1232295,4.0863905,4.0893445,False,0.9256965944272446,wide prediction interval; teacher-adapter difference; phase boundary ambiguity,-6.287796592712404
04::50,test,official_test,source_test,04,207c,3.3,47.85,4.833333333333334,0.48795003647426666,True,35.22563595771789,40.60762610435485,37.942127466201775,41.75811674594878,4.2263482213020325,41.84084739089012,6.615211433172227,2.4177e-05,0.78319395,5,False,0.0,16.57232571209823,12.62436404228211,6.009152609109883,6.615211433172227,3.862314,4.2263484,0.0013772646,-0.00357004,0.36622718,entry,entry,True,0.3854999542236328,0.0018405914306640625,0.98241055,1.0,-0.78057146,3.862314,3.8646562,3.8395214,3.8408484,4.2106967,4.2092676,4.224508,4.2263484,True,0.9380804953560371,wide prediction interval; teacher-adapter difference; predicted high judge disagreement,-6.615211433172227
04::55,test,official_test,source_test,04,407c,3.2,48.0,4.999999999999999,0.5345224838248488,True,43.738526916503915,47.76389465332032,48.13221588134766,49.611190795898445,5.183029770851135,49.757085800170906,6.018558883666991,5.036382e-06,0.48465675,5,False,0.0,13.797834670537402,4.261473083496085,1.7570858001709055,2.5043872833251797,5.313787,5.1830297,-0.076914154,0.08188716,-0.13573034,entry,flight,False,0.11047172546386719,0.12396240234375,0.9551139,0.0,0.8559035,5.313787,5.2340264,5.351302,5.2935014,5.1505013,5.0590672,5.259394,5.1830297,True,0.913312693498452,teacher-adapter difference,-2.5043872833251797
04::59,test,official_test,source_test,04,5253b,3.2,67.2,6.999999999999999,0.28867513459481287,True,63.39316406250001,64.96993560791016,61.701173400878915,63.54514889717103,6.639304615557194,63.73732430934907,0.3441602468490572,5.0190573e-07,0.50810534,5,False,0.0,14.015756906795174,3.80683593749999,3.462675690650933,0.3441602468490572,6.822476,6.6393046,-0.23919852,0.11129228,-0.055265028,takeoff,takeoff,True,0.24267578125,0.24267578125,0.5668084,0.5,0.8942448,6.822476,6.5742064,6.925584,6.6980057,6.7580986,6.5323763,6.8819804,6.6393046,False,0.631578947368421,wide prediction interval,-0.3441602468490572
04::60,test,official_test,source_test,04,6243d,3.2,72.0,7.499999999999999,0.34503277967117707,True,69.95664367675782,70.71573028564454,71.96090698242189,72.86888723373414,7.477019026875496,71.77938265800478,1.8227389812469568,8.164046e-07,0.35217047,5,False,0.0,12.566557583577497,2.043356323242179,0.2206173419952222,1.8227389812469568,6.934511,7.477019,0.20377493,-0.039726973,0.3784597,entry,entry,True,0.4065737724304199,0.21873760223388672,0.95031106,1.0,-0.1601889,6.934511,7.121889,6.8485956,7.070445,7.2834225,7.4719915,7.258281,7.477019,False,0.6780185758513931,routine automatic scoring,-1.8227389812469568
04::63,test,official_test,source_test,04,626c,3.3,46.2,4.666666666666668,1.0177004891982149,True,39.25117893218994,44.131662082672115,42.88676948547363,47.01141681075095,4.745788812637329,46.98330924510955,7.732130312919615,0.00011171086,0.75259286,5,False,0.0,16.28793088437245,6.948821067810066,0.7833092451095496,6.165511822700516,4.5142016,4.7457886,0.04227082,0.039030235,0.15028588,entry,entry,True,0.10781431198120117,0.10781431198120117,0.88055557,0.5,-0.91410625,4.5142016,4.547987,4.5473437,4.6379743,4.688437,4.7193923,4.7135544,4.7457886,True,0.9876160990712074,wide prediction interval; teacher-adapter difference,-6.165511822700516
04::66,test,official_test,source_test,04,207c,3.3,39.6,4.000000000000001,0.408248290463863,True,39.484782171249385,44.33616228103637,44.81459455490111,46.02786444425582,4.705587148666382,46.58531277179717,7.100530600547785,1.4493608e-05,0.49463993,5,False,0.0,13.890614563244643,0.11521782875061604,6.985312771797169,-6.870094943046553,5.1000714,4.7055874,-0.013497512,-0.11238185,-0.26860467,entry,entry,True,0.21041154861450195,0.08108091354370117,0.40258545,0.5,0.85887456,5.1000714,5.1022863,4.9608035,4.915999,4.7776885,4.7866683,4.7303824,4.7055874,True,0.9566563467492261,teacher-adapter difference,6.870094943046553
04::67,test,official_test,source_test,04,407c,3.2,57.6,5.999999999999999,0.34503277967117707,True,61.481909179687506,63.29678649902345,63.41661987304688,63.12915973663331,6.573840439319611,63.10886821746827,1.6269590377807646,2.3006763e-07,0.30461177,5,False,0.0,12.124565176025763,3.8819091796875043,5.508868217468269,-1.6269590377807646,6.621033,6.5738406,-0.0779442,0.058137733,-0.027386108,takeoff,takeoff,True,0.11147212982177734,0.018196582794189453,-0.16829114,0.0,0.8975368,6.621033,6.573525,6.71602,6.612843,6.6021714,6.555644,6.6853127,6.5738406,False,0.653250773993808,phase boundary ambiguity,1.6269590377807646
04::68,test,official_test,source_test,04,207c,3.3,62.7,6.333333333333335,0.5563486402641867,True,48.44177284240722,52.17728147506713,53.18829231262206,54.41427973508834,5.584277153015137,55.28434381484985,6.84257097244263,3.2301596e-05,0.6677068,5,False,0.0,15.499032026179103,14.258227157592785,7.415656185150155,6.84257097244263,5.9234633,5.584277,-0.009398222,0.09045577,-0.42024374,entry,entry,True,0.40215206146240234,0.1026611328125,0.9966543,1.0,0.9951184,5.9234633,5.9267282,6.0003643,5.986429,5.4837785,5.481616,5.607688,5.584277,True,0.9442724458204335,wide prediction interval; teacher-adapter difference; predicted high judge disagreement,-6.84257097244263
04::69,test,official_test,source_test,04,405b,2.8,64.4,7.666666666666669,0.4498677054212186,True,58.26405715942382,59.29552402496337,58.957453536987295,58.9937767356634,7.0080768167972565,58.867845261096946,0.6037881016731248,4.407268e-07,0.33204123,5,False,0.0,12.37948414924772,6.135942840576185,5.53215473890306,0.6037881016731248,7.1390257,7.0080767,0.036091488,0.06911603,-0.23615654,entry,entry,True,0.2321181297302246,0.2321181297302246,0.99585676,1.0,-0.026218256,7.1390257,7.1697187,7.199834,7.240195,6.8981533,6.93133,6.967264,7.0080767,True,0.4241486068111455,routine automatic scoring,-0.6037881016731248
04::70,test,official_test,source_test,04,6243d,3.2,52.8,5.499999999999999,0.5345224838248488,True,36.146076965332036,41.117321777343754,46.202160644531254,44.16474151611329,4.56563276052475,43.83007450103761,7.683997535705572,0.00014619097,0.4356988,5,False,0.0,13.342838176943223,16.65392303466796,8.96992549896239,7.683997535705572,5.2223086,4.565633,0.19541931,0.46366382,-1.315759,entry,entry,True,1.6557250022888184,0.10551118850708008,0.98368096,1.0,0.95318544,5.2223086,5.5140586,5.8999414,6.221358,4.2529383,4.3095155,4.4601216,4.565633,True,0.9907120743034056,teacher-adapter difference; predicted high judge disagreement,-7.683997535705572
04::74,test,official_test,source_test,04,407c,3.2,78.4,8.166666666666666,0.2672612419124244,True,77.62031250000001,77.42464599609376,76.60088195800782,77.50920875072481,8.055848591029644,77.3361464738846,0.28416602611541464,3.4808284e-08,0.1567631,5,False,0.0,10.750515959466604,0.7796874999999943,1.063853526115409,-0.28416602611541464,8.296651,8.055848,-0.001303037,-0.052601654,-0.18689807,entry,entry,True,0.19353866577148438,0.05666637420654297,0.31090167,0.5,0.61694884,8.296651,8.2923765,8.248,8.249387,8.11628,8.1125145,8.054294,8.055848,False,0.32507739938080493,phase boundary ambiguity,0.28416602611541464
04::78,test,official_test,source_test,04,207c,3.3,24.75,2.5000000000000004,0.6900655593423543,True,31.913783097267146,37.70836844444274,33.82591187953948,36.0711276769638,3.663673758506775,36.27037020921706,4.356587111949917,1.2064892e-05,0.42195514,5,False,0.0,13.215109751064771,7.163783097267146,11.520370209217063,-4.356587111949917,4.2522607,3.6636739,-0.0060144267,0.015958825,-0.5985312,entry,entry,True,0.6191797256469727,0.0060956478118896484,0.99579686,1.0,0.998,4.2522607,4.2337375,4.2921476,4.2828536,3.6762516,3.6697695,3.6553059,3.6636739,True,0.8854489164086687,teacher-adapter difference; predicted high judge disagreement,4.356587111949917
04::95,test,official_test,source_test,04,407c,3.2,81.6,8.499999999999998,0.2439750182371333,True,76.53408508300782,76.47374725341798,75.65886383056642,75.72758331298829,7.927325390279293,76.10232374668122,0.43176133632660196,3.4245428e-08,0.48106435,5,False,0.0,13.764448256283345,5.0659149169921704,5.497676253318772,-0.43176133632660196,7.6793027,7.9273252,-0.077907406,0.026708046,0.2992219,entry,entry,True,0.29347991943359375,0.29347991943359375,0.96335393,1.0,0.9895287,7.6793027,7.6102624,7.7214007,7.6338453,7.9851522,7.9151216,8.013214,7.9273252,False,0.6934984520123839,routine automatic scoring,0.43176133632660196
04::96,test,official_test,source_test,04,6142d,3.1,65.1,6.999999999999999,0.28867513459481287,True,78.77211112976075,78.13688335418702,78.77211112976075,78.77211112976075,8.47011947631836,78.77211112976075,0.0,2.55004e-06,0.083278604,2,True,0.0,10.067578964929776,13.67211112976075,13.67211112976075,0.0,,,,,,open_set,open_set,False,,,,,,,,,,,,,,False,0.804953560371517,insufficient similar references; phase boundary ambiguity; predicted high judge disagreement,0.0
04::98,test,official_test,source_test,04,305c,2.7,60.75,7.499999999999999,0.34503277967117707,True,67.79021673202516,67.33883571624757,67.79173851013185,67.62884754091502,8.372607678174973,67.81812219321729,0.027905461192133885,3.756938e-06,0.49735716,5,False,0.0,13.9158674342148,7.040216732025158,7.068122193217292,-0.027905461192133885,7.842845,8.372607,0.11675533,0.051884014,0.36112294,entry,entry,True,0.3650979995727539,0.3650979995727539,0.24553353,0.5,0.9992864,7.842845,7.9606,7.893512,8.007509,8.1980915,8.321407,8.258753,8.372607,False,0.7678018575851393,wide prediction interval; phase boundary ambiguity,0.027905461192133885
04::100,test,official_test,source_test,04,407c,3.2,76.8,7.999999999999998,0.18898223650461357,True,73.61890411376955,73.92174224853517,75.91717071533205,74.87884769439698,7.758447639644146,74.48109734058382,0.86219322681427,8.280339e-08,0.4535596,5,False,0.0,13.50882965320594,3.1810958862304517,2.3189026594161817,0.86219322681427,7.3206053,7.7584476,0.00018318494,0.22100551,0.21665366,flight,flight,True,0.22564363479614258,0.22564363479614258,0.98462343,0.5,0.14837326,7.3206053,7.3267183,7.5399423,7.5364676,7.534902,7.532804,7.7612247,7.7584476,False,0.4520123839009288,routine automatic scoring,-0.86219322681427
04::101,test,official_test,source_test,04,407c,3.2,70.4,7.333333333333333,0.2672612419124244,True,74.12890777587891,74.36820831298829,76.72496795654298,74.53502397537233,7.751842886209488,74.4176917076111,0.2887839317321834,4.8372904e-08,0.28056172,5,False,0.0,11.901053102181814,3.728907775878909,4.0176917076110925,-0.2887839317321834,7.544242,7.751843,-0.0817047,0.14600055,0.14330523,flight,entry,False,0.12470340728759766,0.10177373886108398,0.9603925,1.0,0.98704076,7.544242,7.4840064,7.7129397,7.605023,7.6854324,7.6271396,7.8536167,7.751843,False,0.21362229102167182,routine automatic scoring,0.2887839317321834
04::103,test,official_test,source_test,04,305b,3.0,63.8,7.088888888888889,0.7319250547113999,True,63.77116298675537,64.70869588851929,63.866477966308594,64.35704521089792,7.17177227139473,64.54595044255257,0.7747874557971954,7.9436967e-07,0.18850856,5,False,0.0,11.045546075000965,0.028837013244626064,0.7459504425525694,-0.7171134293079433,7.0948243,7.1717725,0.059541862,0.06746093,-0.05005463,flight,flight,True,0.08810186386108398,0.0652475357055664,0.52514255,1.0,0.86912525,7.0948243,7.152349,7.145333,7.2039995,7.0306306,7.0836706,7.106525,7.1717725,True,0.5015479876160991,routine automatic scoring,0.7171134293079433
04::111,test,official_test,source_test,04,107b,3.0,72.0,8.0,0.0,True,76.37921047210693,75.74602031707764,75.88805294036865,75.74809902906418,8.42314600199461,75.80831401795149,0.5708964541554451,1.5805058e-07,0.19774623,5,False,0.0,11.131397527156318,4.379210472106934,3.8083140179514885,0.5708964541554451,8.218615,8.423146,-0.016191402,0.34023675,-0.11951367,flight,flight,True,0.4448251724243164,0.03342151641845703,0.18075211,0.5,0.883443,8.218615,8.168744,8.43762,8.456568,7.996366,7.978321,8.422301,8.423146,False,0.4674922600619195,phase boundary ambiguity,-0.5708964541554451
04::113,test,official_test,source_test,04,5253b,3.2,67.2,6.999999999999999,0.24397501823713333,True,63.82258300781251,65.34586029052736,64.01322784423829,65.81913871765137,6.839388340711594,65.65812807083131,1.8355450630187988,1.0314518e-06,0.22911394,5,False,0.0,11.422917029698667,3.3774169921874915,1.5418719291686926,1.8355450630187988,6.898389,6.8393884,0.030938545,0.012497346,-0.102436386,entry,entry,True,0.09160757064819336,0.02333688735961914,0.69764036,0.5,0.96274626,6.898389,6.9391375,6.917722,6.930996,6.787332,6.8315187,6.8160515,6.8393884,False,0.6873065015479877,routine automatic scoring,-1.8355450630187988
04::114,test,official_test,source_test,04,5253b,3.2,67.2,6.999999999999999,0.28867513459481287,True,79.85159912109376,79.37796020507814,79.8056396484375,79.28648529052735,8.27969241887331,79.48504722118379,0.3665518999099646,7.5638974e-07,0.4032578,5,False,0.0,13.041343686503373,12.651599121093753,12.285047221183788,0.3665518999099646,8.339047,8.279693,-0.029025078,0.23680735,-0.26713705,entry,entry,True,0.2777099609375,0.027138710021972656,0.86251825,0.5,0.8435104,8.339047,8.310077,8.584858,8.557403,8.084424,8.049948,8.306831,8.279693,False,0.42105263157894735,routine automatic scoring,-0.3665518999099646
04::117,test,official_test,source_test,04,5253b,3.2,43.2,4.5,0.34503277967117707,True,39.25592651367188,43.83974304199219,46.819239807128916,47.512209320068365,4.943803250789642,47.46051120758057,8.204584693908693,0.00010172214,0.9669432,5,False,0.0,18.280021371646725,3.944073486328122,4.260511207580571,-0.3164377212524485,5.236981,4.9438033,0.041941404,0.22000313,-0.55512214,entry,entry,True,0.6595377922058105,0.6595377922058105,0.9879677,1.0,0.98889637,5.236981,5.274241,5.4906454,5.603341,4.761463,4.782273,4.921992,4.9438033,False,0.9907120743034056,wide prediction interval; teacher-adapter difference; predicted high judge disagreement,0.3164377212524485
04::126,test,official_test,source_test,04,5253b,3.2,72.0,7.499999999999999,0.2439750182371333,True,75.4816131591797,75.55239257812501,75.95908355712892,75.32654864788057,7.841374464333057,75.27719485759737,0.20441830158233643,1.4004947e-07,0.26840618,5,False,0.0,11.788084207327529,3.4816131591797017,3.2771948575973653,0.20441830158233643,8.084088,7.8413744,-0.05811898,0.067340456,-0.2519354,entry,entry,True,0.33339881896972656,0.33339881896972656,0.88342166,1.0,0.9167607,8.084088,8.027771,8.2297535,8.174773,7.9145527,7.8514223,7.9003587,7.8413744,False,0.34365325077399383,routine automatic scoring,-0.20441830158233643
04::129,test,official_test,source_test,04,5253b,3.2,48.0,4.999999999999999,0.34503277967117707,True,45.145289611816416,48.99540252685548,53.71742248535157,51.52597904205323,5.3994269371032715,51.834498596191416,6.689208984375,3.0986892e-05,0.28586113,5,False,0.0,11.950303886531055,2.854710388183584,3.834498596191416,-0.9797882080078324,5.49495,5.399427,-0.070340395,0.29752445,-0.32270694,entry,entry,True,0.34180641174316406,0.0635685920715332,0.98719746,1.0,0.9836043,5.49495,5.4368668,5.8410616,5.7412333,5.2103715,5.1314607,5.4629955,5.399427,False,0.9535603715170279,teacher-adapter difference,0.9797882080078324
05::4,test,official_test,source_fit,05,107b,3.0,70.5,7.833333333333333,0.2672612419124244,True,66.64552974700928,67.22497272491455,65.9691710472107,67.87859608232975,7.493666380643845,67.4429974257946,0.7974676787853241,5.0192934e-08,0.4237275,5,False,0.0,13.231581519526147,3.8544702529907227,3.0570025742053986,0.7974676787853241,7.439941,7.493666,0.10512439,0.089390434,-0.14078958,entry,entry,True,0.12488985061645508,0.1217508316040039,0.8644695,0.5,0.8346503,7.439941,7.552025,7.507023,7.618556,7.2933035,7.3719153,7.3854494,7.493666,False,0.43962848297213625,routine automatic scoring,-0.7974676787853241
05::7,test,official_test,source_fit,05,107b,3.0,58.5,6.5,0.39339789623472154,True,51.7119255065918,54.15181303024292,54.87452030181885,55.36839008331299,6.151069015264511,55.3596211373806,3.647695630788803,3.2538352e-07,0.2686099,5,False,0.0,11.789977584085982,6.788074493408203,3.1403788626194,3.647695630788803,6.2450366,6.151069,0.020415625,0.15947898,-0.27386203,entry,entry,True,0.31068849563598633,0.2091836929321289,0.98398954,1.0,0.8593688,6.2450366,6.200508,6.331336,6.4617577,5.984526,5.9418855,6.0891843,6.151069,False,0.8018575851393189,teacher-adapter difference,-3.647695630788803
05::13,test,official_test,source_fit,05,107b,3.0,69.0,7.666666666666667,0.4755948656056709,True,68.78290700912476,69.09607315063477,68.65329837799072,68.42855715751648,7.632199630141258,68.68979667127132,0.0931103378534317,9.811606e-08,0.43767214,5,False,0.0,13.361177563819208,0.21709299087524414,0.31020332872867584,-0.0931103378534317,7.9507933,7.6322,0.06151271,-0.02687502,-0.3532312,entry,entry,True,0.36312007904052734,0.03805398941040039,0.57196003,0.5,0.07446999,7.9507933,8.029553,7.9364786,7.99532,7.6088324,7.6702538,7.586553,7.6322,True,0.7616099071207431,routine automatic scoring,0.0931103378534317
05::14,test,official_test,source_fit,05,107b,3.0,73.5,8.166666666666666,0.2672612419124244,True,74.8231086730957,74.38377571105957,74.55311107635498,74.13759599626064,8.255006067454815,74.29505460709333,0.5280540660023689,8.158178e-08,0.30938402,5,False,0.0,12.168916612586782,1.3231086730957031,0.7950546070933342,0.5280540660023689,8.436113,8.255006,-0.067939915,0.019142946,-0.13231055,entry,entry,True,0.1572427749633789,0.1572427749633789,0.8502688,0.5,-0.72426146,8.436113,8.389073,8.474198,8.412249,8.323829,8.259711,8.348752,8.255006,False,0.38699690402476783,routine automatic scoring,-0.5280540660023689
05::16,test,official_test,source_fit,05,405b,2.8,58.8,7.000000000000001,0.408248290463863,True,62.56836662292479,63.06359825134276,64.32879409790038,62.33212999105452,7.428482584655285,62.399253711104386,0.169112911820406,1.10146736e-07,0.2629858,5,False,0.0,11.737709195906525,3.7683666229247947,3.5992537111043887,0.169112911820406,7.255696,7.4284825,-0.07414905,0.17513616,0.0717996,flight,flight,True,0.15865087509155273,0.15865087509155273,0.96311843,1.0,0.45624557,7.255696,7.194451,7.448993,7.3618684,7.334357,7.2698317,7.5138597,7.4284825,True,0.14551083591331268,routine automatic scoring,-0.169112911820406
05::18,test,official_test,source_fit,05,107b,3.0,73.5,8.166666666666666,0.3779644730092272,True,74.47555446624756,74.07952308654785,74.46227645874023,73.53655587136745,8.19673027843237,73.77057250589132,0.7049819603562355,2.0130125e-07,0.31009516,5,False,0.0,12.17552570506926,0.9755544662475586,0.2705725058913231,0.7049819603562355,8.3162985,8.196731,0.000112215675,-0.010096868,-0.10958322,entry,entry,True,0.10408210754394531,0.009036064147949219,0.612097,0.5,0.32769844,8.3162985,8.32768,8.311999,8.300813,8.203335,8.210505,8.205767,8.196731,False,0.5882352941176471,routine automatic scoring,-0.7049819603562355
05::21,test,official_test,source_fit,05,6243d,3.2,72.0,7.499999999999999,0.24397501823713327,True,68.20474548339845,69.18208465576173,68.52490539550783,69.7009454727173,7.175745904445648,68.88716068267823,0.6824151992797738,6.1923515e-07,0.19766589,5,False,0.0,11.130650812156203,3.7952545166015454,3.1128393173217717,0.6824151992797738,6.598806,7.175746,0.06350875,0.040583372,0.47284794,entry,entry,True,0.4760417938232422,0.04593467712402344,0.9775026,1.0,-0.81468093,6.598806,6.6650686,6.6351757,6.699704,7.0695977,7.1298113,7.1138535,7.175746,False,0.6037151702786377,routine automatic scoring,-0.6824151992797738
05::22,test,official_test,source_fit,05,407c,3.2,67.2,6.999999999999999,0.5345224838248488,True,75.92899475097657,75.94404144287111,75.87685546875001,76.2288988351822,7.937867484986782,76.20352785587312,0.27453310489654825,1.9723632e-07,0.33013907,5,False,0.0,12.361806170168572,8.728994750976568,9.003527855873116,-0.27453310489654825,7.5089936,7.9378676,0.0056829453,0.07164788,0.3515432,entry,entry,True,0.3747868537902832,0.0012164115905761719,0.99340063,1.0,0.97829545,7.5089936,7.5167837,7.5646853,7.563081,7.8349338,7.852623,7.936651,7.9378676,True,0.6501547987616099,routine automatic scoring,0.27453310489654825
05::25,test,official_test,source_fit,05,205b,2.9,49.3,5.666666666666667,0.2672612419124244,True,36.7945990562439,40.79683170318603,39.83057942390442,41.06071568727493,4.806790232658386,41.819075024127955,5.024475967884058,9.469451e-06,0.3993084,5,False,0.0,13.004639708350435,12.5054009437561,7.480924975872043,5.024475967884058,4.88263,4.8067904,0.010051568,0.0824612,-0.16835229,entry,entry,True,0.18842220306396484,0.0707087516784668,0.9626974,1.0,0.986098,4.88263,4.9001336,4.9797506,4.9952126,4.7372546,4.7360816,4.801284,4.8067904,False,0.8544891640866873,teacher-adapter difference,-5.024475967884058
05::26,test,official_test,source_fit,05,407c,3.2,64.0,6.666666666666666,0.37796447300922725,True,65.55612945556642,66.86343841552736,69.11800689697267,69.86867694854737,7.154276341199875,68.68105287551882,3.1249234199523954,2.536808e-07,0.52486753,5,False,0.0,14.171538384894216,1.5561294555664205,4.681052875518816,-3.1249234199523954,6.385338,7.1542764,0.024866423,0.21180756,0.53226453,entry,entry,True,0.5494074821472168,0.5494074821472168,0.9592028,1.0,0.12594804,6.385338,6.4159203,6.591345,6.604869,6.901111,6.9360166,7.1344743,7.1542764,False,0.8421052631578947,wide prediction interval; predicted high judge disagreement,3.1249234199523954
05::32,test,official_test,source_fit,05,6243d,3.2,64.0,6.666666666666666,0.2672612419124244,True,76.00035552978517,76.00650787353517,76.66866760253907,76.45631818771363,7.929544143378735,76.12362377643586,0.1232682466506958,2.2822972e-07,0.1216911,5,False,0.0,10.42457008415882,12.000355529785168,12.123623776435863,-0.1232682466506958,7.9409866,7.929544,0.025557915,-0.0364569,-0.0005436738,flight,flight,True,0.05856466293334961,0.05856466293334961,-0.10739247,1.0,0.41701308,7.9409866,7.970858,7.9269137,7.947269,7.9579005,7.9881086,7.9080234,7.929544,False,0.19814241486068113,phase boundary ambiguity,0.1232682466506958
05::35,test,official_test,source_fit,05,205b,2.9,75.4,8.666666666666668,0.2672612419124244,True,74.09041786193848,73.44629116058348,73.58428630828857,73.45454508662223,8.459555171430111,73.59812999144197,0.49228787049651146,2.9794234e-07,0.37355047,5,False,0.0,12.765255232239562,1.3095821380615291,1.8018700085580406,-0.49228787049651146,8.365084,8.459556,-0.05558316,0.049494583,0.10056051,entry,entry,True,0.09296321868896484,0.09296321868896484,0.36703673,0.5,0.9893674,8.365084,8.301398,8.4237995,8.366592,8.474496,8.418028,8.505782,8.459556,False,0.33126934984520123,routine automatic scoring,0.49228787049651146
05::44,test,official_test,source_fit,05,205b,2.9,56.55,6.5,0.34503277967117707,True,61.38789067268371,62.326260995864864,61.565574359893795,61.360400813072914,7.047214515507221,61.310766284912816,0.07712438777089403,1.4043144e-07,0.19792666,5,False,0.0,11.13307431224931,4.837890672683713,4.760766284912819,0.07712438777089403,7.170392,7.0472145,-0.082545124,0.038465183,-0.07909759,takeoff,entry,False,0.07567358016967773,0.08688497543334961,0.5148091,0.0,0.62265164,7.170392,7.087129,7.198589,7.1340995,7.1052356,6.992327,7.122888,7.0472145,False,0.1238390092879257,routine automatic scoring,-0.07712438777089403
05::51,test,official_test,source_fit,05,6243d,3.2,76.8,7.999999999999998,0.0,True,78.51007690429688,78.20356750488283,80.17806701660157,78.69292895793916,8.19075969606638,78.63129308223725,0.12121617794036865,4.3123572e-07,0.31004077,5,False,0.0,12.175020232192697,1.7100769042968835,1.8312930822372522,-0.12121617794036865,8.35551,8.19076,-0.117966495,-0.0014580091,-0.045325596,takeoff,takeoff,True,0.10364437103271484,0.10364437103271484,0.7877688,0.5,-0.7530744,8.35551,8.223737,8.336059,8.23704,8.311654,8.173709,8.294404,8.19076,False,0.32507739938080493,routine automatic scoring,0.12121617794036865
05::55,test,official_test,source_fit,05,207c,3.3,41.25,4.166666666666667,0.4498677054212186,True,29.74148540496826,35.80669834613799,35.72829008102416,33.89254084825515,3.438476711511612,34.04091944396495,4.299434038996694,3.536646e-05,0.38952503,5,False,0.0,12.91371663217167,11.508514595031741,7.2090805560350475,4.299434038996694,3.2241843,3.4384768,0.0075761876,-0.026069919,0.23278625,entry,entry,True,0.2051863670349121,0.04953145980834961,0.98929024,1.0,-0.9880514,3.2241843,3.240228,3.222881,3.2332904,3.4858756,3.4880083,3.438063,3.4384768,True,0.8452012383900929,teacher-adapter difference,-4.299434038996694
05::58,test,official_test,source_fit,05,6142d,3.1,65.1,6.999999999999999,0.24397501823713327,True,70.84413642883301,71.19658398628235,69.79403100013734,71.48467794656754,7.651669077575207,71.16052242144943,0.31638599261641787,6.68871e-06,0.28465277,3,False,0.0,11.939073802556763,5.744136428833016,6.060522421449434,-0.31638599261641787,8.271276,7.651669,-0.064436994,-0.04353102,-0.5116394,entry,entry,True,0.5179791450500488,0.5179791450500488,0.9972263,1.0,1.0,8.271276,8.227711,8.246309,8.169648,7.765807,7.7139335,7.737147,7.651669,False,0.6904024767801857,routine automatic scoring,0.31638599261641787
05::66,test,official_test,source_fit,05,407c,3.2,67.2,6.999999999999999,0.28867513459481287,True,72.98772125244142,73.36919403076173,72.36127166748048,72.2915864467621,7.531152196228504,72.29906108379365,0.6886601686477718,1.7893375e-07,8.881784e-16,5,False,0.0,9.293619322981796,5.787721252441415,5.099061083793643,0.6886601686477718,7.370499,7.5311522,-0.10123476,0.025583664,0.23630421,entry,entry,True,0.23955678939819336,0.23955678939819336,0.99402696,1.0,0.9605556,7.370499,7.2534676,7.3960905,7.2915955,7.604293,7.504834,7.615848,7.5311522,False,0.5170278637770898,routine automatic scoring,-0.6886601686477718
05::75,test,official_test,source_fit,05,205b,2.9,56.55,6.5,0.24397501823713333,True,46.835090160369866,49.58646383285522,50.951729679107665,51.26888174414634,5.896610796451569,51.30051392912864,4.465423768758775,1.2121234e-06,0.4659155,5,False,0.0,13.623660627046046,9.714909839630131,5.249486070871356,4.465423768758775,5.3358455,5.8966107,0.017675638,0.07857895,0.46451068,entry,entry,True,0.4859433174133301,0.04997444152832031,0.9934194,1.0,0.9871181,5.3358455,5.3333893,5.397032,5.4106674,5.7910905,5.788472,5.8466363,5.8966107,False,0.8328173374613003,teacher-adapter difference; predicted high judge disagreement,-4.465423768758775
05::85,test,official_test,source_fit,05,5253b,3.2,56.0,5.833333333333332,0.408248290463863,True,59.95373840332032,61.95899963378907,60.38323516845704,62.56083869934083,6.495963960886002,62.36125402450563,2.407515621185304,1.65008e-06,0.18708278,5,False,0.0,11.032295484377624,3.9537384033203224,6.361254024505627,-2.407515621185304,6.3207693,6.495964,-0.018115044,0.18498564,0.008324146,flight,flight,True,0.22710514068603516,0.014050006866455078,0.7491243,1.0,0.4279548,6.3207693,6.3063307,6.471377,6.455336,6.304531,6.268859,6.510014,6.495964,True,0.7337461300309598,routine automatic scoring,2.407515621185304
05::87,test,official_test,source_fit,05,5253b,3.2,76.8,7.999999999999998,0.2439750182371333,True,79.86605529785157,79.39061279296877,80.5022918701172,79.57931199073792,8.299982391297817,79.67983095645906,0.1862243413925171,1.7039143e-07,0.36248347,5,False,0.0,12.662402719202499,3.0660552978515767,2.8798309564590596,0.1862243413925171,8.43417,8.299982,-0.008928935,0.00077517825,-0.12603395,entry,entry,True,0.12903785705566406,0.013988494873046875,0.7369793,0.5,-0.9748397,8.43417,8.4287815,8.437434,8.42902,8.309621,8.303215,8.313971,8.299982,False,0.653250773993808,routine automatic scoring,-0.1862243413925171
05::89,test,official_test,source_fit,05,5253b,3.2,72.0,7.499999999999999,0.24397501823713333,True,70.19569244384766,70.9249969482422,69.44084014892579,70.02718806266786,7.28154081851244,69.90279185771944,0.29290058612822634,1.1917834e-07,0.16255549,5,False,0.0,10.804348128391853,1.804307556152338,2.0972081422805644,-0.29290058612822634,7.127702,7.281541,0.039919216,-0.021372477,0.13529189,entry,entry,True,0.19129085540771484,0.038392066955566406,0.98356944,1.0,0.95267284,7.127702,7.1670885,7.0476108,7.09025,7.204935,7.2462544,7.243149,7.281541,False,0.32507739938080493,routine automatic scoring,0.29290058612822634
05::90,test,official_test,source_fit,05,5253b,3.2,84.8,8.833333333333332,0.2672612419124244,True,80.84785766601564,80.25010986328127,81.48363647460938,80.12806191444398,8.374433852732182,80.39456498622896,0.45329267978668497,3.0170028e-07,0.36251718,5,False,0.0,12.662715973900248,3.952142333984355,4.40543501377104,-0.45329267978668497,8.449037,8.3744335,-0.052574318,-0.01598517,-0.006043593,takeoff,takeoff,True,0.05254650115966797,0.00678253173828125,0.41060486,0.0,0.0791945,8.449037,8.396072,8.431995,8.381216,8.44337,8.389725,8.42698,8.3744335,False,0.3560371517027864,routine automatic scoring,0.45329267978668497
06::1,test,official_test,source_fit,06,107b,3.0,70.5,7.833333333333333,0.37796447300922725,True,59.16526937484741,60.676610469818115,56.62322187423706,62.08264669775963,6.76690274477005,60.90212470293045,1.7368553280830383,1.5287604e-07,0.33719498,5,False,0.0,12.427381097202094,11.334730625152588,9.59787529706955,1.7368553280830383,6.6863546,6.766903,0.4459487,-0.20401876,-0.16138165,takeoff,takeoff,True,0.6658220291137695,0.0335845947265625,0.5226977,0.0,0.8382442,6.6863546,6.9352865,6.3347583,7.038198,6.657743,6.8004875,6.101081,6.766903,False,0.6718266253869969,routine automatic scoring,-1.7368553280830383
06::9,test,official_test,source_fit,06,107b,3.0,78.0,8.666666666666666,0.3779644730092272,True,72.71478080749512,72.53810691833496,73.15510940551758,71.17760641872883,7.9620093777775764,71.65808439999819,1.0566964074969292,6.8533865e-08,0.31973302,5,False,0.0,12.265096329710353,5.285219192504883,6.341915600001812,-1.0566964074969292,8.106376,7.9620094,-0.018672546,-0.076968275,-0.048725445,flight,takeoff,False,0.024951457977294922,0.1127328872680664,0.4719582,0.5,-0.07224088,8.106376,7.9855886,7.9567785,8.000873,8.077079,7.937058,7.8492765,7.9620094,False,0.5479876160990712,routine automatic scoring,1.0566964074969292
06::12,test,official_test,source_fit,06,107b,3.0,85.5,9.5,0.34503277967117707,True,68.67818927764893,69.00440168380737,71.67469310760498,67.45562674105167,7.572296135127544,68.1506652161479,0.5275240615010262,1.9968023e-07,0.4440779,5,False,0.0,13.420710358906318,16.821810722351074,17.3493347838521,-0.5275240615010262,7.857934,7.572296,-0.24691804,0.011018674,-0.049738485,takeoff,takeoff,True,0.2739076614379883,0.2739076614379883,0.7721006,1.0,0.4378376,7.857934,7.603562,7.846912,7.642226,7.7939434,7.5736804,7.846204,7.572296,False,0.6780185758513931,routine automatic scoring,0.5275240615010262
06::13,test,official_test,source_fit,06,407c,3.2,72.0,7.499999999999999,0.34503277967117707,True,67.46901855468751,68.53801574707032,69.3124740600586,69.17217192649842,7.130322456359863,68.4510955810547,0.9820770263671932,6.068369e-08,0.22377475,5,False,0.0,11.373296626963798,4.5309814453124915,3.5489044189452983,0.9820770263671932,7.348009,7.1303225,-0.034762066,0.06314882,-0.24607341,entry,entry,True,0.23642349243164062,0.06761312484741211,0.9959021,1.0,-0.90822613,7.348009,7.307499,7.40364,7.366746,7.089232,7.0627093,7.16239,7.1303225,False,0.5479876160990712,routine automatic scoring,-0.9820770263671932
06::18,test,official_test,source_fit,06,5253b,3.2,76.8,7.999999999999998,0.24397501823713333,True,81.40956115722658,80.74183044433595,81.14503784179689,81.42231523990633,8.479503184556961,81.40323057174683,0.006330585479744855,9.2198235e-07,0.32658225,5,False,0.0,12.328750459812936,4.6095611572265796,4.603230571746835,0.006330585479744855,8.481767,8.479504,0.013703664,-0.058896225,0.04292949,flight,flight,True,0.06162452697753906,0.043358802795410156,-0.098118514,0.5,0.7230568,8.481767,8.496463,8.424554,8.436145,8.523222,8.541128,8.467837,8.479504,False,0.13003095975232198,phase boundary ambiguity,-0.006330585479744855
06::19,test,official_test,source_fit,06,207c,3.3,61.05,6.166666666666667,0.37796447300922725,True,54.89521279335021,57.8267457962036,58.5329134941101,60.519095116853705,6.050999820232391,59.904898220300666,5.009685426950455,5.301454e-06,0.3262758,5,False,0.0,12.325902362503518,6.154787206649786,1.1451017796993312,5.009685426950455,5.76145,6.0509996,0.11743943,0.2277321,-0.055621702,flight,flight,True,0.32127857208251953,0.16822004318237305,0.8371397,0.5,0.9892305,5.76145,5.8540335,5.9215603,6.031711,5.6568427,5.729721,5.8827796,6.0509996,False,0.8544891640866873,teacher-adapter difference,-5.009685426950455
06::21,test,official_test,source_fit,06,6243d,3.2,72.0,7.499999999999999,0.24397501823713333,True,80.58997192382813,80.02434082031252,81.82535705566407,81.85543069839478,8.485631182789803,81.46205935478211,0.8720874309539823,3.3792702e-07,0.3040716,5,False,0.0,12.119545068690044,8.58997192382813,9.462059354782113,-0.8720874309539823,8.386197,8.485631,0.0021117528,-0.010574977,0.107897125,entry,entry,True,0.1084909439086914,0.1084909439086914,0.9426885,1.0,0.027034959,8.386197,8.388084,8.376752,8.37714,8.492986,8.49785,8.483809,8.485631,False,0.5232198142414861,routine automatic scoring,0.8720874309539823
06::22,test,official_test,source_fit,06,407c,3.2,83.2,8.666666666666666,0.2672612419124244,True,78.07470703125001,77.82244262695313,79.84834899902344,78.68166139125825,8.188128188252449,78.60603060722352,0.5313235759735022,1.4485416e-07,0.36037734,5,False,0.0,12.642829147593384,5.125292968749989,4.593969392776486,0.5313235759735022,8.46852,8.188128,0.040861923,-0.047777336,-0.27347627,entry,entry,True,0.26424694061279297,0.045482635498046875,0.9894164,1.0,0.61887324,8.46852,8.506587,8.414643,8.452375,8.18764,8.227981,8.142646,8.188128,False,0.5851393188854489,routine automatic scoring,-0.5313235759735022
06::23,test,official_test,source_fit,06,207c,3.3,80.85,8.166666666666668,0.4498677054212186,True,80.05852317810057,79.85517482757567,79.68311519622802,79.46192471086978,8.024962075054646,79.44712454304099,0.6113986350595866,3.352611e-07,0.069361225,5,False,0.0,9.938236141775015,0.7914768218994226,1.4028754569590092,-0.6113986350595866,8.116785,8.024962,-0.029889265,0.007324537,-0.06925789,entry,entry,True,0.07651519775390625,0.07651519775390625,0.94229704,1.0,0.5281172,8.116785,8.0848465,8.125883,8.101478,8.055309,8.018887,8.052278,8.024962,True,0.48297213622291024,routine automatic scoring,0.6113986350595866
06::24,test,official_test,source_fit,06,407c,3.2,84.8,8.833333333333332,0.4879500364742666,True,80.37121582031251,79.83284912109376,79.9567108154297,81.14414434432985,8.433260459452868,80.95930041074755,0.5880845904350309,1.09245754e-07,0.4094692,5,False,0.0,13.099070073863942,4.428784179687483,3.840699589252452,0.5880845904350309,8.4723425,8.433261,0.030097166,0.015822569,-0.08500131,entry,entry,True,0.0863800048828125,0.02201557159423828,0.97045654,1.0,0.8112286,8.4723425,8.503051,8.480238,8.519641,8.386986,8.411245,8.405509,8.433261,True,0.3715170278637771,routine automatic scoring,-0.5880845904350309
06::28,test,official_test,source_fit,06,6243d,3.2,76.8,7.999999999999998,0.34503277967117707,True,73.26221923828126,73.6094924926758,73.37005920410158,74.6534101009369,7.732880055904388,74.23564853668213,0.9734292984008732,4.9313235e-07,0.42559403,5,False,0.0,13.248928240763995,3.537780761718736,2.5643514633178626,0.9734292984008732,7.287142,7.73288,-0.05723524,0.17346549,0.32950807,entry,entry,True,0.3560628890991211,0.07033729553222656,0.8700752,0.5,0.9870831,7.287142,7.2448864,7.456426,7.376817,7.591973,7.5533557,7.8032174,7.73288,False,0.5882352941176471,routine automatic scoring,-0.9734292984008732
06::30,test,official_test,source_fit,06,6243d,3.2,62.4,6.499999999999999,0.24397501823713327,True,48.333558654785165,51.786474609375006,55.6315887451172,56.04011592864991,5.825656175613403,55.92629928588868,7.592740631103517,6.0836705e-06,0.50926703,5,False,0.0,14.026553253495658,14.066441345214834,6.473700714111317,7.592740631103517,6.171098,5.825656,0.15346408,0.11739802,-0.6163044,entry,entry,True,0.6799259185791016,0.12929439544677734,0.9056575,1.0,0.971426,6.171098,6.3320847,6.2837095,6.505582,5.601768,5.7201185,5.6963615,5.825656,False,0.9659442724458205,wide prediction interval; teacher-adapter difference; predicted high judge disagreement,-7.592740631103517
06::31,test,official_test,source_fit,06,107b,3.0,72.0,8.0,0.0,True,73.67403316497803,73.37785720825195,74.9060468673706,72.81095395982265,8.132942281663418,73.19648053497076,0.477552630007267,0.0,0.30533358,5,False,0.0,12.131273424283478,1.6740331649780273,1.1964805349707603,0.477552630007267,8.097872,8.132942,0.01176389,0.03247579,-0.009169261,flight,flight,True,0.024175643920898438,0.008936882019042969,0.58342487,0.5,0.41751143,8.097872,8.101117,8.139287,8.124005,8.071236,8.108767,8.1120205,8.132942,False,0.3622291021671827,routine automatic scoring,-0.477552630007267
06::34,test,official_test,source_fit,06,6243d,3.2,83.2,8.666666666666666,0.39339789623472154,True,81.89188842773439,81.16406250000001,82.74595642089845,82.34981017112733,8.567463479936123,82.24764940738679,0.35576097965240194,6.65924e-07,0.20943864,5,False,0.0,11.240062285845248,1.3081115722656165,0.9523505926132145,0.35576097965240194,8.591146,8.567464,-0.05624755,-0.0058821044,0.038447063,takeoff,takeoff,True,0.050751686096191406,0.0026903152465820312,0.8705832,1.0,-0.17698403,8.591146,8.52972,8.58239,8.525448,8.626342,8.570154,8.618216,8.567464,False,0.33746130030959753,routine automatic scoring,-0.35576097965240194
06::43,test,official_test,source_fit,06,407c,3.2,78.4,8.166666666666666,0.4755948656056709,True,77.77653808593752,77.56140747070313,78.63577880859376,78.17929859161379,8.13364439457655,78.08298618793489,0.3064481019973755,1.1478461e-07,0.37203404,5,False,0.0,12.751162094498136,0.6234619140624886,0.31701381206511314,0.3064481019973755,8.085975,8.133644,0.003475666,0.0025663376,0.041627407,entry,entry,True,0.044643402099609375,0.044643402099609375,0.58861536,0.5,0.9721019,8.085975,8.087721,8.083548,8.089001,8.125255,8.125416,8.12777,8.133644,True,0.5789473684210527,routine automatic scoring,-0.3064481019973755
06::46,test,official_test,source_fit,06,207c,3.3,57.75,5.833333333333334,0.5773502691896257,True,37.71010801792144,42.782579183578484,40.336318731307976,44.63678807616233,4.545500814914703,45.00045806765556,7.290350049734116,2.764709e-05,0.77330625,5,False,0.0,16.480433235882224,20.039891982078558,12.749541932344442,7.290350049734116,4.4481945,4.5455008,0.023924112,-0.033041,0.10642314,entry,entry,True,0.1662755012512207,0.008815765380859375,0.8761403,1.0,0.9339586,4.4481945,4.4705796,4.3746076,4.3792253,4.496076,4.536685,4.518727,4.5455008,True,0.9628482972136223,wide prediction interval; teacher-adapter difference,-7.290350049734116
06::47,test,official_test,source_fit,06,626c,3.3,66.0,6.666666666666668,0.2672612419124244,True,68.40753979682921,69.65568966865538,71.06899280548095,71.05913423895835,7.11680594086647,70.45637881457804,2.0488390177488327,2.1906383e-06,0.4214517,5,False,0.0,13.210430872542162,2.4075397968292123,4.456378814578045,-2.0488390177488327,7.9612,7.116806,0.09593829,0.015108188,-0.9554407,entry,entry,True,0.9669189453125,0.9669189453125,0.558508,0.5,0.42939332,7.9612,8.060917,8.001342,8.083725,7.0154705,7.1284986,7.0264134,7.116806,False,0.9318885448916409,predicted high judge disagreement,2.0488390177488327
06::48,test,official_test,source_fit,06,207c,3.3,79.2,8.000000000000002,0.2439750182371333,True,76.98561029434202,77.16509556770323,77.94839458465574,77.36729575842618,7.807551980018616,77.29476460218429,0.30915430784226317,2.435962e-07,0.4039698,5,False,0.0,13.047960811157587,2.214389705657979,1.9052353978157157,0.30915430784226317,7.9675307,7.807552,0.07296673,0.013765256,-0.24671085,entry,entry,True,0.25622034072875977,0.25622034072875977,0.6423866,0.5,0.9654931,7.9675307,8.041256,7.9874306,8.063772,7.727742,7.8025084,7.737931,7.807552,False,0.631578947368421,routine automatic scoring,-0.30915430784226317
06::55,test,official_test,source_fit,06,5253b,3.2,73.6,7.666666666666665,0.2672612419124244,True,79.56069946289064,79.12329711914063,78.5639373779297,79.51340024471284,8.267671711742878,79.36964843273164,0.19105103015900227,2.1367848e-07,0.28105646,5,False,0.0,11.905651105044171,5.960699462890645,5.769648432731643,0.19105103015900227,8.352348,8.267672,0.005815665,0.03730647,-0.12779887,entry,entry,True,0.1309518814086914,0.02948760986328125,0.26741517,0.5,-0.9648708,8.352348,8.358979,8.396866,8.398623,8.227095,8.238184,8.263279,8.267672,False,0.39009287925696595,phase boundary ambiguity,-0.19105103015900227
06::57,test,official_test,source_fit,06,5253b,3.2,76.8,7.999999999999998,0.1889822365046136,True,60.81971740722657,62.717092895507825,60.61368713378907,62.928731060028085,6.552773505449295,62.906625652313245,2.0869082450866756,1.4603436e-06,0.18782082,5,False,0.0,11.03915454358399,15.980282592773428,13.893374347686752,2.0869082450866756,6.5676374,6.5527735,0.026457071,0.13510108,-0.17642212,entry,entry,True,0.19876575469970703,0.19876575469970703,0.9101397,0.5,0.9809955,6.5676374,6.586413,6.722037,6.751539,6.4151874,6.4353423,6.5170064,6.5527735,False,0.718266253869969,routine automatic scoring,-2.0869082450866756
06::58,test,official_test,source_fit,06,5253b,3.2,81.6,8.499999999999998,0.28867513459481287,True,82.20640869140627,81.43940734863283,80.79282531738282,81.31291136741639,8.490802429616451,81.51170332431795,0.6947053670883179,1.6585604e-06,0.38505808,5,False,0.0,12.872202491033939,0.6064086914062727,0.08829667568204513,0.5181120157242276,8.3458395,8.490803,0.022910437,0.09894594,0.023106894,flight,flight,True,0.08182239532470703,0.08182239532470703,0.92090505,1.0,0.72032136,8.3458395,8.374099,8.458009,8.475596,8.372947,8.40898,8.477141,8.490803,False,0.42105263157894735,routine automatic scoring,-0.5181120157242276
06::60,test,official_test,source_fit,06,5253b,3.2,86.4,9.0,0.2439750182371333,True,73.76109924316407,74.04622192382814,72.12265777587892,73.84046666622163,7.6605014726519585,73.54081413745881,0.2202851057052584,1.2069738e-07,0.18092735,5,False,0.0,10.975089249379895,12.638900756835938,12.859185862541196,-0.2202851057052584,7.4274406,7.6605015,-0.026997408,0.13453643,0.12552182,flight,flight,True,0.14000368118286133,0.026651382446289062,0.78049594,0.5,0.9154425,7.4274406,7.4007072,7.55712,7.530583,7.5491757,7.520498,7.687153,7.6605015,False,0.24148606811145512,routine automatic scoring,0.2202851057052584
07::3,test,official_test,source_fit,07,612b,1.9,42.75,7.500000000000001,0.34503277967117707,True,33.91337356567382,35.31381125450134,33.91337356567382,33.91337356567382,5.949714660644531,33.91337356567382,0.0,3.33786e-06,0.0,1,True,0.0,9.293619322981787,8.836626434326178,8.836626434326178,0.0,,,,,,open_set,open_set,False,,,,,,,,,,,,,,False,0.7213622291021672,insufficient similar references; phase boundary ambiguity,0.0
07::7,test,official_test,source_fit,07,101b,1.5,30.0,6.666666666666667,0.2672612419124244,True,24.992806434631348,26.32028317451477,25.526808500289917,26.511516094207764,5.830108135938644,26.2354866117239,1.2426801770925522,0.0001658638,0.24835218,5,False,0.0,11.601709987396042,5.007193565368652,3.7645133882761,1.2426801770925522,7.992702,5.830108,0.008386214,-0.08545796,-2.0855222,entry,entry,True,2.1634421348571777,2.1634421348571777,0.84212244,0.5,0.99999315,7.992702,8.008875,7.9670672,7.9935503,5.9888735,5.971616,5.825735,5.830108,False,0.9721362229102167,predicted high judge disagreement,-1.2426801770925522
07::8,test,official_test,source_fit,07,103b,1.6,33.6,6.999999999999999,0.34503277967117707,True,30.629365539550786,31.5507064819336,32.27280807495118,31.293404245376593,6.515680178999901,31.275264859199527,0.6458993196487413,1.1154571e-05,0.3768306,5,False,0.0,12.795739539753555,2.970634460449215,2.324735140800474,0.6458993196487413,7.416669,6.5156803,-0.22727855,-0.16835077,-0.50535923,entry,entry,True,0.572995662689209,0.24983787536621094,0.7526475,0.5,0.9953649,7.416669,7.212977,7.314709,7.088676,6.9799733,6.749395,6.765518,6.5156803,False,0.6842105263157895,routine automatic scoring,-0.6458993196487413
07::11,test,official_test,source_fit,07,103b,1.6,26.4,5.499999999999999,0.47559486560567094,True,26.26015090942383,27.725814056396487,29.235285186767584,28.27575073242188,5.947938561439514,28.55010509490967,2.28995418548584,5.214062e-05,0.3592228,5,False,0.0,12.63209927403831,0.1398490905761669,2.150105094909673,-2.010256004333506,6.4408793,5.9479384,-0.17468166,0.11544895,-0.4337082,entry,entry,True,0.37296104431152344,0.37296104431152344,0.9865341,1.0,0.92591035,6.4408793,6.177834,6.557266,6.3208995,5.942238,5.8376136,6.0384426,5.9479384,True,0.739938080495356,routine automatic scoring,2.010256004333506
07::12,test,official_test,source_fit,07,403b,2.0,46.0,7.666666666666667,0.2672612419124244,True,42.59940433502197,43.21380043029785,44.530863761901855,43.249268040061,7.16456388682127,42.98738332092762,0.3879789859056473,3.208851e-06,0.40640825,5,False,0.0,13.070622891285353,3.4005956649780273,3.01261667907238,0.3879789859056473,7.989332,7.1645637,-0.04652381,-0.015216589,-0.76302814,entry,entry,True,0.8011260032653809,0.8011260032653809,0.9824725,1.0,0.98986846,7.989332,7.9439473,8.009629,7.9656897,7.2644844,7.2152114,7.212144,7.1645637,False,0.9009287925696594,predicted high judge disagreement,-0.3879789859056473
07::14,test,official_test,source_fit,07,103b,1.6,32.8,6.833333333333332,0.2672612419124244,True,30.18953018188477,31.165667724609378,31.837637329101568,31.09496755599976,6.458676174283028,31.001645636558536,0.8121154546737657,1.385405e-05,0.37662807,5,False,0.0,12.793857241852669,2.6104698181152273,1.7983543634414616,0.8121154546737657,6.7867274,6.4586763,-0.20203233,-0.06849718,-0.05752158,takeoff,takeoff,True,0.17188167572021484,0.09652948379516602,0.9386496,1.0,0.79449064,6.7867274,6.5583344,6.721044,6.555206,6.7720037,6.5261974,6.630558,6.4586763,False,0.5015479876160991,routine automatic scoring,-0.8121154546737657
07::19,test,official_test,source_fit,07,403b,2.0,40.0,6.666666666666667,0.2672612419124244,True,38.053504943847656,39.23423480987549,41.16323375701904,39.28222453594208,6.496748447418213,38.98049068450928,0.9269857406616211,1.9082467e-05,0.43095154,5,False,0.0,13.298718842448261,1.9464950561523438,1.0195093154907227,0.9269857406616211,7.0142345,6.4967484,-0.08426038,-0.072337545,-0.36088815,entry,entry,True,0.40674543380737305,0.40674543380737305,0.93714476,1.0,0.9555437,7.0142345,6.921413,6.9770722,6.903494,6.6983795,6.6050854,6.5732718,6.4967484,False,0.6656346749226006,routine automatic scoring,-0.9269857406616211
07::23,test,official_test,source_fit,07,201b,1.8,43.2,8.0,0.28867513459481287,True,47.55223903656006,46.957458114624025,46.81243343353272,47.74051731526852,8.83183367550373,47.691901847720146,0.13966281116008616,4.325039e-07,0.21076386,5,False,0.0,11.252378374832688,4.352239036560057,4.491901847720143,-0.13966281116008616,8.704914,8.831834,-0.019758701,0.019822598,0.12685585,entry,entry,True,0.13950824737548828,0.02063751220703125,0.8835822,1.0,0.9915601,8.704914,8.687008,8.716573,8.692326,8.820091,8.802874,8.852471,8.831834,False,0.26006191950464397,routine automatic scoring,0.13966281116008616
07::24,test,official_test,source_fit,07,301b,1.9,55.1,9.666666666666668,0.4498677054212186,True,46.57031593322753,46.39394130706786,46.06593103408813,46.72963898107409,8.18087799102068,46.63100454881787,0.06068861559033678,5.8899747e-07,0.3748548,5,False,0.0,12.777377164248117,8.529684066772468,8.468995451182131,0.06068861559033678,8.247651,8.180878,0.048414707,0.07965708,-0.1948452,entry,entry,True,0.18684005737304688,0.07338905334472656,0.09273104,0.5,0.8549452,8.247651,8.272596,8.305212,8.367718,8.046306,8.07762,8.107489,8.180878,True,0.4551083591331269,phase boundary ambiguity,-0.06068861559033678
07::25,test,official_test,source_fit,07,403b,2.0,42.0,7.0,0.34503277967117707,True,39.58292770385742,40.573119163513184,42.68801307678223,41.31733775138855,6.813302844762802,40.87981706857681,1.2968893647193909,1.03718185e-05,0.43150544,5,False,0.0,13.303866633617458,2.417072296142578,1.1201829314231873,1.2968893647193909,7.017574,6.813303,-0.106724896,0.19313772,-0.29068366,entry,entry,True,0.29728126525878906,0.11927556991577148,0.97129095,1.0,0.85446,7.017574,6.920403,7.2195153,7.1105843,6.730491,6.6319656,6.9325786,6.813303,False,0.5913312693498453,routine automatic scoring,-1.2968893647193909
07::36,test,official_test,source_fit,07,5132d,2.1,40.95,6.5,0.408248290463863,True,32.23969616889954,34.440790271759035,35.760495042800905,36.429474180936815,5.689179360866547,35.84182997345925,3.602133804559706,0.00017509228,1.1445948,3,False,0.0,19.931047566846686,8.710303831100461,5.108170026540755,3.602133804559706,6.6307096,5.6891794,-0.16259448,-0.2223169,-0.55661887,entry,entry,True,0.5270862579345703,0.08760309219360352,0.95464516,1.0,0.99999994,6.6307096,6.411685,6.3373365,6.2162657,6.0631194,5.821879,5.7767825,5.6891794,True,0.9535603715170279,wide prediction interval; teacher-adapter difference; predicted high judge disagreement,-3.602133804559706
07::43,test,official_test,source_fit,07,5231d,2.0,43.0,7.166666666666667,0.2672612419124244,True,40.58327865600586,41.4488468170166,41.65121269226074,41.201743483543396,6.805063009262085,40.83037805557251,0.2470993995666504,3.1094908e-06,0.14003511,5,False,0.0,10.595052306094058,2.4167213439941406,2.1696219444274902,0.2470993995666504,7.3614397,6.8050632,-0.051255386,0.052512486,-0.5576336,entry,entry,True,0.5350046157836914,0.07883787155151367,0.76699567,0.5,0.9901023,7.3614397,7.3170023,7.3881373,7.340068,6.7816877,6.7262254,6.862626,6.8050632,False,0.6346749226006192,routine automatic scoring,-0.2470993995666504
07::45,test,official_test,source_fit,07,5253b,3.2,65.6,6.833333333333332,0.2672612419124244,True,68.10738830566407,69.09685821533205,67.7555145263672,69.19638361930848,7.198213368654251,69.10284833908082,0.995460033416748,9.1358316e-07,0.37134594,5,False,0.0,12.744767100938171,2.5073883056640796,3.5028483390808276,-0.995460033416748,7.3630934,7.1982136,0.042467594,0.033206224,-0.24055362,entry,entry,True,0.1710219383239746,0.07004880905151367,-0.046332754,0.5,0.35475698,7.3630934,7.4005136,7.350949,7.3692355,7.0445,7.128165,7.159207,7.1982136,False,0.653250773993808,phase boundary ambiguity,0.995460033416748
07::46,test,official_test,source_fit,07,407c,3.2,76.8,7.999999999999998,0.4498677054212186,True,60.63822784423829,62.558212280273445,63.20522460937501,63.59689350128175,6.580501914024353,63.1728183746338,2.534590530395512,3.5443037e-07,0.33800876,5,False,0.0,12.434944079321216,16.16177215576171,13.627181625366198,2.534590530395512,6.1955686,6.580502,-0.16847928,0.1381716,0.41524115,entry,entry,True,0.4850754737854004,0.13933181762695312,0.9822142,1.0,0.9930192,6.1955686,6.009015,6.2898483,6.0954266,6.5520487,6.3873653,6.719834,6.580502,True,0.7306501547987616,routine automatic scoring,-2.534590530395512
07::56,test,official_test,source_fit,07,107b,3.0,55.5,6.166666666666667,0.4498677054212186,True,42.48714780807495,46.07626962661743,48.09256553649902,50.20539200305939,5.521633982658386,49.694705843925476,7.207558035850525,3.9513643e-06,0.2885592,5,False,0.0,11.975378664865797,13.012852191925049,5.805294156074524,7.207558035850525,4.798502,5.521634,-0.21951874,0.12066928,0.8219816,entry,entry,True,0.8286633491516113,0.2702360153198242,0.9204252,1.0,0.9747779,4.798502,4.613397,4.8780046,4.6929708,5.5974984,5.3761015,5.79187,5.521634,True,0.9628482972136223,teacher-adapter difference; predicted high judge disagreement,-7.207558035850525
07::66,test,official_test,source_fit,07,107b,3.0,58.5,6.5,0.6074928962939559,True,44.06443691253662,47.45705795288086,47.71448564529419,49.27210074663162,5.450193166732788,49.05173850059509,4.987301588058472,2.8681163e-06,0.3772471,5,False,0.0,12.799610215616543,14.435563087463379,9.448261499404907,4.987301588058472,4.842881,5.4501934,-0.13219325,-0.2118303,0.9513357,entry,entry,True,1.0360150337219238,1.0360150337219238,0.97761476,1.0,0.910874,4.842881,4.6671233,4.487554,4.4141784,5.704531,5.5235333,5.5438285,5.4501934,True,0.9102167182662538,teacher-adapter difference; predicted high judge disagreement,-4.987301588058472
07::67,test,official_test,source_fit,07,407c,3.2,76.8,7.999999999999998,0.2439750182371333,True,75.28644104003908,75.38153686523438,74.27796020507813,75.34552445411683,7.837504431605339,75.24004254341126,0.046398496627816144,1.7892386e-07,0.4113145,5,False,0.0,13.116219591437071,1.5135589599609176,1.5599574565887337,-0.046398496627816144,7.9734406,7.8375044,-0.014809847,0.026250362,-0.14737678,entry,entry,True,0.13889598846435547,0.0010552406311035156,0.032412287,0.5,0.8804996,7.9734406,7.9445786,7.982379,7.9764004,7.8172855,7.7942395,7.8385596,7.8375044,False,0.6439628482972136,phase boundary ambiguity,0.046398496627816144
07::68,test,official_test,source_fit,07,307c,3.4,91.8,9.0,0.34503277967117707,True,70.81061210632323,72.05545692443847,70.39142589569092,71.35641360282898,6.957131713628769,70.96274347901344,0.1521313726902065,2.119185e-07,0.21878824,5,False,0.0,11.326953904240563,20.989387893676763,20.837256520986557,0.1521313726902065,7.099537,6.957132,-0.069714785,-0.052698374,-0.019991875,takeoff,takeoff,True,0.0755763053894043,0.04693269729614258,0.6765861,0.0,0.930358,7.099537,7.0346317,7.040021,6.96989,7.0712595,7.0040646,7.032708,6.957132,False,0.15789473684210525,routine automatic scoring,-0.1521313726902065
07::70,test,official_test,source_fit,07,207c,3.3,69.3,7.000000000000001,0.408248290463863,True,64.970161485672,66.64654383659362,63.95868802070617,66.67139943838119,6.694025173783302,66.27084922045468,1.3006877347826844,4.601048e-07,0.3339814,5,False,0.0,12.397515266911862,4.329838514328003,3.0291507795453185,1.3006877347826844,7.0149655,6.694025,0.14596415,0.011567593,-0.47847223,entry,entry,True,0.481475830078125,0.20388317108154297,0.6029271,0.5,0.9503293,7.0149655,7.115435,7.022613,7.175501,6.5519214,6.666113,6.490142,6.694025,True,0.7058823529411765,routine automatic scoring,-1.3006877347826844
07::71,test,official_test,source_fit,07,307c,3.4,71.4,7.000000000000001,0.18898223650461357,True,60.70230331420898,63.20645284652709,60.92037391662597,63.00303288996219,6.177851885557175,63.014089232683176,2.311785918474193,1.2921885e-06,0.43217486,5,False,0.0,13.310087966085037,10.697696685791023,8.38591076731683,2.311785918474193,6.5627723,6.1778517,-0.13906296,0.025809446,-0.2716671,entry,entry,True,0.284149169921875,0.013239383697509766,0.25439778,0.5,0.99263585,6.5627723,6.444827,6.5981603,6.462001,6.3005958,6.1646123,6.341024,6.1778517,False,0.7213622291021672,phase boundary ambiguity,-2.311785918474193
07::83,test,official_test,source_fit,07,307c,3.4,47.6,4.666666666666667,0.5563486402641867,True,48.994670677185056,52.95737285614013,50.36782093048095,54.79113743305206,5.317917585372925,54.24275937080383,5.248088693618776,8.8956895e-06,0.47874516,5,False,0.0,13.742894615855306,1.3946706771850543,6.64275937080383,-5.248088693618776,6.589997,5.317918,-0.13650186,-0.08490928,-1.0506679,entry,entry,True,1.0394797325134277,1.0394797325134277,0.4971639,0.5,0.33449814,6.589997,6.447345,6.4836144,6.3573976,5.5244727,5.385022,5.4519377,5.317918,True,0.9411764705882353,teacher-adapter difference; predicted high judge disagreement,5.248088693618776
07::86,test,official_test,source_fit,07,207c,3.3,56.1,5.666666666666668,0.6267831705280087,True,43.17528376579284,47.566897201538076,47.97429728507995,47.766696774959556,4.895968914031982,48.47009224891662,5.294808483123781,1.2396528e-05,0.5190437,5,False,0.0,14.11741373412916,12.92471623420716,7.62990775108338,5.294808483123781,5.11446,4.895969,-0.14838219,-0.24419498,0.1740861,flight,flight,True,0.3117179870605469,0.3117179870605469,0.94811827,1.0,-0.3482243,5.11446,5.0145125,4.94793,4.8040586,5.3808637,5.207687,5.082644,4.895969,True,0.8699690402476781,wide prediction interval; teacher-adapter difference,-5.294808483123781
07::87,test,official_test,source_fit,07,5253b,3.2,64.0,6.666666666666666,0.2672612419124244,True,55.20643615722657,57.803118896484385,57.01972961425782,58.035271739959725,6.035080105066299,57.93676900863648,2.730332851409912,1.8699307e-06,0.30447426,5,False,0.0,12.12328722980524,8.79356384277343,6.063230991363518,2.730332851409912,6.2046733,6.03508,-0.10281547,-0.15156801,0.08479015,flight,flight,True,0.280057430267334,0.07625627517700195,0.6862392,0.0,0.87561077,6.2046733,6.1057057,6.1950517,6.111336,6.463967,6.3151374,6.1282864,6.03508,False,0.739938080495356,routine automatic scoring,-2.730332851409912
07::89,test,official_test,source_fit,07,207c,3.3,41.25,4.166666666666667,0.6725927091345493,True,37.00969719886779,42.169427919387815,39.343008112907405,44.51153583526611,4.48179429769516,44.369763547182075,7.360066348314284,3.9931765e-05,0.7923906,5,False,0.0,16.65779577458179,4.240302801132209,3.1197635471820746,1.1205392539501347,4.0309663,4.4817944,-0.009408872,-0.04535107,0.505588,entry,entry,True,0.49605298042297363,0.49605298042297363,0.99346256,1.0,0.99855655,4.0309663,4.026897,3.9822962,3.9857414,4.550886,4.5190296,4.491746,4.4817944,True,0.9628482972136223,wide prediction interval; teacher-adapter difference; predicted high judge disagreement,-1.1205392539501347
07::93,test,official_test,source_fit,07,5255b,3.6,84.6,7.833333333333332,0.3933978962347216,True,68.34427528381349,70.48853015899658,69.42513427734376,69.28316457867624,6.474746555089951,69.92726279497147,1.582987511157981,1.0723525e-06,0.34977904,5,False,0.0,12.544332564380806,16.255724716186506,14.672737205028525,1.582987511157981,6.0394177,6.4747467,0.03782018,-0.0061015286,0.40361032,entry,entry,True,0.37706470489501953,0.016664505004882812,0.97071505,1.0,-0.5922677,6.0394177,6.0965095,6.044368,6.097682,6.4700623,6.491411,6.4557095,6.4747467,True,0.7430340557275542,routine automatic scoring,-1.582987511157981
07::94,test,official_test,source_fit,07,5253b,3.2,60.8,6.333333333333332,0.6362090102803518,True,57.880458068847666,60.14401245117188,58.93769989013673,60.91842269897462,6.303979754447937,60.5182056427002,2.637747573852536,2.906748e-06,0.12494971,5,False,0.0,10.45485434905084,2.919541931152331,0.28179435729979474,2.637747573852536,6.1741524,6.30398,0.12624805,0.051850002,-0.048270542,takeoff,takeoff,True,0.14333391189575195,0.07027053833007812,0.87636286,0.0,0.70489615,6.1741524,6.287292,6.2115593,6.3487844,6.1263933,6.2337093,6.160646,6.30398,True,0.739938080495356,routine automatic scoring,-2.637747573852536
07::96,test,official_test,source_fit,07,5253b,3.2,67.2,6.999999999999999,0.408248290463863,True,55.09434814453126,57.70499725341798,56.90831451416017,57.24514632225038,5.979047328233719,57.39885435104371,2.3045062065124498,1.759651e-06,0.3044176,5,False,0.0,12.122760707099296,12.105651855468743,9.801145648956293,2.3045062065124498,6.234146,5.9790473,-0.100710236,-0.089866005,-0.06452259,takeoff,entry,False,0.10875606536865234,0.16193151473999023,0.60002756,0.0,0.40099323,6.234146,6.1435294,6.2157636,6.140979,6.26908,6.138349,6.0878034,5.9790473,True,0.7275541795665634,routine automatic scoring,-2.3045062065124498
09::4,test,official_test,source_fit,09,103b,1.6,28.8,5.999999999999999,0.1889822365046136,True,24.830046844482425,26.47387390136719,25.740035247802737,26.922701454162603,5.59277480840683,26.845319080352787,2.0152722358703627,0.00013618862,0.29557857,5,False,0.0,12.040614024914843,3.969953155517576,1.9546809196472132,2.0152722358703627,6.773046,5.592775,-0.01756692,0.032340765,-1.195045,entry,entry,True,1.1631698608398438,0.01678943634033203,0.97719204,1.0,0.9997935,6.773046,6.7581534,6.8015656,6.7559447,5.5495777,5.553161,5.6095643,5.592775,False,0.913312693498452,predicted high judge disagreement,-2.0152722358703627
09::6,test,official_test,source_fit,09,103b,1.6,31.2,6.499999999999999,0.28867513459481287,True,21.422444915771486,23.49079513549805,22.33422775268555,23.756203651428226,4.942219316959381,23.722652721405034,2.3002078056335478,0.00034958505,0.29446328,5,False,0.0,12.030248922745212,9.777555084228513,7.477347278594966,2.3002078056335478,7.328411,4.9422193,-0.012425661,-0.24677682,-2.1269894,entry,entry,True,2.4131088256835938,0.5137143135070801,0.8844276,0.5,0.9987347,7.328411,7.346249,7.355492,7.355328,5.4944615,5.4559336,4.9779882,4.9422193,False,0.9721362229102167,predicted high judge disagreement,-2.3002078056335478
09::16,test,official_test,source_fit,09,403b,2.0,31.0,5.166666666666667,0.5669467095138409,True,32.00550842285156,33.9397029876709,36.90333652496338,34.33340048789978,5.758070468902588,34.54842281341553,2.542914390563965,6.9594935e-05,0.62818676,5,False,0.0,15.131747955840344,1.0055084228515625,3.5484228134155273,-2.542914390563965,8.031986,5.7580705,-0.15270798,-0.7540602,-1.3671476,entry,entry,True,1.8477354049682617,0.1755971908569336,0.7495674,0.5,0.99934214,8.031986,7.911864,7.7621512,7.605806,7.1551228,6.9866595,5.9336677,5.7580705,True,0.9752321981424149,wide prediction interval; predicted high judge disagreement,2.542914390563965
09::17,test,official_test,source_fit,09,403b,2.0,42.0,7.0,0.28867513459481287,True,39.2254114151001,40.2601432800293,42.65998649597168,40.437782406806946,6.694995433092117,40.169972598552704,0.9445611834526062,6.363896e-06,0.18066894,5,False,0.0,10.972687630030487,2.7745885848999023,1.8300274014472961,0.9445611834526062,6.7952933,6.6949954,-0.11390734,0.09732056,-0.08371115,takeoff,takeoff,True,0.12656927108764648,0.08606481552124023,0.7417098,1.0,0.2533069,6.7952933,6.693614,6.8877125,6.78106,6.713502,6.5932074,6.8215647,6.6949954,False,0.5634674922600619,routine automatic scoring,-0.9445611834526062
09::18,test,official_test,source_fit,09,403b,2.0,54.0,9.0,0.1889822365046136,True,43.7695198059082,44.23814105987549,47.32426071166992,43.85038720071316,7.363410644233227,44.18046386539936,0.41094405949115753,4.2876245e-06,0.8207933,5,False,0.0,16.921759527122653,10.230480194091797,9.81953613460064,0.41094405949115753,7.2046237,7.3634105,-0.13562083,0.039298058,0.25510955,entry,entry,True,0.2368474006652832,0.2368474006652832,0.95218223,1.0,0.89855784,7.2046237,7.085207,7.283763,7.126563,7.4783664,7.3635826,7.5148644,7.3634105,False,0.8421052631578947,wide prediction interval; predicted high judge disagreement,-0.41094405949115753
09::21,test,official_test,source_fit,09,403b,2.0,50.0,8.333333333333334,0.3779644730092272,True,46.321495056152344,46.472187995910645,48.72393608093262,46.91658040881157,7.819533854722977,46.91720312833786,0.5957080721855164,4.6607597e-06,0.7928736,5,False,0.0,16.662284927668537,3.6785049438476562,3.08279687166214,0.5957080721855164,7.8441052,7.819534,0.032506865,-0.110155664,0.05307738,flight,flight,True,0.1560077667236328,0.0010671615600585938,0.104928814,0.5,0.47099647,7.8441052,7.8750896,7.7756486,7.8184667,7.9450397,7.9755416,7.7896576,7.819534,False,0.7739938080495357,wide prediction interval; phase boundary ambiguity,-0.5957080721855164
09::23,test,official_test,source_fit,09,201b,1.8,41.4,7.666666666666666,0.37796447300922725,True,38.970285987854005,39.444653320312504,40.14384984970093,39.01866665482521,7.211082242429256,38.939844109117985,0.030441878736020556,5.8844034e-07,0.25721458,5,False,0.0,11.684073676703118,2.4297140121459933,2.460155890882014,-0.030441878736020556,7.5227203,7.2110825,0.051908493,-0.17688727,-0.1866591,entry,entry,True,0.4156761169433594,0.40265321731567383,0.5681939,0.5,0.9042711,7.5227203,7.5659113,7.5700464,7.6267586,7.5635257,7.6137357,7.152009,7.2110825,False,0.11764705882352941,routine automatic scoring,0.030441878736020556
09::32,test,official_test,source_fit,09,301b,1.9,37.05,6.5,0.24397501823713333,True,33.4374077796936,34.89714074134826,37.518325567245476,34.91342716813087,6.135917544364929,34.974730002880094,1.537322223186493,3.3603148e-05,0.41296035,5,False,0.0,13.131515616138996,3.6125922203063965,2.0752699971199036,1.537322223186493,7.153202,6.1359177,-0.09920017,-0.003509442,-0.9145748,entry,entry,True,0.9148821830749512,0.9148821830749512,0.67687994,0.5,0.9956331,7.153202,7.054958,7.1436267,7.0508,6.2387705,6.1335254,6.236238,6.1359177,False,0.9195046439628483,predicted high judge disagreement,-1.537322223186493
09::35,test,official_test,source_fit,09,301b,1.9,40.85,7.166666666666668,0.37796447300922725,True,41.15598020553588,41.65412464141845,41.494239950180045,41.51325670704245,7.263854503631592,41.40397067070007,0.247990465164186,9.042776e-07,0.28726894,5,False,0.0,11.963387463376552,0.30598020553588157,0.5539706707000676,-0.247990465164186,7.3767986,7.2638545,-0.052283604,0.09782473,-0.15848525,entry,flight,False,0.10036754608154297,0.1640763282775879,0.046483025,0.0,0.9408601,7.3767986,7.3095174,7.41049,7.364222,7.162314,7.099778,7.299022,7.2638545,False,0.20743034055727555,phase boundary ambiguity,0.247990465164186
09::46,test,official_test,source_fit,09,305c,2.8,56.0,6.666666666666668,0.3933978962347216,True,58.323489761352526,59.34755458831786,58.40811653137206,58.60621600449084,6.963553838431835,58.49385224282741,0.1703624814748821,4.7869094e-07,0.43282947,5,False,0.0,13.31617164374733,2.3234897613525263,2.4938522428274084,-0.1703624814748821,7.205379,6.963554,-0.06218831,-0.009697358,-0.16993944,entry,entry,True,0.174072265625,0.174072265625,0.055366162,0.0,-0.72768736,7.205379,7.139305,7.1873236,7.137626,7.041443,6.9630227,7.019986,6.963554,True,0.6130030959752322,phase boundary ambiguity,0.1703624814748821
09::54,test,official_test,source_fit,09,105b,2.3,54.05,7.833333333333334,0.5669467095138409,True,58.52589454650879,58.04437065124511,59.28081893920898,58.15982664227485,8.475222624838352,58.47903611138462,0.046858435124164544,3.1046726e-05,0.39457065,4,False,0.0,12.960608727744583,4.4758945465087905,4.429036111384626,0.046858435124164544,6.7796106,8.475223,0.03803293,0.0020453136,1.6555337,entry,entry,True,1.6759982109069824,0.04206657409667969,0.95434546,1.0,1.0,6.7796106,6.8131375,6.76231,6.7992244,8.414207,8.454304,8.433156,8.475223,True,0.9721362229102167,predicted high judge disagreement,-0.046858435124164544
09::61,test,official_test,source_fit,09,626c,3.3,52.8,5.333333333333334,0.5669467095138409,True,38.307964253425595,43.30595712661743,42.738983631134026,45.72603664398193,4.610547661781311,45.644421851634974,7.336457598209378,6.541854e-05,0.5614538,5,False,0.0,14.511557386756945,14.492035746574402,7.155578148365024,7.336457598209378,4.281548,4.6105475,-0.013886134,0.038514454,0.3043712,entry,entry,True,0.2836570739746094,0.03488016128540039,0.99426806,1.0,-0.95654535,4.281548,4.28797,4.327573,4.3268905,4.6059475,4.5802293,4.6454277,4.6105475,True,0.9752321981424149,wide prediction interval; teacher-adapter difference; predicted high judge disagreement,-7.336457598209378
09::65,test,official_test,source_fit,09,405b,2.8,61.6,7.333333333333335,0.37796447300922725,True,59.76232109069823,60.607134819030755,57.52118968963622,58.65826127529143,7.012162335216999,58.90216361582278,0.8601574748754501,3.881835e-07,0.21997996,5,False,0.0,11.338029299666053,1.837678909301772,2.697836384177222,-0.8601574748754501,6.8403487,7.012162,-0.0531977,0.068328775,0.15668242,entry,entry,True,0.1785106658935547,0.05997467041015625,0.91555864,0.5,0.8288195,6.8403487,6.7897587,6.880065,6.8336515,6.9710336,6.91939,7.072137,7.012162,False,0.5170278637770898,routine automatic scoring,0.8601574748754501
09::70,test,official_test,source_fit,09,6241b,2.7,40.5,4.999999999999999,0.7480132415430957,True,41.28947839736939,44.139583396911625,41.28947839736939,41.28947839736939,5.097466468811035,41.28947839736939,0.0,0.0,0.0,0,True,0.0,9.293619322981787,0.7894783973693933,0.7894783973693933,0.0,,,,,,open_set,open_set,False,,,,,,,,,,,,,,True,0.7275541795665634,insufficient similar references; phase boundary ambiguity,0.0
09::73,test,official_test,source_fit,09,6243d,3.2,81.6,8.499999999999998,0.408248290463863,True,61.53394317626954,63.342338562011726,64.94955596923829,63.34636116027833,6.580469220876694,63.17250452041627,1.63856134414673,9.903016e-07,0.20222141,5,False,0.0,11.172988112411273,20.066056823730456,18.427495479583726,1.63856134414673,6.859957,6.580469,0.06557226,-0.0023241043,-0.34273624,entry,entry,True,0.33928632736206055,0.0004982948303222656,0.26342633,0.5,0.9781116,6.859957,6.9300804,6.8530564,6.9197555,6.512017,6.579971,6.521202,6.580469,True,0.6718266253869969,phase boundary ambiguity,-1.63856134414673
09::77,test,official_test,source_fit,09,107b,3.0,58.5,6.5,0.34503277967117707,True,54.10796642303467,56.249351978302,54.40812063217163,55.72846792638302,6.23326188325882,56.099356949329376,1.9913905262947083,7.256172e-07,0.2134927,5,False,0.0,11.277739264664136,4.392033576965332,2.400643050670624,1.9913905262947083,6.9466553,6.233262,-0.16715081,-0.20102866,-0.34521374,entry,entry,True,0.29792118072509766,0.121368408203125,0.6302039,0.5,0.7376877,6.9466553,6.7633696,6.755417,6.5311832,6.5837965,6.4144335,6.3546305,6.233262,False,0.7058823529411765,routine automatic scoring,-1.9913905262947083
09::82,test,official_test,source_fit,09,407c,3.2,48.0,4.999999999999999,0.34503277967117707,True,44.869935607910165,48.754353332519536,46.92485961914063,50.22411746978761,5.2111223340034485,50.02677440643311,5.156838798522948,2.1404292e-06,0.59403735,5,False,0.0,14.814376354619107,3.1300643920898352,2.0267744064331126,1.1032899856567226,5.1876388,5.2111225,0.012956937,0.011598905,-0.0010720888,takeoff,entry,False,0.004127979278564453,0.07561826705932617,-0.34611782,0.5,-0.57929057,5.1876388,5.219124,5.137206,5.1355042,5.1113195,5.136049,5.2152505,5.2111225,False,0.8513931888544891,wide prediction interval; teacher-adapter difference; phase boundary ambiguity,-1.1032899856567226
09::83,test,official_test,source_fit,09,305c,2.8,46.2,5.500000000000001,0.28867513459481287,True,56.598518371582024,57.837478637695305,58.334885215759265,57.70437061786651,6.85276248306036,57.563204857707014,0.9646864861249895,1.5672072e-06,0.5372101,5,False,0.0,14.286245552500993,10.398518371582021,11.36320485770701,-0.9646864861249895,7.1300783,6.8527627,0.12173685,-0.13162224,-0.26743022,entry,entry,True,0.2415180206298828,0.08968448638916016,0.52537835,0.5,0.92385685,7.1300783,7.2228546,6.9612923,7.0942807,6.84151,6.942447,6.6972914,6.8527627,False,0.6377708978328174,wide prediction interval,0.9646864861249895
09::87,test,official_test,source_fit,09,5235d,2.8,54.6,6.500000000000001,0.24397501823713327,True,49.099316024780265,51.27253532409667,49.099316024780265,49.099316024780265,5.845156669616699,49.099316024780265,0.0,4.7329188e-05,0.2475438,2,True,0.0,11.594197137107416,5.5006839752197365,5.5006839752197365,0.0,,,,,,open_set,open_set,False,,,,,,,,,,,,,,False,0.8792569659442725,insufficient similar references; phase boundary ambiguity; predicted high judge disagreement,0.0
10::9,test,official_test,source_fit,10,407c,3.2,67.2,6.999999999999999,0.24397501823713327,True,57.96452636718751,60.21760711669923,59.967425537109385,60.088101482391366,6.251957073807716,60.01878790855409,2.0542615413665786,4.1624878e-07,0.39319023,5,False,0.0,12.947779687651723,9.235473632812493,7.181212091445914,2.0542615413665786,6.6038914,6.251957,0.0076945624,-0.052398365,-0.30723062,entry,entry,True,0.3287839889526367,0.3287839889526367,0.25419766,0.5,0.95362717,6.6038914,6.6189346,6.580524,6.580741,6.3190527,6.3325477,6.2507725,6.251957,False,0.7275541795665634,phase boundary ambiguity,-2.0542615413665786
10::15,test,official_test,source_fit,10,614b,2.4,57.6,8.000000000000002,0.2439750182371333,True,56.4273021697998,56.503300094604484,56.4273021697998,56.4273021697998,7.837125301361084,56.4273021697998,0.0,0.00012055153,0.8319335,2,True,0.0,17.02529255898586,1.1726978302001996,1.1726978302001996,0.0,,,,,,open_set,open_set,False,,,,,,,,,,,,,,False,0.9628482972136223,insufficient similar references; wide prediction interval; phase boundary ambiguity; predicted high judge disagreement,0.0
10::27,test,official_test,source_fit,10,6243d,3.2,65.6,6.833333333333332,0.37796447300922725,True,49.0220672607422,52.3892074584961,54.416207885742196,55.49436435699464,5.740523278713226,55.10902347564698,6.086956214904781,2.9350574e-06,0.5881858,5,False,0.0,14.759994120415582,16.577932739257797,10.490976524353016,6.086956214904781,6.411455,5.7405233,0.34788442,-0.18787098,-0.83094525,entry,entry,True,0.896125316619873,0.896125316619873,0.44387418,0.5,0.94104993,6.411455,6.7395,6.2965126,6.6366487,5.642904,6.004109,5.3755856,5.7405233,False,0.9380804953560371,wide prediction interval; teacher-adapter difference; predicted high judge disagreement,-6.086956214904781
10::30,test,official_test,source_fit,10,305c,2.8,33.6,4.000000000000001,0.24397501823713333,True,29.385087776184076,34.01432991027831,37.49763393402099,34.19752435684204,4.106402814388275,34.49378364086151,5.108695864677433,0.000116138406,0.7040056,5,False,0.0,15.836379361539194,4.214912223815926,0.893783640861507,3.321128582954419,5.114163,4.106403,0.043231487,-0.2363801,-0.81461143,entry,entry,True,0.9870810508728027,0.9870810508728027,0.94245195,1.0,0.97125745,5.114163,5.17583,5.029074,5.093484,4.472001,4.4940944,4.081627,4.106403,False,0.9380804953560371,wide prediction interval; teacher-adapter difference; predicted high judge disagreement,-3.321128582954419
10::35,test,official_test,source_fit,10,407c,3.2,48.0,4.999999999999999,0.5345224838248488,True,41.065438842773446,45.42382507324219,44.193196105957036,46.992921638488774,4.9340291023254395,47.36667938232423,6.301240539550783,1.1009063e-05,0.5609406,5,False,0.0,14.506787938573714,6.934561157226554,0.6333206176757713,6.301240539550783,5.5598035,4.934029,0.22661121,-0.19183843,-0.6605472,entry,entry,True,0.7999062538146973,0.19756650924682617,0.68009377,0.5,0.9915783,5.5598035,5.8208323,5.4976983,5.7339354,5.043988,5.250228,4.7364626,4.934029,True,0.9195046439628483,wide prediction interval; teacher-adapter difference; predicted high judge disagreement,-6.301240539550783
10::38,test,official_test,source_fit,10,5237d,3.3,52.8,5.333333333333334,0.5563486402641867,True,46.61495161056518,50.578049325942985,46.61495161056518,46.61495161056518,4.70858097076416,46.61495161056518,0.0,3.129244e-05,0.0,1,True,0.0,9.293619322981787,6.185048389434819,6.185048389434819,0.0,,,,,,open_set,open_set,False,,,,,,,,,,,,,,True,0.7213622291021672,insufficient similar references; phase boundary ambiguity,0.0
10::41,test,official_test,source_fit,10,5152b,2.9,52.2,6.000000000000001,0.4498677054212186,True,60.1261004447937,61.221665096282955,58.08548226356506,61.015375477820626,6.966547720134258,60.608965165168044,0.48286472037434436,4.0866863e-07,0.22512227,5,False,0.0,11.38582002907349,7.926100444793697,8.408965165168041,-0.48286472037434436,7.5764594,6.9665475,0.058879215,-0.08728019,-0.58151096,entry,entry,True,0.5283727645874023,0.05801200866699219,0.88893807,1.0,0.7094956,7.5764594,7.649982,7.4331737,7.4949203,6.9555864,6.984046,6.9085355,6.9665475,True,0.6780185758513931,routine automatic scoring,0.48286472037434436
10::43,test,official_test,source_fit,10,407c,3.2,73.6,7.666666666666665,0.2672612419124244,True,60.88838653564454,62.777206420898445,64.4473617553711,64.1789743423462,6.665150910615921,63.985448741912855,3.097062206268312,6.5403816e-07,0.4795716,5,False,0.0,13.750575310836092,12.711613464355452,9.61455125808714,3.097062206268312,6.2232833,6.665151,0.07465211,-0.017163834,0.38437954,entry,entry,True,0.39721202850341797,0.08676576614379883,0.9937899,1.0,0.7175448,6.2232833,6.27911,6.138438,6.267939,6.5881186,6.6213455,6.5783854,6.665151,False,0.7894736842105263,routine automatic scoring,-3.097062206268312
13::9,test,official_test,source_fit,13,207c,3.3,69.3,7.000000000000001,0.28867513459481287,True,55.83304824829101,58.64774422645568,59.49218559265136,61.02767724394798,6.157652497291565,60.960759723186484,5.127711474895477,5.0147514e-06,0.30883074,5,False,0.0,12.163774637817811,13.46695175170899,8.339240276813513,5.127711474895477,6.350183,6.1576524,0.18014486,0.017676434,-0.39035192,entry,entry,True,0.3772616386413574,0.18900632858276367,0.13074677,0.5,0.9946574,6.350183,6.528847,6.37226,6.534914,5.9541216,6.136996,5.968646,6.1576524,False,0.8699690402476781,teacher-adapter difference; phase boundary ambiguity,-5.127711474895477
13::11,test,official_test,source_fit,13,407c,3.2,64.0,6.666666666666666,0.37796447300922725,True,35.239677429199226,40.32384338378907,42.15581359863282,43.48754653930665,4.47023606300354,42.91426620483399,7.674588775634767,2.0999949e-05,0.5721832,5,False,0.0,14.611272090359176,28.760322570800774,21.085733795166007,7.674588775634767,4.2588496,4.470236,0.17604542,0.18311834,-0.14777756,flight,entry,False,0.07996320724487305,0.20555543899536133,0.62012726,0.5,0.69273895,4.2588496,4.3527303,4.4924684,4.838114,4.2785177,4.3902726,4.2646804,4.470236,False,0.9721362229102167,wide prediction interval; teacher-adapter difference,-7.674588775634767
13::12,test,official_test,source_fit,13,407c,3.2,78.4,8.166666666666666,0.48795003647426666,True,73.59183654785157,73.89804840087892,73.80311737060548,74.55541677474977,7.728064447641373,74.18941869735718,0.5975821495056124,1.9092425e-07,0.50931007,5,False,0.0,14.026953200253878,4.808163452148435,4.210581302642822,0.5975821495056124,7.804608,7.7280645,0.21633546,-0.25698695,-0.03589185,flight,takeoff,False,0.25031423568725586,0.11006879806518555,0.54647833,0.5,0.5591603,7.804608,7.9453382,7.532604,7.8381333,7.834549,7.978379,7.444468,7.7280645,True,0.5882352941176471,wide prediction interval,-0.5975821495056124
13::17,test,official_test,source_fit,13,207c,3.3,57.8,5.838383838383839,0.5773502691896257,True,43.897577333450315,48.19920501708984,47.909029054641714,50.412937366962424,5.16110897064209,51.09497880935668,7.197401475906368,1.4680669e-05,0.46976656,5,False,0.0,13.65945087642102,13.902422666549683,6.705021190643315,7.197401475906368,5.1819263,5.161109,0.09477774,-0.18258412,0.0669891,flight,flight,True,0.38382577896118164,0.07404565811157227,0.2388371,1.0,-0.24377358,5.1819263,5.247967,5.185395,5.2351546,5.374761,5.5449347,5.052783,5.161109,True,0.9628482972136223,teacher-adapter difference; phase boundary ambiguity,-7.197401475906368
13::20,test,official_test,source_fit,13,6243d,3.2,72.0,7.499999999999999,0.47559486560567094,True,64.28131713867188,65.74744262695313,68.04538879394532,69.38707637786867,7.135941296815872,68.50503644943238,4.223719310760501,1.6918748e-06,0.35065308,5,False,0.0,12.552455582750017,7.718682861328119,3.4949635505676184,4.223719310760501,6.3275867,7.1359415,0.20904684,0.24106169,0.35824633,entry,entry,True,0.3479886054992676,0.3479886054992676,0.9378463,1.0,0.8242623,6.3275867,6.5279098,6.5608363,6.787953,6.6882086,6.89495,6.926053,7.1359415,True,0.8173374613003096,teacher-adapter difference,-4.223719310760501
13::23,test,official_test,source_fit,13,626c,3.3,59.4,6.000000000000001,0.39339789623472154,True,52.19753794670104,55.46515088081359,54.985061645507805,60.19501694440841,5.962467193603516,59.0284252166748,6.830887269973758,4.3903343e-05,0.42356822,5,False,0.0,13.23010110718356,7.202462053298959,0.371574783325201,6.830887269973758,6.0476394,5.962467,0.36578918,0.08166623,-0.5326276,entry,takeoff,False,0.44592857360839844,0.44592857360839844,0.8939895,1.0,0.9217512,6.0476394,6.32445,6.0575414,6.408396,5.4274807,5.809869,5.5085316,5.962467,False,0.9628482972136223,teacher-adapter difference,-6.830887269973758
13::26,test,official_test,source_fit,13,305c,2.8,72.8,8.666666666666668,0.2672612419124244,True,67.35001144409179,67.2495391845703,67.04059181213378,70.3062626838684,8.18235756456852,68.73180354237556,1.3817920982837677,7.6165725e-07,0.5282067,5,False,0.0,14.202571372829286,5.449988555908206,4.068196457624438,1.3817920982837677,7.653532,8.182358,0.12537749,-0.053347033,0.4567953,entry,entry,True,0.4672842025756836,0.025751113891601562,0.79019034,1.0,0.96660465,7.653532,7.753923,7.5719347,7.7150736,8.099184,8.208109,8.032648,8.182358,False,0.8297213622291022,wide prediction interval; predicted high judge disagreement,-1.3817920982837677
13::28,test,official_test,source_fit,13,5253b,3.2,76.8,7.999999999999998,0.2439750182371333,True,72.01335754394532,72.51621551513674,72.01250610351563,72.02388947010041,7.477998159825802,71.7887823343277,0.2245752096176119,1.10541414e-07,0.3612027,5,False,0.0,12.65049959463092,4.786642456054679,5.011217665672291,-0.2245752096176119,7.7931266,7.4779983,0.013774951,-0.037610453,-0.29129282,entry,entry,True,0.27971410751342773,0.27971410751342773,0.31269658,0.5,0.97605777,7.7931266,7.8114376,7.7455826,7.7577124,7.4903812,7.505549,7.468633,7.4779983,False,0.6996904024767802,phase boundary ambiguity,0.2245752096176119
13::30,test,official_test,source_fit,13,5253b,3.2,86.4,9.0,0.18898223650461357,True,80.81103515625001,80.21786499023439,79.45870056152344,81.28735299110414,8.446220070123672,81.08371267318726,0.2726775169372502,1.1915348e-06,0.40113533,5,False,0.0,13.021618334545574,5.5889648437499915,5.316287326812741,0.2726775169372502,8.272468,8.44622,0.18262784,0.03824727,-0.04712232,takeoff,takeoff,True,0.18866825103759766,0.04854774475097656,0.11455488,0.0,0.8972037,8.272468,8.448436,8.30268,8.494768,8.226151,8.4005575,8.257552,8.44622,False,0.5727554179566563,phase boundary ambiguity,-0.2726775169372502
14::2,test,official_test,source_fit,14,6142d,3.1,63.55,6.833333333333332,0.2672612419124244,True,61.54941358566285,63.059811258316046,60.495330333709724,62.28424097523094,6.639932416379452,61.751371472328906,0.20195788666605807,5.086378e-05,0.28406522,3,False,0.0,11.9336133106327,2.0005864143371497,1.7986285276710916,0.20195788666605807,8.649299,6.6399326,-0.23754454,-1.155072,-0.6167495,flight,flight,True,1.2339324951171875,0.6376008987426758,0.7068265,0.5,1.0,8.649299,8.529797,7.5967207,7.2775335,8.077034,7.873865,6.971886,6.6399326,False,0.934984520123839,predicted high judge disagreement,-0.20195788666605807
14::3,test,official_test,source_fit,14,5235d,2.8,57.4,6.833333333333334,0.6362090102803518,True,56.78859214782714,58.00387630462645,56.78859214782714,56.78859214782714,6.760546684265137,56.78859214782714,0.0,9.528129e-06,0.2483693,2,True,0.0,11.60186910748787,0.6114078521728601,0.6114078521728601,0.0,,,,,,open_set,open_set,False,,,,,,,,,,,,,,True,0.8885448916408669,insufficient similar references; phase boundary ambiguity; predicted high judge disagreement,0.0
14::10,test,official_test,source_fit,14,107b,3.0,46.5,5.166666666666667,0.5345224838248488,True,35.65505075454712,40.09532117843628,38.534507274627686,39.90595829486847,4.55813729763031,41.02323567867279,5.368184924125671,9.109123e-06,0.430207,5,False,0.0,13.291799541953868,10.84494924545288,5.4767643213272095,5.368184924125671,6.2247095,4.5581374,-0.011228879,-0.32618102,-1.3291622,entry,entry,True,1.1587772369384766,0.24053525924682617,0.986068,1.0,0.97738045,6.2247095,6.168075,5.8480926,5.7169147,4.760372,4.7986727,4.488751,4.5581374,True,0.9504643962848297,teacher-adapter difference; predicted high judge disagreement,-5.368184924125671
14::12,test,official_test,source_fit,14,405b,2.8,42.0,5.000000000000001,0.34503277967117707,True,47.765619277954094,50.104995918273914,48.84942913055419,49.28436048030852,5.986566752195358,50.287160718441,2.5215414404869065,2.2461963e-06,0.67437,5,False,0.0,15.560957300558126,5.7656192779540945,8.287160718441001,-2.5215414404869065,6.174615,5.9865665,-0.022787968,-0.10279433,-0.062466066,flight,flight,True,0.11394119262695312,0.11394119262695312,0.788574,1.0,-0.26011,6.174615,6.1914444,6.095484,6.0407834,6.116416,6.1005077,6.0364556,5.9865665,False,0.7213622291021672,wide prediction interval,2.5215414404869065
14::15,test,official_test,source_fit,14,5253b,3.2,54.4,5.666666666666666,0.6725927091345493,True,58.74766387939454,60.90317687988282,60.55195312500001,60.30854487419129,6.292132586240768,60.404472827911384,1.6568089485168471,1.3618592e-06,0.17290525,5,False,0.0,10.900534908287122,4.347663879394538,6.0044728279113855,-1.6568089485168471,6.4041767,6.2921324,0.0057225227,-0.123304605,0.0055377483,flight,flight,True,0.1746211051940918,0.02364826202392578,-0.10045126,0.5,0.9647161,6.4041767,6.4378877,6.333392,6.3157806,6.440104,6.4667535,6.3131948,6.2921324,True,0.6780185758513931,phase boundary ambiguity,1.6568089485168471
14::16,test,official_test,source_fit,14,5152b,2.9,47.85,5.500000000000001,0.34503277967117707,True,55.707384967803954,57.35344090461731,57.527921962738034,56.98333474695682,6.554462447762489,57.02382329553365,1.3164383277296992,2.6756925e-06,0.34515724,5,False,0.0,12.50137927964493,7.857384967803952,9.173823295533651,-1.3164383277296992,6.664352,6.5544624,-0.08474883,-0.1466728,0.12153212,flight,flight,True,0.18766021728515625,0.18766021728515625,0.8397506,0.5,0.95657736,6.664352,6.631859,6.5709405,6.448931,6.814159,6.7421227,6.679193,6.5544624,False,0.5944272445820433,routine automatic scoring,1.3164383277296992
14::20,test,official_test,source_fit,14,305c,2.8,71.4,8.500000000000002,0.28867513459481287,True,62.983489608764636,63.42700309753417,65.08201160430907,64.0314367622137,7.611510708928108,63.9366899549961,0.953200346231462,1.7336797e-06,0.36578274,5,False,0.0,12.693064842380464,8.41651039123537,7.463310045003908,0.953200346231462,7.390666,7.6115108,0.0011680921,-0.23212592,0.45180258,entry,entry,True,0.45333051681518555,0.01722240447998047,0.9937315,1.0,0.9211709,7.390666,7.4161444,7.182629,7.15818,7.8468604,7.861806,7.628733,7.6115108,False,0.6563467492260062,routine automatic scoring,-0.953200346231462
14::27,test,official_test,source_fit,14,205b,2.9,53.65,6.166666666666667,0.2672612419124244,True,51.56088051795959,53.72350974082946,52.87063965797424,52.81417050361633,6.0633775144815445,52.75138437598943,1.1905038580298424,8.8925134e-07,0.06321874,5,False,0.0,9.881150250867625,2.0891194820404095,0.8986156240105672,1.1905038580298424,6.660122,6.0633774,-0.072440706,-0.555363,0.031059185,flight,flight,True,0.6111865043640137,0.6111865043640137,0.5586666,0.5,0.9972443,6.660122,6.610999,6.163699,6.0805187,6.7424984,6.674564,6.156019,6.0633774,False,0.6191950464396285,routine automatic scoring,-1.1905038580298424
14::30,test,official_test,source_fit,14,5253b,3.2,70.4,7.333333333333333,0.2672612419124244,True,62.01642150878907,63.76471252441407,62.0802474975586,63.62214689254762,6.586695373058319,63.23227558135987,1.2158540725707994,5.798765e-07,0.39419892,5,False,0.0,12.95715406298329,8.383578491210933,7.167724418640134,1.2158540725707994,6.8098955,6.586695,-0.07022301,-0.07557932,-0.07739798,entry,flight,False,0.0745553970336914,0.0745553970336914,0.6826233,0.0,-0.17398009,6.8098955,6.750135,6.7403097,6.6612506,6.7301354,6.6677876,6.6669,6.586695,False,0.5758513931888545,routine automatic scoring,-1.2158540725707994
14::34,test,official_test,source_fit,14,5253b,3.2,65.8,6.854166666666665,0.2672612419124244,True,54.736651611328135,57.391864013671885,56.68157501220704,58.79145984649659,6.124230533838272,58.79261312484742,4.055961513519286,3.0454728e-06,0.3350464,5,False,0.0,12.407413118263541,11.063348388671862,7.0073868751525765,4.055961513519286,6.341627,6.1242304,0.0007819335,0.16999285,-0.38817152,entry,entry,True,0.37417173385620117,0.37417173385620117,0.8895006,1.0,0.976339,6.341627,6.3071704,6.4954658,6.498402,5.950549,5.92699,6.0771165,6.1242304,False,0.8111455108359134,teacher-adapter difference,-4.055961513519286
14::40,test,official_test,source_fit,14,407c,3.2,75.2,7.833333333333332,0.37796447300922725,True,64.48587799072267,65.92651977539063,66.68585357666016,66.77156739234925,6.9074912667274475,66.31191616058351,1.826038169860837,2.887511e-07,0.32373562,5,False,0.0,12.302294978853723,10.714122009277332,8.888083839416495,1.826038169860837,6.9100704,6.907491,-0.03591315,0.03188451,0.001449426,takeoff,takeoff,True,0.05088996887207031,0.04391002655029297,-0.18705508,0.0,-0.019389635,6.9100704,6.882896,6.9236913,6.8733153,6.8725553,6.863581,6.958381,6.907491,False,0.6842105263157895,phase boundary ambiguity,-1.826038169860837
14::45,test,official_test,source_fit,14,107c,2.7,8.1,0.9999999999999998,0.2439750182371333,True,24.35359439849854,29.313592600822453,25.643876838684086,27.843043667078025,3.38653028011322,27.430895268917087,3.077300870418547,0.0005956745,1.3509108,5,False,0.0,21.84846987776667,16.253594398498542,19.33089526891709,-3.077300870418547,5.0369816,3.3865304,0.20134914,-0.048416972,-1.8033834,entry,entry,True,1.9478769302368164,0.24298691749572754,0.9937804,1.0,0.9985362,5.0369816,5.304203,5.143446,5.3344073,3.3384032,3.6295173,3.2907422,3.3865304,False,0.9969040247678018,wide prediction interval; predicted high judge disagreement,3.077300870418547
14::49,test,official_test,source_fit,14,407c,3.2,80.0,8.333333333333332,0.3933978962347216,True,84.4472625732422,83.40108947753907,87.52554016113282,84.64366092681885,8.803752556443214,84.51602454185488,0.06876196861267658,1.4881235e-07,0.27549073,5,False,0.0,11.853925303914131,4.447262573242199,4.5160245418548755,-0.06876196861267658,8.855901,8.803753,-0.017278671,-0.018548489,-0.016320705,flight,takeoff,False,0.0036258697509765625,0.0036258697509765625,0.5569617,0.5,0.54252464,8.855901,8.835067,8.824206,8.805379,8.826662,8.807379,8.8157,8.803753,True,0.07430340557275542,routine automatic scoring,0.06876196861267658
14::51,test,official_test,source_fit,14,6243d,3.2,76.8,7.999999999999998,0.34503277967117707,True,76.6673309326172,76.59039459228516,77.33545532226563,76.88105943202973,7.993243783712387,76.73514032363893,0.06780939102172567,4.2384107e-07,0.121688984,5,False,0.0,10.424550419186634,0.1326690673827926,0.06485967636106693,0.06780939102172567,7.923883,7.9932437,0.11935886,-0.10841242,0.0584143,takeoff,takeoff,True,0.11708784103393555,0.11708784103393555,0.41478294,1.0,0.6471134,7.923883,8.045032,7.822688,7.9432716,7.990258,8.109355,7.876156,7.9932437,False,0.15789473684210525,routine automatic scoring,-0.06780939102172567
14::52,test,official_test,source_fit,14,205b,2.9,30.45,3.5,0.39339789623472154,True,38.81096105575561,42.561990594863886,40.17205352783203,46.229380488395684,5.274406015872955,45.88733233809471,7.076371282339096,1.2155089e-05,0.5017873,5,False,0.0,13.957039515625103,8.360961055755613,15.43733233809471,-7.076371282339096,5.4420505,5.274406,0.3894043,0.25012732,-0.8071761,entry,entry,True,0.7518162727355957,0.3385734558105469,0.96404314,1.0,0.95824695,5.4420505,5.803263,5.643301,6.026222,4.619084,4.9358325,4.8172407,5.274406,False,0.9566563467492261,wide prediction interval; teacher-adapter difference; predicted high judge disagreement,7.076371282339096
14::56,test,official_test,source_fit,14,205b,2.9,33.35,3.833333333333334,0.4498677054212186,True,32.96101055145263,37.440833187103266,37.39551930427551,39.91058707237244,4.54704475402832,39.559289360046385,6.598278808593754,2.6691567e-05,0.34460387,5,False,0.0,12.49623647396164,0.3889894485473704,6.209289360046384,-5.8202999114990135,5.405353,4.5470448,0.06958135,-0.040902775,-0.8869869,entry,entry,True,0.7661638259887695,0.7661638259887695,0.9132415,1.0,0.78051484,5.405353,5.445834,5.29653,5.3132086,4.440155,4.477415,4.405751,4.5470448,True,0.9442724458204335,teacher-adapter difference; predicted high judge disagreement,5.8202999114990135
14::60,test,official_test,source_fit,14,305c,2.8,71.4,8.500000000000002,0.1889822365046136,True,62.98330535888671,63.42684288024901,63.223435020446765,62.36835624575614,7.436676017940044,62.46807855069636,0.5152268081903486,4.744901e-07,0.27305537,5,False,0.0,11.831292028816042,8.416694641113295,8.931921449303644,-0.5152268081903486,7.4840164,7.436676,-0.00087753934,-0.06256572,0.01610287,flight,flight,True,0.10193634033203125,0.011964797973632812,-0.097877845,1.0,0.34504747,7.4840164,7.5024757,7.462314,7.448641,7.52968,7.5386124,7.4553976,7.436676,False,0.4055727554179567,phase boundary ambiguity,0.5152268081903486
14::67,test,official_test,source_fit,14,6243d,3.2,52.8,5.499999999999999,0.4755948656056709,True,46.735963439941415,50.38791046142579,53.26468963623048,54.38633480072022,5.640013515949249,54.1441297531128,7.408166313171385,6.351995e-06,0.4746419,5,False,0.0,13.704760357190276,6.064036560058582,1.344129753112803,4.7199068069457795,5.7874975,5.6400137,0.096880995,0.34194574,-0.58631057,entry,entry,True,0.4731755256652832,0.43983983993530273,0.995131,1.0,0.8752147,5.7874975,5.8757296,6.059411,6.113189,5.115914,5.200174,5.506622,5.6400137,True,0.9628482972136223,teacher-adapter difference; predicted high judge disagreement,-4.7199068069457795
14::69,test,official_test,source_fit,14,107b,3.0,57.0,6.333333333333333,0.4498677054212186,True,46.49172019958496,49.581946849823,50.13890218734741,50.811534225940704,5.712010681629181,51.40809613466263,4.916375935077667,2.566801e-06,0.4673967,5,False,0.0,13.637426384546322,10.508279800415039,5.591903865337372,4.916375935077667,6.7675753,5.712011,-0.12004471,-1.1657591,0.23023939,flight,flight,True,1.0523972511291504,0.23340320587158203,0.24236412,0.5,0.90778184,6.7675753,6.7816525,5.5092177,5.2561884,6.792995,6.764408,5.945414,5.712011,True,0.9504643962848297,teacher-adapter difference; phase boundary ambiguity; predicted high judge disagreement,-4.916375935077667
14::70,test,official_test,source_fit,14,6243d,3.2,54.4,5.666666666666666,0.2672612419124244,True,52.17772521972657,55.15172882080079,53.58649291992188,57.33044757843018,5.93898993730545,57.014303398132334,4.836578178405766,2.474064e-06,0.5403371,5,False,0.0,14.315306503788877,2.2222747802734304,2.6143033981323356,-0.3920286178589052,6.3655257,5.93899,0.1070238,-0.043622416,-0.48993698,entry,entry,True,0.4532489776611328,0.4532489776611328,0.7596511,0.5,0.5545627,6.3655257,6.5020604,6.2744417,6.392239,5.8292584,5.944793,5.8711195,5.93899,False,0.8637770897832817,wide prediction interval; teacher-adapter difference; predicted high judge disagreement,0.3920286178589052
14::71,test,official_test,source_fit,14,6142d,3.1,68.2,7.333333333333333,0.2672612419124244,True,69.53461217880249,70.05020370483399,68.4840012073517,70.14558069258929,7.497029334306717,69.72237280905247,0.1877606302499828,9.935635e-06,0.28457788,3,False,0.0,11.938377773330023,1.3346121788024874,1.5223728090524702,-0.1877606302499828,8.270381,7.4970293,-0.1478452,-0.02660791,-0.5988986,entry,entry,True,0.6102933883666992,0.02147531509399414,0.89663965,1.0,1.0,8.270381,8.150183,8.236403,8.107323,7.68064,7.5185046,7.6747584,7.4970293,False,0.7151702786377709,routine automatic scoring,0.1877606302499828
14::79,test,official_test,source_fit,14,205b,2.9,56.55,6.5,0.28867513459481287,True,56.784638214111325,58.29648656845092,59.28853411674499,57.68179108723998,6.641754105687141,57.78326071947813,0.9986225053668036,1.0126477e-06,0.12583905,5,False,0.0,10.463119592254086,0.23463821411132812,1.2332607194781318,-0.9986225053668036,6.7406898,6.641754,0.0322295,-0.024286667,-0.10687844,entry,entry,True,0.0913991928100586,0.01576089859008789,0.69543165,1.0,0.7229995,6.7406898,6.774954,6.7088237,6.7331533,6.6192784,6.657515,6.610613,6.641754,False,0.5758513931888545,routine automatic scoring,0.9986225053668036
14::82,test,official_test,source_fit,14,5253b,3.2,57.6,5.999999999999999,0.6267831705280087,True,73.52978668212891,73.8437255859375,73.04288635253907,73.13771467208863,7.614149697124958,73.0958370923996,0.4339495897293091,1.761764e-07,0.34118304,5,False,0.0,12.464444584283129,15.929786682128913,15.495837092399604,0.4339495897293091,7.803068,7.6141496,-0.09899775,0.03995784,-0.12987868,entry,entry,True,0.17497634887695312,0.004043102264404297,0.7949357,1.0,0.519036,7.803068,7.7002687,7.877878,7.789126,7.7172246,7.6101065,7.710408,7.6141496,True,0.3219814241486068,routine automatic scoring,-0.4339495897293091
14::83,test,official_test,source_fit,14,5253b,3.2,72.0,7.499999999999999,0.28867513459481287,True,66.93336181640626,68.06909179687501,66.74031372070313,67.27265768051149,6.993567451834679,67.13824753761293,0.20488572120666504,6.7608886e-07,0.20147498,5,False,0.0,11.166051085744769,5.066638183593739,4.861752462387074,0.20488572120666504,6.868354,6.9935675,-0.08850646,0.06337476,0.15034533,entry,entry,True,0.1551833152770996,0.11668586730957031,0.430608,0.5,-0.5186093,6.868354,6.809699,6.9633846,6.838384,7.0155334,6.9601765,7.1102533,6.9935675,False,0.21052631578947367,routine automatic scoring,-0.20488572120666504
14::85,test,official_test,source_fit,14,5253b,3.2,67.2,6.999999999999999,0.0,True,72.70894317626954,73.12514648437501,73.1096878051758,72.25357146263124,7.537668578326702,72.36161835193636,0.34732482433318523,3.057303e-07,0.3826217,5,False,0.0,12.849559798906917,5.50894317626954,5.1616183519363545,0.34732482433318523,7.567554,7.5376687,-0.0867784,0.15603375,-0.099140644,flight,flight,True,0.2076106071472168,0.06366777420043945,0.9342159,0.5,0.8596503,7.567554,7.4652863,7.6746206,7.6013365,7.43555,7.330058,7.606348,7.5376687,False,0.19814241486068113,routine automatic scoring,-0.34732482433318523
14::86,test,official_test,source_fit,14,5253b,3.2,80.0,8.333333333333332,0.37796447300922725,True,73.77282714843751,74.05648956298829,73.48072814941408,73.58286738395692,7.652848400175571,73.4673446416855,0.30548250675201416,2.187266e-07,0.31620595,5,False,0.0,12.23231703685105,6.227172851562486,6.5326553583145,-0.30548250675201416,7.8076134,7.6528482,-0.060841084,0.078992605,-0.17291665,entry,entry,True,0.1817455291748047,0.06477642059326172,0.9744923,1.0,0.96067137,7.8076134,7.757786,7.9000797,7.834594,7.642783,7.588072,7.7254453,7.6528482,False,0.21052631578947367,routine automatic scoring,0.30548250675201416
17::2,test,official_test,source_fit,17,405b,3.0,67.5,7.5,0.18898223650461357,True,64.07326984405518,64.97316598892212,62.09285545349121,63.48155401647091,7.05421406775713,63.48792660981417,0.5853432342410088,5.693949e-07,0.26146692,5,False,0.0,11.723593346507085,3.426730155944824,4.012073390185833,-0.5853432342410088,6.998415,7.054214,-0.013448954,0.100821495,-0.031573534,flight,flight,True,0.09925317764282227,0.09925317764282227,0.43271947,0.5,0.18120827,6.998415,6.988705,7.097871,7.078612,6.956732,6.954961,7.074336,7.054214,False,0.4086687306501548,routine automatic scoring,0.5853432342410088
17::6,test,official_test,source_fit,17,205b,3.0,67.5,7.5,0.47559486560567094,True,70.48259496688843,70.58401250839233,72.03160285949707,68.92073647677898,7.735958777368069,69.62362899631262,0.8589659705758095,6.936106e-08,0.3634225,5,False,0.0,12.671129812280629,2.9825949668884277,2.1236289963126183,0.8589659705758095,7.532708,7.7359586,-0.14830334,0.16330497,0.1882488,entry,entry,True,0.20987319946289062,0.1668567657470703,0.8166093,1.0,0.8640637,7.532708,7.404238,7.699159,7.5260854,7.7006125,7.5745196,7.9028153,7.7359586,True,0.48297213622291024,routine automatic scoring,-0.8589659705758095
17::10,test,official_test,source_fit,17,205b,3.0,72.0,8.0,0.0,True,76.06767082214355,75.47329330444336,75.30543422698975,75.08772602677345,8.375969536602497,75.38372582942247,0.6839449927210808,2.4595093e-07,0.2690554,5,False,0.0,11.794117753159325,4.067670822143555,3.383725829422474,0.6839449927210808,8.288749,8.37597,0.01237456,-0.01985391,0.09470049,entry,entry,True,0.08914375305175781,0.021981239318847656,0.83820647,1.0,0.95386297,8.288749,8.291596,8.264372,8.286826,8.389086,8.391221,8.353989,8.37597,False,0.44272445820433437,routine automatic scoring,-0.6839449927210808
17::13,test,official_test,source_fit,17,205b,3.0,72.0,8.0,0.24397501823713333,True,74.89508628845215,74.44679260253906,75.191725730896,73.604029789567,8.225823752582073,74.03241377323866,0.8626725152134895,2.8331465e-07,0.3033594,5,False,0.0,12.112926005235755,2.8950862884521484,2.032413773238659,0.8626725152134895,8.243769,8.225823,-0.06610171,0.05765565,-0.009499232,takeoff,takeoff,True,0.07223033905029297,0.07223033905029297,0.40686235,0.5,0.24552062,8.243769,8.183323,8.31077,8.240962,8.239436,8.177986,8.298054,8.225823,False,0.4984520123839009,routine automatic scoring,-0.8626725152134895
17::14,test,official_test,source_fit,17,5253b,3.4,84.15,8.250000000000002,0.2439750182371333,True,85.83132648468018,85.20487689971924,86.50769748687743,85.1949612557888,8.397780001163483,85.65735601186752,0.17397047281265543,7.1164453e-07,0.36249852,5,False,0.0,12.6625425897793,1.68132648468017,1.5073560118675147,0.17397047281265543,8.448971,8.39778,-0.1960082,-0.062728405,0.20754623,entry,entry,True,0.2239837646484375,0.061385154724121094,0.88038397,1.0,0.93323904,8.448971,8.252931,8.386089,8.173797,8.64127,8.459166,8.5925665,8.39778,False,0.26006191950464397,routine automatic scoring,-0.17397047281265543
17::20,test,official_test,source_fit,17,205b,3.0,67.5,7.5,0.18898223650461357,True,59.14628791809082,60.65999364852905,59.97265291213989,59.173427782952785,6.612938769161701,59.51644892245531,0.3701610043644905,4.4954135e-07,0.38401482,5,False,0.0,12.862506828832883,8.35371208190918,7.983551077544689,0.3701610043644905,6.6500835,6.612939,-0.052462976,-0.052918117,0.06823643,entry,entry,True,0.06728744506835938,0.059406280517578125,0.76113766,0.0,0.39809152,6.6500835,6.598475,6.5989685,6.5456514,6.714584,6.672345,6.6709414,6.612939,False,0.21052631578947367,routine automatic scoring,-0.3701610043644905
17::25,test,official_test,source_fit,17,205b,3.0,76.5,8.5,0.0,True,70.77341079711914,70.83859491348267,72.72251415252686,69.60447876155376,7.778340198099613,70.00506178289652,0.7683490142226219,7.160933e-08,0.2136338,5,False,0.0,11.279050585943088,5.726589202880859,6.494938217103481,-0.7683490142226219,7.750927,7.7783403,-0.074985504,0.030256271,0.0721426,takeoff,takeoff,True,0.09070491790771484,0.008852958679199219,0.92294586,0.0,-0.81953114,7.750927,7.6918535,7.802779,7.710285,7.8273497,7.7694874,7.8690453,7.7783403,False,0.4891640866873065,routine automatic scoring,0.7683490142226219
17::29,test,official_test,source_fit,17,405b,3.0,72.0,8.0,0.1889822365046136,True,68.29413557052612,68.6681900024414,66.2084755897522,67.32779011130333,7.487050749361515,67.38345674425364,0.9106788262724876,1.11850426e-07,0.2958404,5,False,0.0,12.04304749597976,3.705864429473877,4.616543255746365,-0.9106788262724876,7.3822966,7.4870505,-0.11705009,0.1217955,0.10000857,flight,takeoff,False,0.0880746841430664,0.07633733749389648,0.73094267,0.5,0.80642444,7.3822966,7.2682314,7.536251,7.410713,7.5044146,7.398976,7.6086473,7.4870505,False,0.5077399380804953,routine automatic scoring,0.9106788262724876
17::33,test,official_test,source_fit,17,207c,3.6,77.0,7.129629629629629,0.37796447300922725,True,81.4806552886963,81.98836269378663,79.8620704650879,80.58046801686288,7.460405237972736,80.57237657010556,0.9082787185907364,3.694871e-07,0.20074773,5,False,0.0,11.159292290199398,4.480655288696298,3.572376570105561,0.9082787185907364,7.744346,7.4604053,-0.028958717,-0.052600067,-0.20238201,entry,entry,True,0.21628952026367188,0.21628952026367188,0.822212,1.0,0.7995503,7.744346,7.7125225,7.7007966,7.676695,7.558436,7.5194917,7.483935,7.4604053,False,0.5356037151702786,routine automatic scoring,-0.9082787185907364
17::43,test,official_test,source_fit,17,407c,3.4,42.5,4.166666666666667,0.37796447300922725,True,43.85672378540039,48.45951347351074,47.17201852798462,48.41155335903167,4.8355841636657715,49.32295846939087,5.4662346839904785,9.281099e-06,0.5610313,5,False,0.0,14.507630485691797,1.3567237854003906,6.822958469390869,-5.4662346839904785,5.574831,4.835584,0.025492668,-0.026111841,-0.7386277,entry,entry,True,0.7374105453491211,0.020958900451660156,0.8484809,0.5,0.9735592,5.574831,5.6119943,5.5464506,5.5729947,4.8378706,4.856543,4.8188777,4.835584,False,0.9318885448916409,wide prediction interval; teacher-adapter difference; predicted high judge disagreement,5.4662346839904785
17::44,test,official_test,source_fit,17,107b,3.1,65.1,6.999999999999999,0.0,True,68.08631200790406,68.78233351707459,67.68566937446595,68.15258993804456,7.324772946536541,68.12038840278984,0.034076394885786954,1.7199743e-07,0.5283394,5,False,0.0,14.203804449676658,2.9863120079040613,3.020388402789848,-0.034076394885786954,7.5275764,7.324773,0.10473474,-0.030282894,-0.27725545,entry,entry,True,0.19357585906982422,0.045044898986816406,0.76624256,0.5,0.960217,7.5275764,7.6265483,7.416263,7.5183487,7.1609387,7.279728,7.219978,7.324773,False,0.6904024767801857,wide prediction interval,0.034076394885786954
17::53,test,official_test,source_fit,17,107b,3.1,65.1,6.999999999999999,0.24397501823713333,True,79.41450519561768,78.69924201965333,79.14905090332032,78.48031179606915,8.50488217920065,79.09540426656605,0.3191009290516291,5.031389e-07,0.23074487,5,False,0.0,11.438074291709546,14.314505195617684,13.995404266566055,0.3191009290516291,8.403206,8.504882,-0.0623285,-0.09181563,0.25582013,entry,entry,True,0.2585258483886719,0.2585258483886719,0.9873514,1.0,0.9960107,8.403206,8.346912,8.313029,8.246356,8.657885,8.596772,8.571681,8.504882,False,0.29411764705882354,routine automatic scoring,-0.3191009290516291
17::68,test,official_test,source_fit,17,5154b,3.4,81.6,8.0,0.1889822365046136,True,84.9623903274536,84.44419784545897,84.49855499267578,84.18457951247692,8.260709337890148,84.2592352464795,0.7031550809740992,2.1964779e-07,0.22263084,5,False,0.0,11.362665632212522,3.3623903274536104,2.6592352464795113,0.7031550809740992,7.703209,8.26071,0.0667158,-0.10855929,0.5993443,entry,entry,True,0.5949277877807617,0.5949277877807617,0.36224338,0.5,0.9764651,7.703209,7.769313,7.582021,7.665782,8.305121,8.358489,8.1952305,8.26071,False,0.7089783281733746,routine automatic scoring,-0.7031550809740992
17::79,test,official_test,source_fit,17,5353b,3.3,70.95,7.166666666666668,0.2672612419124244,True,77.16462821960448,77.32180824279784,77.18725447654722,74.99983007758854,7.638240188360214,75.61857786476611,1.5460503548383713,2.201364e-06,0.48474526,5,False,0.0,13.79865727571186,6.214628219604478,4.668577864766107,1.5460503548383713,7.540242,7.6382403,0.008881013,0.29141346,-0.20229633,flight,flight,True,0.40245580673217773,0.07337331771850586,0.8848737,0.0,0.9977481,7.540242,7.5951796,7.732294,7.7116137,7.2207036,7.2357845,7.663735,7.6382403,False,0.6222910216718266,routine automatic scoring,-1.5460503548383713
17::80,test,official_test,source_fit,17,307c,3.5,57.75,5.5,0.408248290463863,True,86.24387311935425,85.86210536956787,85.97138357162476,86.10299972444773,8.220122195780277,86.31128305569291,0.0674099363386631,1.468212e-07,0.5099732,5,False,0.0,14.033116368719227,28.493873119354248,28.56128305569291,-0.0674099363386631,7.3291936,8.220122,-0.13479066,0.31743407,0.70828533,entry,entry,True,0.686708927154541,0.686708927154541,0.81515735,0.5,0.9902052,7.3291936,7.1665754,7.6677384,7.5334134,8.051102,7.9317527,8.335039,8.220122,True,0.8978328173374613,wide prediction interval; predicted high judge disagreement,0.0674099363386631
17::84,test,official_test,source_fit,17,205b,3.0,76.5,8.5,0.2439750182371333,True,77.92612838745117,77.1002140045166,76.26057529449463,76.82951554656029,8.58000273257494,77.22002459317446,0.7061037942767143,5.973781e-07,0.36697876,5,False,0.0,12.704180260178921,1.4261283874511719,0.7200245931744576,0.7061037942767143,8.469069,8.580003,-0.078574814,-0.008434932,0.197944,entry,entry,True,0.20069503784179688,0.20069503784179688,0.84641933,0.5,0.987535,8.469069,8.394412,8.470716,8.379308,8.666624,8.596158,8.660133,8.580003,False,0.4551083591331269,routine automatic scoring,-0.7061037942767143
17::85,test,official_test,source_fit,17,109c,3.8,81.7,7.166666666666668,0.2672612419124244,True,92.59771156311034,92.31258544921874,90.90780715942381,91.01866422593592,8.021646328270435,91.44676814228295,1.1509434208273888,2.0825516e-07,0.25480887,5,False,0.0,11.661715988187046,10.897711563110335,9.746768142282946,1.1509434208273888,8.029289,8.0216465,-0.09208862,0.27494583,-0.19049995,flight,flight,True,0.41716766357421875,0.41716766357421875,-0.51713693,0.0,0.75826156,8.029289,7.9655895,8.166126,8.088313,7.719069,7.604479,8.138011,8.0216465,False,0.5758513931888545,phase boundary ambiguity,-1.1509434208273888
17::87,test,official_test,source_fit,17,205b,3.0,72.0,8.0,0.1889822365046136,True,72.51278686523438,72.36127853393555,71.97824621200562,69.83343762159348,7.869772166013718,70.82794949412346,1.6848373711109161,2.4074955e-08,0.3845891,5,False,0.0,12.867844068466498,0.512786865234375,1.1720505058765411,-0.6592636406421661,7.9991403,7.869772,-0.060014803,-0.042576153,-0.026777348,takeoff,flight,False,0.07192659378051758,0.09570884704589844,0.58185375,0.0,0.92543983,7.9991403,7.9494815,8.031635,7.965481,8.039739,7.988975,7.9416986,7.869772,False,0.6501547987616099,routine automatic scoring,0.6592636406421661
17::97,test,official_test,source_fit,17,307c,3.5,63.0,6.0,0.5345224838248488,True,77.54618239402771,78.24797916412354,77.64683890342712,77.02476055920124,7.320955865085125,76.87003658339381,0.6761458106338978,1.1623709e-07,0.09210378,5,False,0.0,10.149596786152136,14.54618239402771,13.870036583393812,0.6761458106338978,7.800688,7.3209558,0.039499044,-0.23872423,-0.28050685,entry,entry,True,0.28937339782714844,0.05811929702758789,0.89097273,1.0,0.60117334,7.800688,7.823853,7.561873,7.610329,7.531334,7.557303,7.2628365,7.3209558,True,0.4953560371517028,routine automatic scoring,-0.6761458106338978
17::103,test,official_test,source_fit,17,407c,3.4,81.6,8.0,0.5,True,81.18673782348633,81.13891267776489,80.89878015518188,81.31368141174316,7.981551803648472,81.4118283972144,0.22509057372808172,1.4035267e-07,0.57573277,5,False,0.0,14.644260496655084,0.41326217651366903,0.1881716027855873,0.22509057372808172,8.035371,7.9815516,-0.018175045,-0.04483525,0.009191115,flight,flight,True,0.052813053131103516,0.052813053131103516,0.57840353,0.5,0.5513645,8.035371,8.020686,7.9973893,7.9760475,8.047125,8.034365,8.004341,7.9815516,True,0.5232198142414861,wide prediction interval,-0.22509057372808172
17::112,test,official_test,source_fit,17,407c,3.4,78.2,7.666666666666668,0.37796447300922725,True,84.43563766479491,83.98305702209473,84.30753650665282,84.10317526459693,8.251722268760204,84.16756714135408,0.2680705234408265,7.0034524e-08,0.32649213,5,False,0.0,12.32791289818076,6.235637664794908,5.967567141354081,0.2680705234408265,8.534766,8.251722,-0.04660209,-0.076052986,-0.16038878,entry,entry,True,0.17088794708251953,0.041474342346191406,0.48315245,0.5,-0.27521044,8.534766,8.48266,8.458612,8.42261,8.3845005,8.328051,8.293197,8.251722,False,0.26625386996904027,routine automatic scoring,-0.2680705234408265
17::114,test,official_test,source_fit,17,307c,3.5,80.5,7.666666666666667,0.37796447300922725,True,84.14005994796753,84.02038764953613,83.33471775054932,82.3561367020011,7.899089001119137,82.94043451175094,1.1996254362165928,1.696381e-07,0.6028359,5,False,0.0,14.89614663261767,3.6400599479675293,2.4404345117509365,1.1996254362165928,8.148904,7.899089,-0.16818428,-0.04490328,-0.03672743,takeoff,takeoff,True,0.1627216339111328,0.08237171173095703,0.6870987,0.5,0.039521575,8.148904,7.9735193,8.145585,7.9814606,8.156083,7.987314,8.0618105,7.899089,False,0.6811145510835913,wide prediction interval,-1.1996254362165928
17::125,test,official_test,source_fit,17,5154b,3.4,74.8,7.333333333333334,0.3933978962347216,True,80.3234046936035,80.38313627243042,75.90583105087279,78.67459397614002,7.739886432886124,78.94684161543846,1.3765630781650486,2.0781512e-07,0.3809643,5,False,0.0,12.834156586258018,5.52340469360351,4.146841615438461,1.3765630781650486,7.6986556,7.7398863,-0.032319386,0.6535196,-0.57996947,flight,flight,True,0.8038234710693359,0.045296669006347656,0.117611766,0.0,0.99483114,7.6986556,7.6795897,8.2021475,8.159798,6.9589043,6.936063,7.785183,7.7398863,True,0.8513931888544891,phase boundary ambiguity; predicted high judge disagreement,-1.3765630781650486
17::138,test,official_test,source_fit,17,5353b,3.3,69.3,7.000000000000001,0.24397501823713333,True,73.38364992141723,74.01186962127684,72.45915040969848,71.25383532196282,7.245923012495041,71.7346378237009,1.6490120977163372,2.3250093e-06,0.43095237,5,False,0.0,13.29872659764856,4.0836499214172335,2.4346378237008963,1.6490120977163372,7.3269644,7.245923,-0.073080145,0.15538566,-0.16334684,entry,flight,False,0.07676219940185547,0.09046125411987305,0.9006476,0.5,0.93728924,7.3269644,7.269729,7.402448,7.3226852,7.0754967,7.0121717,7.3363843,7.245923,False,0.6408668730650154,routine automatic scoring,-1.6490120977163372
17::150,test,official_test,source_fit,17,305b,3.0,76.5,8.5,0.2439750182371333,True,68.52383995056152,68.86927843093872,65.85025691986084,66.76750575006008,7.448325008153915,67.03492507338524,1.4889148771762848,1.3445722e-07,0.10756119,5,False,0.0,10.293252108428177,7.976160049438477,9.465074926614761,-1.4889148771762848,6.687049,7.448325,-0.06620654,1.2358829,-0.40840015,flight,flight,True,1.4041357040405273,1.4041357040405273,0.97852397,1.0,0.6921924,6.687049,6.6305127,7.7620544,7.69334,6.1226387,6.0441895,7.5168266,7.448325,False,0.8978328173374613,predicted high judge disagreement,1.4889148771762848
17::151,test,official_test,source_fit,17,205b,3.0,72.0,8.0,0.2439750182371333,True,60.97733974456787,62.26292896270752,60.127676010131836,59.87891601026058,6.688319660723209,60.194876946508884,0.7824627980589867,2.6881946e-07,0.28905612,5,False,0.0,11.979996886643217,11.022660255432129,11.805123053491116,-0.7824627980589867,6.947734,6.6883197,-0.025566816,0.07126832,-0.3051157,entry,entry,True,0.26738834381103516,0.10918903350830078,0.9679229,1.0,0.56535465,6.947734,6.9371877,6.9823627,6.955708,6.606172,6.5791306,6.727626,6.6883197,False,0.5201238390092879,routine automatic scoring,0.7824627980589867
17::153,test,official_test,source_fit,17,5353b,3.3,69.3,7.000000000000001,0.34503277967117707,True,76.97981328964232,77.16002082824706,77.00216102600096,74.91178216785191,7.6344828605651855,75.58138031959533,1.398432970046997,2.298011e-06,0.48478732,5,False,0.0,13.799048082412588,7.6798132896423255,6.281380319595328,1.398432970046997,7.8281984,7.634483,-0.08387915,0.04520448,-0.1550409,entry,entry,True,0.1566925048828125,0.1566925048828125,0.9157207,0.5,0.4697135,7.8281984,7.749905,7.8822036,7.7911754,7.672587,7.6003013,7.72617,7.634483,False,0.5882352941176471,routine automatic scoring,-1.398432970046997
17::160,test,official_test,source_fit,17,5154b,3.4,81.6,8.0,0.34503277967117707,True,83.5037841796875,83.16730098724365,82.01148204803467,80.81002421379088,7.986692398786545,81.46426246762275,2.0395217120647544,1.930767e-07,0.24159722,5,False,0.0,11.538931917955685,1.9037841796875057,0.13573753237724873,1.768046647310257,7.9864774,7.9866924,-0.059805553,0.5791722,-0.5191516,flight,flight,True,0.8288774490356445,0.07016181945800781,0.22743306,0.5,0.9874193,7.9864774,7.936725,8.315641,8.2515745,7.2127533,7.157815,8.056854,7.9866924,False,0.7058823529411765,phase boundary ambiguity,-1.768046647310257
17::162,test,official_test,source_fit,17,109c,3.8,74.1,6.5,0.28867513459481287,True,81.98536891937255,83.02234582900999,80.64853448867797,81.59047292768955,7.171076916158199,81.75027684420346,0.23509207516909214,5.643286e-07,0.54451317,5,False,0.0,14.354117403679899,7.885368919372553,7.650276844203461,0.23509207516909214,7.419145,7.171077,-0.14104342,0.052416086,-0.159441,entry,takeoff,False,0.1376953125,0.16590070724487305,0.8449855,0.5,0.8903393,7.419145,7.3303213,7.436417,7.308772,7.265321,7.0561543,7.3369775,7.171077,False,0.4117647058823529,wide prediction interval,-0.23509207516909214
17::163,test,official_test,source_fit,17,5154b,3.4,73.1,7.166666666666667,0.2672612419124244,True,83.66883029937743,83.31178321838378,81.3078254699707,82.02269798219203,8.070028841495514,82.31429418325423,1.3545361161231995,2.2070748e-07,0.23506421,5,False,0.0,11.478216593308861,10.568830299377439,9.214294183254239,1.3545361161231995,8.046566,8.070029,-0.07695595,0.51421124,-0.41379204,flight,flight,True,0.7608394622802734,0.16725444793701172,0.20194532,0.5,0.997716,8.046566,7.9741225,8.315216,8.237284,7.3873034,7.30919,8.150431,8.070029,False,0.631578947368421,phase boundary ambiguity,-1.3545361161231995
17::164,test,official_test,source_fit,17,5154b,3.4,0.0,0.0,0.0,True,56.43837032318115,59.473727703094475,56.63187417984008,60.00600374937057,5.85381817817688,59.70894541740417,3.2705750942230267,1.3005384e-05,0.33111942,5,False,0.0,12.370917145661451,56.43837032318115,59.70894541740417,-3.2705750942230267,6.1090155,5.853818,-0.16401386,-0.16557217,0.074388504,flight,takeoff,False,0.12492179870605469,0.12409114837646484,0.667828,0.5,0.27504456,6.1090155,5.9218526,5.910995,5.729727,6.1419034,5.9787397,5.9864807,5.853818,False,0.7801857585139319,routine automatic scoring,3.2705750942230267
17::169,test,official_test,source_fit,17,5353b,3.3,82.5,8.333333333333334,0.2672612419124244,True,79.09441709518431,79.01118192672729,77.03129239082335,76.81370659321546,7.827749878168106,77.49472379386424,1.5996933013200731,1.6389366e-06,0.5377337,5,False,0.0,14.29111138674507,3.405582904815688,5.005276206135761,-1.5996933013200731,7.9121933,7.8277497,-0.068796,0.24501841,-0.26066598,entry,flight,False,0.21716737747192383,0.21716737747192383,0.2508396,0.5,0.1034082,7.9121933,7.8500586,8.119651,8.044917,7.6073227,7.5458765,7.903913,7.8277497,False,0.6377708978328174,wide prediction interval; phase boundary ambiguity,1.5996933013200731
18::13,test,official_test,source_fit,18,5154b,3.4,78.2,7.666666666666668,0.2672612419124244,True,76.68483667373657,77.19786386489868,73.04660911560057,76.57445875257253,7.476385734975338,76.25913449674844,0.42570217698812485,1.1150568e-07,0.20744114,5,False,0.0,11.221498275132063,1.5151633262634334,1.9408655032515583,-0.42570217698812485,7.356526,7.4763856,0.13248079,0.07391969,-0.08654078,takeoff,takeoff,True,0.12505245208740234,0.03962373733520508,0.4441452,1.0,-0.54660946,7.356526,7.489255,7.3990893,7.5160093,7.215888,7.3782897,7.351333,7.4763856,False,0.38390092879256965,routine automatic scoring,0.42570217698812485
18::20,test,official_test,source_fit,18,5353b,3.3,84.15,8.500000000000002,0.1889822365046136,True,86.01691875457763,85.07127056121826,84.05353746414184,84.98996526896953,8.612621568143368,85.26495352461933,0.7519652299583015,3.4403272e-06,0.36167535,5,False,0.0,12.654892361656824,1.8669187545776254,1.1149535246193238,0.7519652299583015,7.933469,8.612621,0.002096494,0.05650242,0.62055355,entry,entry,True,0.6075410842895508,0.6075410842895508,0.9993666,1.0,0.99834293,7.933469,7.9406934,8.006674,8.00508,8.568612,8.571244,8.614076,8.612621,False,0.8421052631578947,predicted high judge disagreement,-0.7519652299583015
18::28,test,official_test,source_fit,18,5353b,3.3,74.25,7.500000000000001,0.24397501823713333,True,73.57433738708495,74.1788025856018,71.44335279464721,73.3135651141405,7.391143463551998,73.17232028916477,0.40201709792017937,1.0362545e-06,0.2730492,5,False,0.0,11.831234695728126,0.6756626129150476,1.077679710835227,-0.40201709792017937,7.4648037,7.3911433,-0.030838251,0.37503672,-0.41785884,entry,flight,False,0.25941991806030273,0.25941991806030273,-0.04285784,0.0,0.9896635,7.4648037,7.436654,7.687557,7.6505632,6.8947406,6.857589,7.4184356,7.3911433,False,0.5789473684210527,phase boundary ambiguity,0.40201709792017937
18::37,test,official_test,source_fit,18,5353b,3.3,79.2,8.000000000000002,0.2439750182371333,True,84.58997755050657,83.82210102081298,82.62784252166747,83.98374681472777,8.515852130949497,84.30693609640001,0.28304145410656645,2.1454314e-06,0.36159968,5,False,0.0,12.654189131172666,5.389977550506572,5.1069360964000055,0.28304145410656645,7.976876,8.515852,-0.021298409,0.120343685,0.43993092,entry,entry,True,0.48741912841796875,0.16091537475585938,0.6670202,0.5,0.8921363,7.976876,7.958666,8.056501,8.028433,8.369172,8.354937,8.540385,8.515852,False,0.7027863777089783,routine automatic scoring,-0.28304145410656645
18::38,test,official_test,source_fit,18,407c,3.4,86.7,8.5,0.2439750182371333,True,87.77296028137206,86.90461750030516,86.92619304656982,87.3675772100687,8.572643421590328,87.44096290022134,0.3319973811507282,1.4105568e-07,0.2937295,5,False,0.0,12.023429608940372,1.0729602813720618,0.7409629002213336,0.3319973811507282,8.674338,8.572643,-0.048168022,-0.051570255,-0.0019567807,flight,flight,True,0.043992042541503906,0.00551605224609375,0.6290357,0.5,-0.034744073,8.674338,8.6139765,8.613823,8.578159,8.674574,8.616635,8.609984,8.572643,False,0.25696594427244585,routine automatic scoring,-0.3319973811507282
18::42,test,official_test,source_fit,18,307c,3.5,82.25,7.833333333333333,0.2672612419124244,True,92.28357410430908,91.14936590194702,94.47155141830444,91.69812152534723,8.750287152826786,91.87801510468125,0.4055589996278286,3.368086e-08,0.23326941,5,False,0.0,11.461536403839476,10.033574104309082,9.628015104681253,0.4055589996278286,8.675694,8.750287,-0.113037586,0.14935637,0.03827381,flight,flight,True,0.15826416015625,0.15826416015625,0.7739571,0.0,0.9633934,8.675694,8.5539875,8.814427,8.701625,8.701864,8.592023,8.856371,8.750287,False,0.3591331269349845,routine automatic scoring,-0.4055589996278286
18::47,test,official_test,source_fit,18,5154b,3.4,86.7,8.5,0.408248290463863,True,78.12995080947876,78.4629467010498,76.31280441284179,76.90915702879428,7.552400194108486,77.03448197990656,1.095468829572198,1.1795933e-07,0.18966766,5,False,0.0,11.056318325186238,8.570049190521246,9.665518020093444,-1.095468829572198,7.4509344,7.5524,-0.03480355,-0.038640898,0.17491014,entry,entry,True,0.26838064193725586,0.26838064193725586,-0.28225723,0.0,-0.5275407,7.4509344,7.424891,7.3323736,7.2840195,7.531828,7.5116673,7.59651,7.5524,True,0.5758513931888545,phase boundary ambiguity,1.095468829572198
18::58,test,official_test,source_fit,18,109c,3.8,96.9,8.500000000000002,0.34503277967117707,True,96.44084758758544,95.6769453048706,95.78139152526855,95.32951189577578,8.378557078540325,95.51555069535969,0.9252968922257452,1.9110703e-07,0.23982674,5,False,0.0,11.522477737180697,0.45915241241456783,1.384449304640313,-0.9252968922257452,8.394223,8.378557,-0.27639008,0.09810209,0.16262197,takeoff,entry,False,0.032733917236328125,0.032733917236328125,0.6962886,0.0,0.78991103,8.394223,7.879195,8.303991,8.046077,8.392005,8.087103,8.411291,8.378557,False,0.5232198142414861,routine automatic scoring,0.9252968922257452
18::61,test,official_test,source_fit,18,205b,3.0,75.0,8.333333333333334,0.2672612419124244,True,74.37809371948242,73.99420738220215,75.16086959838867,73.43141140043736,8.217613004148006,73.95851703733206,0.4195766821503639,2.570502e-07,0.3096059,5,False,0.0,12.170978664951717,0.6219062805175781,1.041482962667942,-0.4195766821503639,8.127855,8.217613,0.035447598,-0.014278889,0.06858921,entry,entry,True,0.08105278015136719,0.08105278015136719,0.6500172,0.5,0.8411549,8.127855,8.163738,8.100727,8.13656,8.184128,8.218896,8.182454,8.217613,False,0.32507739938080493,routine automatic scoring,0.4195766821503639
18::65,test,official_test,source_fit,18,5154b,3.4,22.1,2.166666666666667,0.4879500364742666,True,60.71648111343384,63.218865108489986,61.49334182739258,62.594652387499806,6.159505143761635,62.826952466368674,2.1104713529348373,3.2193955e-06,0.13387808,5,False,0.0,10.537831253124331,38.616481113433835,40.72695246636867,-2.1104713529348373,7.088821,6.1595054,-0.042306583,-0.68693537,-0.20007364,flight,flight,True,0.7887840270996094,0.7887840270996094,0.627313,0.5,0.93598163,7.088821,7.04615,6.493123,6.453634,6.972191,6.9482894,6.212059,6.1595054,True,0.7213622291021672,routine automatic scoring,2.1104713529348373
18::69,test,official_test,source_fit,18,5355b,3.7,64.75,5.833333333333332,0.809173593712687,True,62.85427293777467,65.97855091094972,62.85427293777467,62.85427293777467,5.6625471115112305,62.85427293777467,0.0,0.00012075901,0.0,1,True,0.0,9.293619322981787,1.8957270622253333,1.8957270622253333,0.0,,,,,,open_set,open_set,False,,,,,,,,,,,,,,True,0.7616099071207431,insufficient similar references; phase boundary ambiguity,0.0
22::5,test,official_test,source_fit,22,405b,3.0,63.0,7.0,0.28867513459481287,True,65.02462148666382,65.8059983253479,64.34357643127441,63.97896793484688,7.141054637730122,64.2694917395711,0.7551297470927238,5.4409463e-07,0.17355578,5,False,0.0,10.906580640862241,2.0246214866638184,1.2694917395710945,0.7551297470927238,7.2941694,7.1410546,-0.061190844,-0.013671875,-0.07825208,entry,entry,True,0.0702829360961914,0.0702829360961914,0.85410666,1.0,-0.4302426,7.2941694,7.2350903,7.2726436,7.2113376,7.207689,7.147132,7.2046165,7.1410546,False,0.4984520123839009,routine automatic scoring,-0.7551297470927238
22::11,test,official_test,source_fit,22,107c,2.8,51.8,6.166666666666667,0.48795003647426666,True,42.91850967407226,45.86174125671386,43.02594738006591,47.06780290603637,5.612880706787109,47.14819793701171,4.229688262939447,8.347153e-05,0.8311205,5,False,0.0,17.017736778124156,8.881490325927736,4.651802062988288,4.229688262939447,6.540839,5.6128807,0.062131166,-0.2146275,-0.77546215,entry,entry,True,0.7840137481689453,0.22240018844604492,0.985183,1.0,0.88108724,6.540839,6.6286345,6.3221264,6.3968945,5.7620707,5.835281,5.5882716,5.6128807,True,0.9473684210526315,wide prediction interval; teacher-adapter difference; predicted high judge disagreement,-4.229688262939447
22::20,test,official_test,source_fit,22,205c,2.8,54.6,6.500000000000001,0.34503277967117707,True,53.3540822982788,54.997238731384265,53.49655551910399,54.4439140677452,6.526397913694382,54.8217424750328,1.467660176754002,2.6883026e-05,0.5280061,3,False,0.0,14.200706801100512,1.2459177017212042,0.22174247503279787,1.0241752266884063,6.4722533,6.5263977,0.044117372,0.0035659473,0.006461064,takeoff,takeoff,True,0.014966964721679688,0.0012731552124023438,0.22805917,0.0,1.0,6.4722533,6.54413,6.479267,6.5300593,6.487446,6.527671,6.5114307,6.5263977,False,0.6749226006191951,wide prediction interval; phase boundary ambiguity,-1.0241752266884063
22::24,test,official_test,source_fit,22,205c,2.8,68.6,8.166666666666668,0.2672612419124244,True,46.61082515716552,49.094064903259266,46.90950622558593,49.311581897735586,5.857686072587967,49.20456300973891,2.5937378525733905,4.0085433e-05,0.5250319,3,False,0.0,14.173066159352908,21.989174842834473,19.395436990261082,2.5937378525733905,6.4895425,5.857686,-0.09245523,-0.16177447,-0.37762675,entry,entry,True,0.3456902503967285,0.3456902503967285,0.62078625,0.5,1.0,6.4895425,6.420908,6.32523,6.2033763,6.097611,5.999291,5.9563303,5.857686,False,0.739938080495356,wide prediction interval,-2.5937378525733905
22::26,test,official_test,source_fit,22,205c,2.8,36.4,4.333333333333334,0.5345224838248488,True,44.255915451049795,47.032533073425284,44.61690502166747,47.63873119354247,5.640802294015884,47.38273926973342,3.1268238186836257,6.0071627e-05,0.52362025,3,False,0.0,14.159946576220314,7.855915451049796,10.982739269733422,-3.1268238186836257,6.468783,5.6408024,-0.16673422,-0.055110216,-0.6061361,entry,entry,True,0.590949535369873,0.1572246551513672,0.9423542,1.0,1.0,6.468783,6.303754,6.4095845,6.231752,5.858675,5.6806097,5.798027,5.6408024,True,0.8668730650154799,wide prediction interval; predicted high judge disagreement,3.1268238186836257
22::28,test,official_test,source_fit,22,205c,2.8,35.0,4.166666666666667,0.3933978962347216,True,40.42585716247558,43.67962989807128,40.89653949737548,45.54676508903503,5.483180403709412,46.05871539115905,5.632858228683467,0.00013275276,0.5208581,3,False,0.0,14.134276309291266,5.42585716247558,11.058715391159048,-5.632858228683467,6.366842,5.4831805,0.08453711,0.26747164,-1.23567,entry,entry,True,1.2395386695861816,0.24144935607910156,0.9906136,1.0,1.0,6.366842,6.4288335,6.609959,6.722719,5.084664,5.241731,5.4264746,5.4831805,True,0.9442724458204335,wide prediction interval; teacher-adapter difference; predicted high judge disagreement,5.632858228683467
22::30,test,official_test,source_fit,22,205c,2.8,57.4,6.833333333333334,0.2672612419124244,True,60.02145652770995,60.833986473083485,60.043750762939446,60.25414885282515,7.172619469463825,60.25000354349612,0.22854701578616954,4.954802e-05,0.52943605,3,False,0.0,14.213996444696782,2.6214565277099524,2.850003543496122,-0.22854701578616954,6.4978166,7.1726193,0.020311197,-0.060264032,0.7147556,entry,entry,True,0.7180938720703125,0.026212692260742188,0.98538584,1.0,1.0,6.4978166,6.516331,6.4354835,6.4545255,7.213339,7.2267094,7.1464067,7.1726193,False,0.9102167182662538,wide prediction interval; predicted high judge disagreement,0.22854701578616954
22::35,test,official_test,source_fit,22,405c,2.7,36.45,4.5,0.5669467095138409,True,31.74900727272034,35.78767890930176,32.72483396530152,34.66266726851464,4.345210820436478,35.19620764553547,3.447200372815132,0.00046782015,0.3687326,5,False,0.0,12.72047975240511,4.700992727279662,1.2537923544645295,3.447200372815132,6.5670958,4.345211,-0.14080866,-0.2147549,-1.8663212,entry,entry,True,1.8648667335510254,1.8648667335510254,0.9865569,1.0,0.9977822,6.5670958,6.344376,6.326936,6.210078,4.666263,4.567618,4.4371657,4.345211,True,0.9752321981424149,predicted high judge disagreement,-3.447200372815132
22::36,test,official_test,source_fit,22,305c,2.8,64.4,7.666666666666669,0.2672612419124244,True,72.11534614562987,71.42120475769042,72.2078155517578,71.74647976756094,8.599039874970913,72.23193494975565,0.11658880412578299,5.569673e-06,0.55659324,5,False,0.0,14.466385006850098,7.715346145629866,7.831934949755649,-0.11658880412578299,8.17662,8.59904,-0.11211443,0.45259905,0.08193588,flight,flight,True,0.47798919677734375,0.10305023193359375,0.5666445,0.5,0.984502,8.17662,8.054236,8.60422,8.49599,8.237833,8.121051,8.700494,8.59904,False,0.8421052631578947,wide prediction interval; predicted high judge disagreement,0.11658880412578299
22::41,test,official_test,source_fit,22,205b,3.0,30.0,3.3333333333333335,0.7867957924694432,True,39.52350425720215,43.481839656829834,41.218377113342285,41.28349605202675,4.7127558290958405,42.414802461862564,2.8912982046604156,9.342539e-06,0.39579234,5,False,0.0,12.971962617952203,9.523504257202148,12.414802461862564,-2.8912982046604156,5.2656407,4.7127557,-0.18905902,-0.17976642,-0.18405962,takeoff,takeoff,True,0.19246578216552734,0.14100408554077148,0.5463335,0.0,0.74425393,5.2656407,5.0587893,5.025913,4.895552,5.0591187,4.85376,4.9052215,4.7127557,True,0.7430340557275542,routine automatic scoring,2.8912982046604156
22::47,test,official_test,source_fit,22,5152b,3.0,46.5,5.166666666666667,0.5563486402641868,True,48.80571126937866,51.60765838623047,52.661865234375,52.31215935945511,5.8329786360263824,52.49680772423744,3.69109645485878,1.543688e-05,0.37342858,5,False,0.0,12.764122419053185,2.305711269378662,5.996807724237442,-3.69109645485878,6.852378,5.8329787,-0.10548544,0.6952605,-1.6091743,entry,entry,True,1.4908027648925781,0.8074474334716797,0.56893986,0.5,0.9587908,6.852378,6.726655,7.438748,7.3237815,5.1281285,5.0255313,5.9149303,5.8329787,True,0.9752321981424149,teacher-adapter difference; predicted high judge disagreement,3.69109645485878
22::48,test,official_test,source_fit,22,5233d,2.4,61.2,8.500000000000002,0.1889822365046136,True,50.00504150390625,50.88112907409668,50.00504150390625,50.00504150390625,6.9451446533203125,50.00504150390625,0.0,0.0,0.0,0,True,0.0,9.293619322981787,11.194958496093754,11.194958496093754,0.0,,,,,,open_set,open_set,False,,,,,,,,,,,,,,False,0.7275541795665634,insufficient similar references; phase boundary ambiguity,0.0
26::6,test,official_test,source_validation,26,405b,3.0,63.0,7.0,0.34503277967117707,True,61.219459533691406,62.47488784790039,61.57045555114746,61.63846440240741,6.8288470059633255,61.45962305366993,0.24016351997852325,1.8436096e-07,0.3229818,5,False,0.0,12.295289263270295,1.7805404663085938,1.5403769463300705,0.24016351997852325,6.7497373,6.828847,-0.1030705,0.06393719,0.11824298,entry,entry,True,0.1266331672668457,0.05862855911254883,0.6133962,0.5,-0.45057362,6.7497373,6.664211,6.820306,6.702214,6.860913,6.7702184,6.9481387,6.828847,False,0.15789473684210525,routine automatic scoring,-0.24016351997852325
26::7,test,official_test,source_validation,26,5152b,3.0,70.5,7.833333333333333,0.2672612419124244,True,73.90169906616211,73.57715606689453,73.38418292999268,74.25749650597572,8.23021463304758,74.07193169742823,0.1702326312661171,9.945575e-07,0.45932338,5,False,0.0,13.562395929549544,3.4016990661621094,3.5719316974282265,-0.1702326312661171,7.726768,8.230215,0.15249436,0.53794426,-0.18699153,flight,flight,True,0.5985827445983887,0.13657283782958984,0.5795948,0.5,0.98215914,7.726768,7.8931813,8.202071,8.331935,7.4525023,7.6316323,8.093642,8.230215,False,0.8173374613003096,predicted high judge disagreement,0.1702326312661171
26::14,test,official_test,source_validation,26,305b,3.0,58.5,6.5,0.24397501823713333,True,59.4920654296875,60.962692737579346,60.06521272659302,59.900689445436,6.673920035362244,60.06528031826019,0.5732148885726929,8.7970835e-07,0.4029106,5,False,0.0,13.038116969236553,0.9920654296875,1.5652803182601929,-0.5732148885726929,6.976389,6.67392,-0.06704608,0.30497822,-0.5404009,entry,entry,True,0.530240535736084,0.06281566619873047,0.9317006,1.0,0.88206273,6.976389,6.9057546,7.260481,7.2041607,6.42647,6.3474135,6.736736,6.67392,False,0.7337461300309598,routine automatic scoring,0.5732148885726929
26::16,test,official_test,source_validation,26,107b,3.1,65.1,6.999999999999999,0.24397501823713333,True,61.297480344772346,62.839261579513554,62.129652500152595,62.98253167569638,6.810126930475235,63.33418045341969,2.036700108647345,6.381981e-07,0.45942014,5,False,0.0,13.563295255812665,3.8025196552276483,1.7658195465803033,2.036700108647345,7.2558365,6.810127,0.12816286,0.09031153,-0.6641841,entry,entry,True,0.649695873260498,0.649695873260498,0.41119757,0.5,-0.04017794,7.2558365,7.3753033,7.3310194,7.4598227,6.5776825,6.7041683,6.6727495,6.810127,False,0.8947368421052632,predicted high judge disagreement,-2.036700108647345
26::19,test,official_test,source_validation,26,205b,3.0,52.5,5.833333333333333,0.6900655593423543,True,56.711923599243164,58.52890348434448,59.55958414077759,58.76092877984047,6.506973221898079,58.56275899708271,1.8508353978395462,1.0258348e-06,0.4056876,5,False,0.0,13.06392544491377,4.211923599243164,6.06275899708271,-1.8508353978395462,5.8966312,6.5069733,0.21468313,0.15256555,0.24309333,entry,entry,True,0.24626779556274414,0.11561298370361328,0.9423544,1.0,0.00998257,5.8966312,6.125065,6.0976157,6.2607055,6.1480165,6.3913603,6.2945743,6.5069733,True,0.6749226006191951,routine automatic scoring,1.8508353978395462
26::25,test,official_test,source_validation,26,205b,3.0,63.0,7.0,0.24397501823713327,True,60.831002712249756,62.13482666015625,62.282082080841064,61.59354501217604,6.839398570358753,61.55458713322878,0.723584420979023,2.906263e-07,0.279742,5,False,0.0,11.893435002746287,2.168997287750244,1.4454128667712212,0.723584420979023,6.615977,6.8393984,-0.056684334,0.16895215,0.11115376,flight,flight,True,0.19351816177368164,0.07212543487548828,0.86460114,0.5,0.9449646,6.615977,6.57349,6.7591195,6.701887,6.6995296,6.64588,6.911524,6.8393984,False,0.4582043343653251,routine automatic scoring,-0.723584420979023
26::26,test,official_test,source_validation,26,107b,3.1,65.1,6.999999999999999,0.0,True,71.88182945251465,72.10499997138977,72.25610847473145,71.39435084313155,7.68253443390131,71.44757023528219,0.43425921723246574,6.333642e-08,0.25963953,5,False,0.0,11.706610288768923,6.781829452514657,6.347570235282191,0.43425921723246574,7.625224,7.682534,0.019141674,0.08344364,-0.04527521,flight,flight,True,0.1364274024963379,0.1364274024963379,0.6231601,0.5,0.7841132,7.625224,7.648346,7.649679,7.664884,7.5110188,7.546107,7.6733775,7.682534,False,0.3591331269349845,routine automatic scoring,-0.43425921723246574
26::30,test,official_test,source_validation,26,205c,2.8,54.6,6.500000000000001,0.28867513459481287,True,46.046591949462886,48.600127029418935,49.38329315185546,50.664917278289785,6.027480781078339,50.630838561058034,4.584246611595148,2.7464372e-05,0.5682278,5,False,0.0,14.574512440946956,8.553408050537115,3.969161438941967,4.584246611595148,5.8187594,6.0274806,0.27626172,0.058061283,-0.12560184,takeoff,takeoff,True,0.24834775924682617,0.13556623458862305,0.9230187,1.0,0.0960352,5.8187594,6.12817,5.8547635,6.163047,5.708357,5.942127,5.779133,6.0274806,False,0.8452012383900929,wide prediction interval; teacher-adapter difference,-4.584246611595148
26::33,test,official_test,source_validation,26,305b,3.0,63.0,7.0,0.24397501823713333,True,64.65741634368896,65.48454093933105,62.497581481933594,63.96986250579357,7.155629597604275,64.40066637843847,0.2567499652504921,9.3488217e-07,0.55968827,5,False,0.0,14.495149044755145,1.6574163436889648,1.4006663784384727,0.2567499652504921,7.159767,7.1556296,-0.064116634,-0.088235535,0.14821465,entry,entry,True,0.17849302291870117,0.17849302291870117,0.47428465,0.0,0.3036307,7.159767,7.1136193,7.059622,6.9771366,7.2766714,7.2329874,7.238747,7.1556296,False,0.5077399380804953,wide prediction interval,-0.2567499652504921
26::39,test,official_test,source_validation,26,305b,3.0,60.2,6.688888888888889,0.2672612419124244,True,64.14676666259766,65.03750896453857,61.18080139160156,65.6132327914238,7.231027901172638,65.07925111055374,0.9324844479560852,9.105712e-07,0.2765241,5,False,0.0,11.86352901159737,3.9467666625976534,4.879251110553739,-0.9324844479560852,7.030579,7.231028,0.09719261,0.10340699,-0.00015060107,flight,flight,True,0.08087682723999023,0.06921958923339844,0.75988835,0.5,0.87066996,7.030579,7.1543665,7.155138,7.2247562,7.022628,7.1501513,7.1618085,7.231028,False,0.5201238390092879,routine automatic scoring,0.9324844479560852
26::59,test,official_test,source_validation,26,5152b,3.0,69.0,7.666666666666667,0.37796447300922725,True,61.50918960571289,62.72852182388306,59.84091567993164,62.44864001870155,6.9197854697704315,62.278069227933884,0.768879622220993,5.809347e-07,0.2756604,5,False,0.0,11.855502102317566,7.490810394287109,6.721930772066116,0.768879622220993,7.454074,6.9197855,0.04723215,-0.4799602,-0.101560354,flight,flight,True,0.39259910583496094,0.39259910583496094,0.49026704,0.0,-0.019650673,7.454074,7.5267878,6.8815656,6.9208097,7.2467904,7.3123846,6.903222,6.9197855,False,0.6749226006191951,routine automatic scoring,-0.768879622220993
26::60,test,official_test,source_validation,26,305b,3.0,51.0,5.666666666666667,0.8521681032463466,True,33.925965785980225,38.58164978027344,39.12233591079712,40.55128759145737,4.515880584716797,40.64292526245117,6.716959476470947,4.2575095e-05,0.5371383,5,False,0.0,14.285578051332493,17.074034214019775,10.357074737548828,6.716959476470947,4.8904862,4.5158806,0.040550154,0.052628916,-0.46778473,entry,entry,True,0.49292421340942383,0.03502798080444336,0.8204472,1.0,0.98159564,4.8904862,4.9502993,4.9709167,5.008805,4.4580417,4.4808526,4.4843926,4.5158806,True,0.9442724458204335,wide prediction interval; teacher-adapter difference; predicted high judge disagreement,-6.716959476470947
26::62,test,official_test,source_validation,26,107b,3.0,49.5,5.5,0.47559486560567094,True,67.04571533203125,67.57529926300049,65.6834921836853,66.63468705117702,7.427579127252102,66.84821214526892,0.19750318676233292,9.623827e-08,0.39122885,5,False,0.0,12.929551366322862,17.54571533203125,17.348212145268917,0.19750318676233292,7.7038503,7.427579,-0.010825396,-0.048526287,-0.21691966,entry,entry,True,0.2235269546508789,0.020984172821044922,0.8904193,0.5,0.3400536,7.7038503,7.7016873,7.660886,7.651106,7.4920416,7.4831634,7.448563,7.427579,True,0.6099071207430341,routine automatic scoring,-0.19750318676233292
26::69,test,official_test,source_validation,26,626c,3.3,62.7,6.333333333333335,0.4498677054212186,True,67.6933563709259,69.03048176765441,70.35399270057677,68.9016386322677,6.959504216909409,68.89909174740313,1.2057353764772358,2.1119629e-06,0.42144737,5,False,0.0,13.210390711683475,4.993356370925895,6.199091747403131,-1.2057353764772358,7.992979,6.959504,-0.10375317,-0.061856825,-0.8678649,entry,entry,True,0.8984503746032715,0.12760019302368164,0.66427225,0.5,-0.24687949,7.992979,7.912436,7.9616895,7.8579545,7.1550627,7.052565,7.0871043,6.959504,True,0.913312693498452,predicted high judge disagreement,1.2057353764772358
26::73,test,official_test,source_validation,26,305c,2.8,63.0,7.500000000000001,0.24397501823713327,True,68.02393341064452,67.83950729370116,68.7194927215576,67.93082313537596,8.105363868176937,68.08505649268626,0.0611230820417461,1.1002937e-06,0.54914504,5,False,0.0,14.39716430476223,5.023933410644517,5.085056492686263,-0.0611230820417461,7.8757944,8.105364,0.039164305,-0.048052073,0.2384572,entry,entry,True,0.20210599899291992,0.07320404052734375,0.89366347,1.0,0.97765344,7.8757944,7.9093304,7.853407,7.903258,8.151115,8.178568,8.060059,8.105364,False,0.7089783281733746,wide prediction interval,0.0611230820417461
26::77,test,official_test,source_validation,26,626c,3.3,64.35,6.5,0.24397501823713327,True,45.11350851058959,49.26365404129027,48.52319054603576,53.39106178879737,5.3542749881744385,53.00732238292694,7.893813872337347,9.992523e-05,0.9770327,5,False,0.0,18.373789498449078,19.236491489410405,11.342677617073058,7.893813872337347,5.664584,5.3542747,0.16746132,0.055087727,-0.53285843,entry,entry,True,0.5409388542175293,0.0543670654296875,0.9918808,1.0,0.9753109,5.664584,5.772727,5.721306,5.8952136,5.1407194,5.2999077,5.1265817,5.3542747,False,0.9814241486068112,wide prediction interval; teacher-adapter difference; predicted high judge disagreement,-7.893813872337347
26::82,test,official_test,source_validation,26,5255b,3.6,64.8,5.999999999999999,0.408248290463863,True,73.3664520263672,74.88503723144532,75.0210599899292,73.9903454437852,6.850744388997555,73.9880394011736,0.6215873748063956,1.8133231e-06,0.5026396,5,False,0.0,13.96496034484369,8.566452026367202,9.188039401173597,-0.6215873748063956,6.8441305,6.8507442,-0.03483987,-0.1416688,0.1831224,entry,entry,True,0.1991729736328125,0.1991729736328125,0.8906526,1.0,0.97932994,6.8441305,6.816544,6.7003565,6.6515713,7.012289,6.989221,6.891751,6.8507442,True,0.43034055727554177,wide prediction interval,0.6215873748063956
26::83,test,official_test,source_validation,26,205b,2.9,58.0,6.666666666666667,0.2672612419124244,True,46.08791098594665,48.93237247467041,49.84694709777832,51.478549718856804,5.865958571434021,51.03383957147598,4.94592858552933,1.2735682e-06,0.2759254,5,False,0.0,11.857964932355038,11.91208901405335,6.96616042852402,4.94592858552933,5.2158422,5.8659587,-0.085404396,0.14508557,0.59043527,entry,entry,True,0.6115679740905762,0.6115679740905762,0.98966277,1.0,0.9635834,5.2158422,5.162969,5.3830056,5.2543907,5.792172,5.735924,5.976867,5.8659587,False,0.8513931888544891,teacher-adapter difference,-4.94592858552933
26::84,test,official_test,source_validation,26,207c,3.3,34.65,3.5000000000000004,0.7480132415430956,True,30.16134338378906,36.17424874305725,37.48413105010986,34.570890712738034,3.5075962841510773,34.72520321309566,4.563859829306601,3.660897e-05,0.24110414,5,False,0.0,11.534349425493922,4.488656616210939,0.07520321309566214,4.413453403115277,4.0057645,3.5075963,-0.03420508,0.1254493,-0.58941245,entry,entry,True,0.6179449558258057,0.6179449558258057,0.80789477,1.0,0.8096355,4.0057645,3.9487076,4.1960583,4.125541,3.4633856,3.4284904,3.5004485,3.5075963,True,0.8513931888544891,teacher-adapter difference,-4.413453403115277
26::87,test,official_test,source_validation,26,207b,3.6,48.6,4.5,0.47559486560567094,True,71.9866138458252,73.67710075378419,68.69434604644776,73.13428591489793,6.777671843767166,73.1988559126854,1.212242066860199,4.587758e-06,0.66871977,5,False,0.0,15.50844628539792,23.386613845825202,24.5988559126854,-1.212242066860199,7.1594977,6.777672,0.04780364,0.004107952,-0.43373752,entry,entry,True,0.46095848083496094,0.01239776611328125,0.40242633,0.5,0.93236727,7.1594977,7.193435,7.17735,7.2386303,6.75022,6.7900696,6.7187634,6.777672,True,0.9195046439628483,wide prediction interval; predicted high judge disagreement,1.212242066860199
26::89,test,official_test,source_validation,26,307c,3.4,76.5,7.500000000000001,0.2439750182371333,True,75.4712121963501,76.1354335784912,73.61950893402098,75.31711222529411,7.385733351111412,75.3344801813364,0.13673201501369192,9.002705e-08,0.33458504,5,False,0.0,12.403125323413102,1.0287878036499052,1.165519818663597,-0.13673201501369192,7.2057257,7.385733,0.018440565,0.022561869,0.13900502,entry,entry,True,0.14293575286865234,0.017457008361816406,0.76040286,1.0,0.9676867,7.2057257,7.233997,7.2334495,7.2427974,7.340857,7.368276,7.377066,7.385733,False,0.4551083591331269,routine automatic scoring,0.13673201501369192
26::94,test,official_test,source_validation,26,407c,3.2,81.6,8.499999999999998,0.4755948656056709,True,81.01634216308595,80.39760131835939,79.96852111816408,80.6668019771576,8.425453260540962,80.88435130119325,0.13199086189270304,3.607007e-08,0.39824754,5,False,0.0,12.994780356028807,0.5836578369140426,0.7156486988067456,-0.13199086189270304,8.37066,8.425453,-0.02722486,0.007802645,0.07421557,entry,entry,True,0.1046295166015625,0.03337860107421875,0.8255611,1.0,0.68333614,8.37066,8.343315,8.359294,8.320824,8.420869,8.392075,8.446151,8.425453,True,0.34365325077399383,routine automatic scoring,0.13199086189270304
26::105,test,official_test,source_validation,26,207c,3.3,64.35,6.5,0.34503277967117707,True,57.48926382064818,60.097623252868644,59.27871136665343,60.87333376407622,6.148318290710449,60.86835107803344,3.379087257385258,1.8399224e-06,0.28011763,5,False,0.0,11.896925950766114,6.860736179351811,3.4816489219665527,3.379087257385258,5.4860773,6.1483183,0.010120074,0.10440437,0.54771656,entry,entry,True,0.5895829200744629,0.5895829200744629,0.9888247,1.0,0.4616896,5.4860773,5.4936557,5.529311,5.5587354,5.992109,5.982562,6.135475,6.1483183,False,0.7832817337461301,routine automatic scoring,-3.379087257385258
26::113,test,official_test,source_validation,26,207c,3.3,72.6,7.333333333333334,0.4498677054212186,True,73.10001683235167,73.76357088088989,75.42185411453247,73.78582597374916,7.4330543503165245,73.58723806813359,0.48722123578191656,2.1950055e-07,0.26332602,5,False,0.0,11.74087110185657,0.500016832351676,0.9872380681335926,-0.48722123578191656,7.2229652,7.4330544,0.0399096,-0.15127039,0.32145,entry,entry,True,0.333892822265625,0.333892822265625,0.9600541,1.0,-0.73261344,7.2229652,7.259112,7.056252,7.0991616,7.531384,7.5694704,7.3899703,7.4330544,True,0.38699690402476783,routine automatic scoring,0.48722123578191656
26::114,test,official_test,source_validation,26,207b,3.6,102.6,9.499999999999998,0.34503277967117707,True,88.23237533569336,87.89895401000977,89.93557205200196,86.7310018658638,8.08223021775484,87.28808635175228,0.9442889839410782,3.0370904e-07,0.18491803,5,False,0.0,11.01217710994758,14.367624664306632,15.31191364824771,-0.9442889839410782,8.313596,8.082231,-0.06424364,-0.122068726,-0.045052845,flight,flight,True,0.14296722412109375,0.14296722412109375,0.6519402,1.0,0.7378888,8.313596,8.258375,8.206783,8.142053,8.27767,8.225198,8.1611395,8.082231,False,0.5479876160990712,routine automatic scoring,0.9442889839410782
26::116,test,official_test,source_validation,26,5152b,2.9,56.55,6.5,0.34503277967117707,True,43.29771580696106,46.489782857894895,47.87332277297973,48.213790869712824,5.527556121349335,48.089738255739206,4.792022448778148,4.4320477e-05,0.47389588,5,False,0.0,13.697827208123922,13.252284193038939,8.46026174426079,4.792022448778148,6.1451416,5.527556,-0.07594991,-0.017591715,-0.52404404,entry,entry,True,0.4663858413696289,0.4663858413696289,0.9929859,1.0,0.8472237,6.1451416,6.0561614,6.0832214,5.993942,5.575683,5.4885755,5.578232,5.527556,False,0.8606811145510835,teacher-adapter difference; predicted high judge disagreement,-4.792022448778148
26::123,test,official_test,source_validation,26,5253b,3.2,68.8,7.166666666666665,0.2672612419124244,True,67.4123291015625,68.48838958740235,66.71820373535157,67.87117091417313,7.0308981239795685,67.49662199020386,0.08429288864135742,4.2074677e-07,0.15080012,5,False,0.0,10.695098267537588,1.3876708984374915,1.303378009796134,0.08429288864135742,7.1448836,7.030898,0.13375449,-0.068736315,-0.17900372,entry,entry,True,0.17386627197265625,0.12784433364868164,0.5317189,0.5,0.045080632,7.1448836,7.283872,7.0890923,7.2047644,6.9600663,7.1132555,6.9030538,7.030898,False,0.15479876160990713,routine automatic scoring,-0.08429288864135742
3mMenSpringboardFinal-EuropeanChampionships2021_1::1,test,official_test,source_test,3mMenSpringboardFinal-EuropeanChampionships2021,407c,3.4,61.2,6.000000000000001,0.5,False,61.631374740600585,64.01978187561035,65.00277757644653,64.29166610240935,6.317979067564011,64.4433864891529,2.8120117485523153,1.1603021e-06,0.31675902,5,False,0.0,12.237457072819945,0.4313747406005817,3.243386489152897,-2.8120117485523153,6.760266,6.317979,0.0666132,0.016638756,-0.5255389,entry,entry,True,0.5562715530395508,0.059725284576416016,0.940982,1.0,0.9972908,6.760266,6.833057,6.7864203,6.8742504,6.2647495,6.311566,6.2582536,6.317979,False,0.7616099071207431,routine automatic scoring,2.8120117485523153
3mMenSpringboardFinal-EuropeanChampionships2021_1::2,test,official_test,source_test,3mMenSpringboardFinal-EuropeanChampionships2021,407c,3.4,73.1,7.166666666666667,0.28867513459481287,False,85.36342506408691,84.79526252746581,83.23606452941894,84.36508183479309,8.297450356185436,84.63399363309145,0.7294314309954615,9.127537e-08,0.3204299,5,False,0.0,12.271572752873448,12.263425064086917,11.533993633091455,0.7294314309954615,8.323851,8.29745,-0.12542756,-0.017398676,0.11642567,takeoff,takeoff,True,0.12698745727539062,0.12698745727539062,0.8766167,0.5,0.26044738,8.323851,8.19929,8.320202,8.184406,8.4429655,8.329291,8.4244375,8.29745,False,0.44272445820433437,routine automatic scoring,-0.7294314309954615
3mMenSpringboardFinal-EuropeanChampionships2021_1::4,test,official_test,source_test,3mMenSpringboardFinal-EuropeanChampionships2021,107b,3.1,75.95,8.166666666666666,0.2886751345948129,False,70.3854495048523,70.79504113197328,70.47970662117005,70.48543478921056,7.570886768400669,70.40924694612623,0.02379744127392769,1.4219982e-07,0.2843929,5,False,0.0,11.936658611606834,5.564550495147699,5.540753053873772,0.02379744127392769,7.8255076,7.5708866,0.14581132,-0.34933114,-0.051101208,flight,flight,True,0.303678035736084,0.019927024841308594,0.67539257,0.5,0.4864405,7.8255076,7.95962,7.430665,7.5908136,7.743374,7.8745646,7.4132347,7.5708866,False,0.4891640866873065,routine automatic scoring,-0.02379744127392769
3mMenSpringboardFinal-EuropeanChampionships2021_1::8,test,official_test,source_test,3mMenSpringboardFinal-EuropeanChampionships2021,5154b,3.4,85.0,8.333333333333334,0.2886751345948129,False,87.25328922271729,86.44969253540039,85.8497989654541,85.97384315729141,8.463769562542439,86.33044953793286,0.9228396847844209,2.4489262e-07,0.2721277,5,False,0.0,11.822670461856251,2.253289222717285,1.3304495379328642,0.9228396847844209,8.502094,8.46377,0.01542298,-0.15000041,0.096253075,flight,entry,False,0.08633613586425781,0.08633613586425781,-0.49537215,0.5,0.59851325,8.502094,8.516383,8.287099,8.310299,8.539799,8.550106,8.448544,8.46377,False,0.5170278637770898,phase boundary ambiguity,-0.9228396847844209
3mMenSpringboardFinal-EuropeanChampionships2021_1::9,test,official_test,source_test,3mMenSpringboardFinal-EuropeanChampionships2021,205b,3.0,66.0,7.333333333333333,0.28867513459481287,False,68.06221675872803,68.46516609191895,67.69761228561401,67.68353109061718,7.520864717662334,67.68778245896101,0.37443429976701736,1.9205046e-07,0.3230863,5,False,0.0,12.29626032513617,2.0622167587280273,1.68778245896101,0.37443429976701736,7.5079584,7.5208645,-0.020420074,-0.14327359,0.17659974,entry,flight,False,0.1300811767578125,0.16219520568847656,-0.14079408,0.0,0.04428769,7.5079584,7.4719777,7.3824067,7.3907833,7.729877,7.6830597,7.5269237,7.5208645,False,0.30340557275541796,phase boundary ambiguity,-0.37443429976701736
3mMenSpringboardFinal-EuropeanChampionships2021_1::15,test,official_test,source_test,3mMenSpringboardFinal-EuropeanChampionships2021,5154b,3.4,59.5,5.833333333333334,0.28867513459481287,False,84.96961784362793,84.45052070617675,83.76099815368651,84.38590243756771,8.268751956522465,84.34126995652913,0.6283478870987977,1.4802399e-07,0.21229036,5,False,0.0,11.266565128920568,25.46961784362793,24.841269956529132,0.6283478870987977,8.185527,8.268752,0.10373545,0.49293303,-0.51344323,entry,flight,False,0.3769817352294922,0.6071667671203613,0.31689233,0.0,0.996916,8.185527,8.288614,8.562178,8.645734,7.5335736,7.6615853,8.166417,8.268752,False,0.5944272445820433,phase boundary ambiguity,-0.6283478870987977
3mMenSpringboardFinal-EuropeanChampionships2021_1::17,test,official_test,source_test,3mMenSpringboardFinal-EuropeanChampionships2021,107b,3.1,69.75,7.499999999999999,0.0,False,64.98342361450196,66.06600794792176,65.69568901062013,65.31523856967688,7.020498342812061,65.29063458815217,0.3072109736502142,1.2872007e-07,0.18212715,5,False,0.0,10.986239704065412,4.766576385498041,4.459365411847827,0.3072109736502142,7.1193795,7.0204983,-0.10515531,-0.16909774,0.17537181,entry,entry,True,0.3037409782409668,0.048932552337646484,0.855725,0.0,0.27331778,7.1193795,6.992723,6.8337297,6.7167573,7.1699953,7.069431,7.100539,7.0204983,False,0.32507739938080493,routine automatic scoring,-0.3072109736502142
3mMenSpringboardFinal-EuropeanChampionships2021_2::2,test,official_test,source_test,3mMenSpringboardFinal-EuropeanChampionships2021,307c,3.5,52.5,5.0,0.0,False,60.41954040527344,63.25499081611633,61.230470180511475,65.40538465976715,6.249563068151474,65.62041221559048,5.2008718103170395,4.104445e-06,0.59782344,5,False,0.0,14.849562806256602,7.9195404052734375,13.120412215590477,-5.2008718103170395,6.1500673,6.249563,0.2003804,0.18901117,-0.28989568,entry,entry,True,0.29251623153686523,0.19711875915527344,0.97160554,0.5,0.94913286,6.1500673,6.3555565,6.3435564,6.5420794,5.8753777,6.0524445,6.041706,6.249563,False,0.8513931888544891,wide prediction interval; teacher-adapter difference,5.2008718103170395
3mMenSpringboardFinal-EuropeanChampionships2021_2::6,test,official_test,source_test,3mMenSpringboardFinal-EuropeanChampionships2021,109c,3.8,57.0,5.000000000000001,0.0,False,89.05176944732665,89.20840616226195,88.86239748001097,88.76888498067855,7.785017527639866,88.74919981509446,0.302569632232192,1.0953883e-07,0.24223675,5,False,0.0,11.544875448069735,32.05176944732665,31.749199815094457,0.302569632232192,7.8685994,7.7850175,-0.097115755,-0.31990075,0.33343458,entry,entry,True,0.39151954650878906,0.39151954650878906,0.9463892,0.5,0.79071766,7.8685994,7.6915064,7.531925,7.393498,8.118281,8.113812,7.8278236,7.7850175,False,0.2755417956656347,routine automatic scoring,-0.302569632232192
3mMenSpringboardFinal-EuropeanChampionships2021_2::10,test,official_test,source_test,3mMenSpringboardFinal-EuropeanChampionships2021,205b,3.0,64.5,7.166666666666667,0.28867513459481287,False,59.117122650146484,60.6344633102417,61.84149169921875,59.84544452279806,6.674972392618656,60.074751533567905,0.957628883421421,8.657811e-07,0.25757536,5,False,0.0,11.687426692946218,5.382877349853516,4.425248466432095,0.957628883421421,7.1568646,6.6749725,-0.011607885,-0.55801845,0.08773422,flight,flight,True,0.499697208404541,0.14910125732421875,-0.25264865,0.0,0.32369825,7.1568646,7.1477346,6.546284,6.5258713,7.188991,7.1746697,6.683299,6.6749725,False,0.7987616099071208,phase boundary ambiguity,-0.957628883421421
3mMenSpringboardFinal-EuropeanChampionships2021_2::11,test,official_test,source_test,3mMenSpringboardFinal-EuropeanChampionships2021,109c,3.8,55.1,4.833333333333334,0.5773502691896258,False,86.26630496978758,86.76996145248413,85.92184009552001,85.63917153775691,7.5551130920648575,86.12828924953936,0.1380157202482195,5.423417e-07,0.4155561,5,False,0.0,13.155639551522922,31.166304969787582,31.028289249539363,0.1380157202482195,7.925941,7.5551133,-0.20150487,0.0030046303,-0.17232744,takeoff,takeoff,True,0.14990568161010742,0.12558555603027344,0.78723013,0.5,0.678237,7.925941,7.6929035,7.895768,7.680699,7.7269382,7.4988647,7.705019,7.5551133,False,0.37770897832817335,routine automatic scoring,-0.1380157202482195
3mMenSpringboardFinal-EuropeanChampionships2021_2::12,test,official_test,source_test,3mMenSpringboardFinal-EuropeanChampionships2021,307c,3.5,85.78,8.16952380952381,0.2886751345948129,False,91.14536046981812,90.15295457839966,91.31424951553345,89.9168917760253,8.588081873953342,90.1748596765101,0.9705007933080196,1.2705648e-07,0.1359847,5,False,0.0,10.557409394762193,5.365360469818114,4.3948596765100945,0.9705007933080196,8.394477,8.588082,0.004063288,0.005685965,0.18385617,entry,entry,True,0.16135025024414062,0.0049877166748046875,0.5316349,0.5,-0.96877164,8.394477,8.389688,8.41283,8.426732,8.592911,8.602992,8.583095,8.588082,False,0.5634674922600619,routine automatic scoring,-0.9705007933080196
3mMenSpringboardFinal-EuropeanChampionships2021_2::15,test,official_test,source_test,3mMenSpringboardFinal-EuropeanChampionships2021,5154b,3.4,81.6,8.0,0.0,False,69.76218452453612,71.13764505386352,70.42644481658935,70.44338643550873,6.888354483991861,70.26121573671698,0.4990312121808529,6.6121066e-07,0.16990907,5,False,0.0,10.872689584645942,11.83781547546387,11.338784263283017,0.4990312121808529,7.451064,6.8883543,0.05391987,-0.24957459,-0.3670551,entry,entry,True,0.46617746353149414,0.055088043212890625,0.86284006,1.0,0.77119845,7.451064,7.501436,7.294048,7.354532,7.180752,7.232867,6.8332663,6.8883543,False,0.4055727554179567,routine automatic scoring,-0.4990312121808529
3mMenSpringboardFinal-EuropeanChampionships2021_3::1,test,official_test,source_test,3mMenSpringboardFinal-EuropeanChampionships2021,5156b,3.9,85.8,7.333333333333334,0.28867513459481287,False,86.89172744750977,87.61353778839111,85.45076794624327,86.42238126397132,7.404346622526646,86.63085548356175,0.2608719639480199,3.1047375e-07,0.51117027,5,False,0.0,14.044241203546616,1.0917274475097685,0.8308554835617485,0.2608719639480199,7.582763,7.4043465,-0.095272936,-0.4060432,0.32289943,flight,entry,False,0.36798810958862305,0.37363529205322266,0.30135903,0.0,0.9637862,7.582763,7.4851475,7.141489,7.030711,7.857751,7.7723346,7.4944525,7.4043465,False,0.7523219814241486,wide prediction interval; phase boundary ambiguity,-0.2608719639480199
3mMenSpringboardFinal-EuropeanChampionships2021_3::2,test,official_test,source_test,3mMenSpringboardFinal-EuropeanChampionships2021,205b,3.0,67.5,7.5,0.0,False,71.26121664047241,71.26563262939453,72.68330669403076,69.52674968540668,7.774337619543076,69.96903857588768,1.292178064584732,7.007249e-07,0.17106387,5,False,0.0,10.883421812458248,3.761216640472412,2.46903857588768,1.292178064584732,8.124782,7.774338,0.022869984,-0.074224554,-0.29908928,entry,entry,True,0.2729148864746094,0.2729148864746094,0.97716534,1.0,0.88645846,8.124782,8.138004,8.027408,8.047253,7.801461,7.8234696,7.739877,7.774338,False,0.6222910216718266,routine automatic scoring,-1.292178064584732
3mMenSpringboardFinal-EuropeanChampionships2021_3::3,test,official_test,source_test,3mMenSpringboardFinal-EuropeanChampionships2021,307c,3.5,77.0,7.333333333333333,0.28867513459481287,False,81.05315351486206,81.31804776191711,82.80727243423462,80.76207391172647,7.699421308934689,80.84392374381423,0.20922977104783058,3.701073e-07,0.23562476,5,False,0.0,11.483426149108999,4.0531535148620605,3.84392374381423,0.20922977104783058,8.176504,7.6994214,-0.0036554337,-0.08056188,-0.39286542,entry,entry,True,0.4628443717956543,0.0025839805603027344,0.29520708,0.5,0.57558596,8.176504,8.175231,8.150729,8.162266,7.8570714,7.8313165,7.7020054,7.6994214,False,0.6439628482972136,phase boundary ambiguity,-0.20922977104783058
3mMenSpringboardFinal-EuropeanChampionships2021_3::5,test,official_test,source_test,3mMenSpringboardFinal-EuropeanChampionships2021,307c,3.5,45.5,4.333333333333333,0.28867513459481287,False,56.33637285232544,59.68051314353943,59.48892831802368,60.89937177300453,5.880158960819244,61.741669088602066,5.405296236276627,2.9577122e-06,0.38714436,5,False,0.0,12.891591599664537,10.83637285232544,16.241669088602066,-5.405296236276627,6.5138984,5.880159,-0.011195183,0.24710536,-0.86964965,entry,entry,True,0.8097367286682129,0.28955698013305664,0.51665,0.5,0.9893075,6.5138984,6.5166855,6.7147913,6.6898956,5.580575,5.590602,5.909097,5.880159,False,0.9102167182662538,teacher-adapter difference; predicted high judge disagreement,5.405296236276627
3mMenSpringboardFinal-EuropeanChampionships2021_3::10,test,official_test,source_test,3mMenSpringboardFinal-EuropeanChampionships2021,207c,3.6,50.4,4.666666666666666,0.5773502691896258,False,48.726825141906744,53.31504020690918,51.89541950225831,55.52335331439972,5.2359291315078735,56.54803462028504,7.821209478378293,1.5744861e-05,0.48606646,5,False,0.0,13.810935973555008,1.6731748580932546,6.148034620285038,-4.474859762191784,6.8960137,5.235929,0.049174387,-1.1389703,-0.57028884,flight,flight,True,1.197500228881836,0.02730083465576172,0.8064262,0.5,0.981434,6.8960137,6.9669952,5.815507,5.8564057,6.3758464,6.4334292,5.208628,5.235929,False,0.9752321981424149,teacher-adapter difference; predicted high judge disagreement,4.474859762191784
3mMenSpringboardFinal-EuropeanChampionships2021_3::18,test,official_test,source_test,3mMenSpringboardFinal-EuropeanChampionships2021,109c,3.8,45.6,4.000000000000001,0.0,False,73.8685375213623,75.91671953201293,74.66013593673705,76.09462131857872,6.742687612771988,76.86663878560066,2.9981012642383575,1.9010865e-06,0.4933792,5,False,0.0,13.878897840451657,28.268537521362298,31.266638785600655,-2.9981012642383575,7.124306,6.7426877,0.19530185,0.4692758,-1.0461961,entry,entry,True,0.9789948463439941,0.9789948463439941,0.9621466,1.0,0.9955455,7.124306,7.308647,7.5670986,7.7216825,6.020157,6.2376804,6.527177,6.7426877,False,0.9411764705882353,predicted high judge disagreement,2.9981012642383575
3mMenSpringboardFinal-EuropeanChampionships2021_3::19,test,official_test,source_test,3mMenSpringboardFinal-EuropeanChampionships2021,307c,3.5,59.5,5.666666666666667,0.28867513459481287,False,69.65369367599487,71.3387439250946,73.61259770393372,72.26828393340111,6.944727569818497,72.91963948309422,3.2659458070993423,1.3357721e-06,0.102466814,5,False,0.0,10.245906887580714,10.153693675994873,13.419639483094215,-3.2659458070993423,7.445426,6.9447274,0.060663383,-0.3744274,-0.18693455,flight,flight,True,0.29967546463012695,0.29967546463012695,0.57577777,0.5,0.73512584,7.445426,7.490258,6.995618,7.082736,7.2089367,7.244403,6.8688617,6.9447274,False,0.7832817337461301,routine automatic scoring,3.2659458070993423
3mMenSpringboardFinal-EuropeanChampionships2021_3::21,test,official_test,source_test,3mMenSpringboardFinal-EuropeanChampionships2021,109c,3.8,64.6,5.666666666666667,0.28867513459481287,False,53.785106849670406,58.33530693054198,57.476052761077874,60.35896807909011,5.386702001094818,61.40840281248092,7.623295962810516,1.7221651e-05,0.43784934,5,False,0.0,13.362824435996762,10.814893150329588,3.191597187519072,7.623295962810516,5.6021757,5.386702,-0.00032377243,0.37238288,-0.58753276,entry,entry,True,0.6933498382568359,0.6933498382568359,0.95172995,1.0,0.96836776,5.6021757,5.6299157,6.0915003,6.080052,5.081091,5.17063,5.4544587,5.386702,False,0.9752321981424149,teacher-adapter difference,-7.623295962810516
3mMenSpringboardFinal-EuropeanChampionships2021_4::13,test,official_test,source_test,3mMenSpringboardFinal-EuropeanChampionships2021,5156b,3.9,93.6,8.0,0.0,False,81.63425016403198,83.01104564666747,83.15481634140014,82.03870514184236,7.027422923594713,82.22084820605814,0.5865980420261536,1.8928938e-06,0.5092912,5,False,0.0,14.02677760036142,11.965749835968012,11.379151793941858,0.5865980420261536,7.390272,7.027423,-0.2768394,-0.06159107,-0.02441875,takeoff,takeoff,True,0.20240354537963867,0.024496078491210938,0.7560787,0.5,0.2415401,7.390272,7.048112,7.2947016,7.002927,7.3260536,7.0459194,7.2298265,7.027423,False,0.7275541795665634,wide prediction interval,-0.5865980420261536
Budapest2021Diving10mPlatformWomenFinal_1::2,test,official_test,source_fit,Budapest2021Diving10mPlatformWomenFinal,405b,2.8,58.8,7.000000000000001,0.0,False,60.40235710144042,61.167430686950674,59.51235809326171,62.07789995670318,7.254694581031799,60.9394344806671,0.5370773792266803,9.867449e-07,0.28894308,5,False,0.0,11.978946333974289,1.6023571014404254,2.1394344806671057,-0.5370773792266803,6.9845276,7.2546945,0.23861432,-0.0019762516,0.033528805,takeoff,takeoff,True,0.2646169662475586,0.029573917388916016,0.63994074,0.5,0.7847852,6.9845276,7.1959176,6.9752617,7.2251205,7.0207896,7.2506027,6.9900775,7.2546945,False,0.6099071207430341,routine automatic scoring,0.5370773792266803
Budapest2021Diving10mPlatformWomenFinal_1::6,test,official_test,source_fit,Budapest2021Diving10mPlatformWomenFinal,107b,3.0,46.5,5.166666666666667,0.28867513459481287,False,32.10271596908569,36.98554229736328,36.380659103393555,37.50518327951431,4.190174877643585,37.71157389879227,5.6088579297065735,2.4076478e-05,0.48308674,5,False,0.0,13.783243538148271,14.397284030914307,8.788426101207733,5.6088579297065735,4.3209953,4.190175,0.01665473,-0.024233103,-0.1232419,entry,entry,True,0.19042110443115234,0.19042110443115234,0.8982123,1.0,0.9766607,4.3209953,4.351505,4.3350906,4.380596,4.259706,4.257963,4.1926017,4.190175,False,0.9071207430340558,teacher-adapter difference,-5.6088579297065735
Budapest2021Diving10mPlatformWomenFinal_1::8,test,official_test,source_fit,Budapest2021Diving10mPlatformWomenFinal,5253b,3.2,62.4,6.499999999999999,0.0,False,59.198034667968756,61.29743957519532,59.62852020263673,62.85550861358644,6.49238395690918,62.326885986328136,3.1288513183593807,2.5955244e-06,0.18705423,5,False,0.0,11.032030145738858,3.201965332031243,0.07311401367186221,3.1288513183593807,6.5447507,6.492384,0.06535784,0.11525885,-0.23298343,entry,entry,True,0.2503643035888672,0.07172060012817383,0.9662202,1.0,0.84376544,6.5447507,6.627367,6.7040315,6.7427483,6.329632,6.4206634,6.443801,6.492384,False,0.7678018575851393,routine automatic scoring,-3.1288513183593807
Budapest2021Diving10mPlatformWomenFinal_1::12,test,official_test,source_fit,Budapest2021Diving10mPlatformWomenFinal,107c,2.7,41.85,5.166666666666666,0.28867513459481287,False,34.00513601303101,37.76273446083069,35.505099391937264,38.69996389746667,4.780859410762787,38.72496122717858,4.719825214147569,0.00022768824,0.78425604,5,False,0.0,16.582196420248867,7.8448639869689885,3.1250387728214193,4.719825214147569,5.675446,4.7808595,0.23482203,0.013843536,-1.1432521,entry,entry,True,1.160219669342041,1.160219669342041,0.98319095,1.0,0.99364084,5.675446,5.9437065,5.6473756,5.941079,4.5541987,4.7200646,4.5744386,4.7808595,False,0.9597523219814241,wide prediction interval; teacher-adapter difference; predicted high judge disagreement,-4.719825214147569
Budapest2021Diving10mPlatformWomenFinal_2::1,test,official_test,source_fit,Budapest2021Diving10mPlatformWomenFinal,6243d,3.2,62.4,6.499999999999999,0.0,False,57.56312255859376,59.8662094116211,60.111259460449226,59.361088371276864,6.1678766310215,59.211615657806405,1.6484930992126436,2.3296589e-06,0.633266,5,False,0.0,15.178952198225248,4.836877441406237,3.1883843421935936,1.6484930992126436,6.1846585,6.1678767,-0.16185689,-0.054341793,0.19941688,entry,entry,True,0.20844411849975586,0.01990032196044922,0.8957145,0.5,0.8504633,6.1846585,6.000893,6.0758615,5.9594326,6.3550344,6.187777,6.327839,6.1678767,False,0.6191950464396285,wide prediction interval,-1.6484930992126436
Budapest2021Diving10mPlatformWomenFinal_2::5,test,official_test,source_fit,Budapest2021Diving10mPlatformWomenFinal,626c,3.3,54.45,5.500000000000001,0.0,False,46.48401389122009,50.46342158317565,49.900682544708246,50.812402564287176,5.132070422172546,50.8074971795082,4.3234832882881165,8.470149e-05,0.97199583,5,False,0.0,18.326978555507853,7.965986108779916,3.6425028204917993,4.3234832882881165,5.687403,5.1320705,-0.13665485,-0.1410551,-0.2776227,entry,entry,True,0.3459620475769043,0.18742704391479492,0.9233099,1.0,0.8901452,5.687403,5.568825,5.589112,5.4780326,5.4745116,5.3194976,5.29041,5.1320705,False,0.8885448916408669,wide prediction interval; teacher-adapter difference; predicted high judge disagreement,-4.3234832882881165
Budapest2021Diving10mPlatformWomenFinal_2::9,test,official_test,source_fit,Budapest2021Diving10mPlatformWomenFinal,6243d,3.2,62.4,6.499999999999999,0.5,False,62.76897125244142,64.4235076904297,64.13623809814455,64.53668661117554,6.659228667616844,63.92859520912172,1.1596239566802993,4.3206575e-07,0.34948716,5,False,0.0,12.541619906105165,0.36897125244141904,1.5285952091217183,-1.1596239566802993,6.706287,6.659229,0.20816071,-0.053678673,-0.20154016,takeoff,takeoff,True,0.2203812599182129,0.05756950378417969,0.23243465,0.0,0.8722567,6.706287,6.9017525,6.6560245,6.8774157,6.520919,6.7167983,6.4388475,6.659229,False,0.56656346749226,phase boundary ambiguity,1.1596239566802993
Budapest2021Diving10mPlatformWomenFinal_2::10,test,official_test,source_fit,Budapest2021Diving10mPlatformWomenFinal,6243d,3.2,67.2,6.999999999999999,0.0,False,60.210475158691416,62.183752441406256,63.09953613281251,63.0766233444214,6.520755082368851,62.59924879074098,2.3887736320495634,1.1379561e-06,0.45884243,5,False,0.0,13.55792616446354,6.989524841308587,4.600751209259023,2.3887736320495634,6.886401,6.5207553,-0.18881218,0.2063349,-0.3831686,entry,flight,False,0.23653554916381836,0.2265782356262207,0.49226496,0.5,0.9416184,6.886401,6.725314,6.982164,6.757291,6.3465586,6.213889,6.7473335,6.5207553,False,0.7213622291021672,routine automatic scoring,-2.3887736320495634
Budapest2021Diving10mPlatformWomenFinal_2::11,test,official_test,source_fit,Budapest2021Diving10mPlatformWomenFinal,205b,2.9,60.9,7.0,0.0,False,59.038749790191645,60.2697790145874,58.92298636436462,58.91566843986511,6.795083038508892,59.11722243502736,0.07847264483571337,1.4898154e-07,0.31305817,5,False,0.0,12.203062759498597,1.8612502098083539,1.7827775649726405,0.07847264483571337,7.1179714,6.795083,0.004742861,0.010337353,-0.3379686,entry,entry,True,0.30011606216430664,0.0006470680236816406,0.9748347,1.0,0.9408574,7.1179714,7.133724,7.0900984,7.095199,6.7477703,6.7409153,6.79573,6.795083,False,0.7089783281733746,routine automatic scoring,-0.07847264483571337
Budapest2021Diving10mPlatformWomenFinal_3::0,test,official_test,source_fit,Budapest2021Diving10mPlatformWomenFinal,6243d,3.2,67.2,6.999999999999999,0.0,False,58.203213500976574,60.42655792236329,61.29993896484376,61.768547058105476,6.395155072212219,61.393488693237316,3.190275192260742,8.739433e-07,0.435319,5,False,0.0,13.339308452921905,8.996786499023429,5.806511306762687,3.190275192260742,6.9447083,6.395155,-0.13236833,0.09859824,-0.5157833,entry,entry,True,0.4876408576965332,0.17488956451416016,0.62008023,0.5,0.8254947,6.9447083,6.852515,7.0629373,6.882796,6.3984365,6.3185334,6.5700445,6.395155,False,0.7987616099071208,routine automatic scoring,-3.190275192260742
Budapest2021Diving10mPlatformWomenFinal_3::3,test,official_test,source_fit,Budapest2021Diving10mPlatformWomenFinal,207c,3.3,82.5,8.333333333333334,0.2886751345948129,False,72.25567932128905,73.02442445755004,73.25173501968382,72.94018570035695,7.335797630250454,72.62439653947948,0.3687172181904259,1.1980458e-07,0.29808572,5,False,0.0,12.063914524209993,10.244320678710949,9.875603460520523,0.3687172181904259,7.2250123,7.335798,-0.059085768,-0.022614637,0.19248588,entry,entry,True,0.20287322998046875,0.09357547760009766,0.032381438,0.0,0.73339593,7.2250123,7.2026896,7.232551,7.1329246,7.4093843,7.3862925,7.4293733,7.335798,False,0.4551083591331269,phase boundary ambiguity,-0.3687172181904259
Budapest2021Diving10mPlatformWomenFinal_3::4,test,official_test,source_fit,Budapest2021Diving10mPlatformWomenFinal,6243d,3.2,64.0,6.666666666666666,0.28867513459481287,False,59.952699279785165,61.95808868408204,63.40197601318361,64.55817546844483,6.6174827218055725,63.527834129333506,3.5751348495483413,9.3656223e-07,0.46564925,5,False,0.0,13.621186164208124,4.047300720214835,0.47216587066649396,3.5751348495483413,6.250164,6.6174827,0.04791792,0.040656406,0.2787443,entry,entry,True,0.27501535415649414,0.27501535415649414,0.75726986,0.5,-0.6227221,6.250164,6.2882357,6.292944,6.3424673,6.536851,6.574736,6.555505,6.6174827,False,0.7832817337461301,teacher-adapter difference,-3.5751348495483413
Budapest2021Diving10mPlatformWomenFinal_3::6,test,official_test,source_fit,Budapest2021Diving10mPlatformWomenFinal,6243d,3.2,67.2,6.999999999999999,0.0,False,69.69546203613282,70.48708648681642,71.32541656494142,70.75247404575349,7.333013787865639,70.39693236351015,0.7014703273773222,6.63308e-07,0.29949868,5,False,0.0,12.077046017114474,2.495462036132821,3.196932363510143,-0.7014703273773222,7.975214,7.333014,-0.079933085,-0.25147787,-0.31078902,entry,entry,True,0.24051713943481445,0.05494070053100586,0.7780642,0.5,0.6045056,7.975214,7.8758774,7.625597,7.573531,7.599742,7.480764,7.3879547,7.333014,False,0.43962848297213625,routine automatic scoring,0.7014703273773222
Budapest2021Diving10mPlatformWomenFinal_3::7,test,official_test,source_fit,Budapest2021Diving10mPlatformWomenFinal,6243d,3.2,48.0,4.999999999999999,0.0,False,42.24151611328126,46.45338592529298,51.42748718261719,47.737280273437506,5.024465382099152,48.234867668151864,5.993351554870607,2.1471682e-05,0.34265116,5,False,0.0,12.47808875132159,5.758483886718743,0.234867668151864,5.523616218566879,5.4107785,5.0244656,-0.14210479,0.22065575,-0.46486393,entry,entry,True,0.6316733360290527,0.23156356811523438,0.93288326,1.0,0.9065776,5.4107785,5.3556333,5.7390313,5.656139,5.1102247,4.913906,5.256029,5.0244656,False,0.9195046439628483,teacher-adapter difference,-5.523616218566879
Budapest2021Diving10mPlatformWomenFinal_3::8,test,official_test,source_fit,Budapest2021Diving10mPlatformWomenFinal,405b,2.8,51.8,6.166666666666667,0.28867513459481287,False,57.54120483398437,58.66272583007812,58.234376907348626,58.97589880228042,6.9530041962862015,58.40523524880408,0.864030414819716,3.056904e-07,0.33203986,5,False,0.0,12.379471408561514,5.741204833984369,6.605235248804085,-0.864030414819716,7.1389904,6.9530044,0.0024478436,0.20889688,-0.39733076,entry,flight,False,0.2869720458984375,0.30547094345092773,0.9076696,1.0,0.7259559,7.1389904,7.154207,7.2484007,7.2399764,6.6283884,6.6475334,6.966238,6.9530044,False,0.5882352941176471,routine automatic scoring,0.864030414819716
Diving_FullWomenSynchronised3mSpringboard-final_Tokyo2020Replays_1::4,test,official_test,source_fit,Diving_FullWomenSynchronised3mSpringboard-final_Tokyo2020Replays,101b,2.0,49.8,8.299999999999999,0.27386127875258304,False,51.21873092651367,50.75931930541992,51.528236389160156,51.45022755861282,8.569443948566914,51.41666369140148,0.19793276488780975,2.3997595e-06,0.35032818,5,False,0.0,12.549436040119728,1.4187309265136747,1.6166636914014845,-0.19793276488780975,8.179167,8.569444,0.14463711,0.015479088,0.23016071,entry,entry,True,0.21885395050048828,0.14040374755859375,0.39676923,0.5,0.99170154,8.179167,8.3302765,8.196075,8.35059,8.4228735,8.553155,8.42904,8.569444,False,0.4117647058823529,routine automatic scoring,0.19793276488780975
Diving_FullWomenSynchronised3mSpringboard-final_Tokyo2020Replays_1::5,test,official_test,source_fit,Diving_FullWomenSynchronised3mSpringboard-final_Tokyo2020Replays,103b,2.0,44.4,7.3999999999999995,0.5477225575051661,False,46.28895378112793,46.44370079040527,47.473259925842285,46.46282771229744,7.733608715236187,46.40165229141712,0.1126985102891922,1.1687973e-06,0.28309512,5,False,0.0,11.92459761331491,1.888953781127931,2.0016522914171233,-0.1126985102891922,7.8476477,7.7336087,0.118247986,0.004757881,-0.23704481,entry,entry,True,0.24602746963500977,0.13061046600341797,0.79817796,1.0,0.9789344,7.8476477,7.956266,7.869843,7.979636,7.6223183,7.7435555,7.6029983,7.7336087,False,0.3498452012383901,routine automatic scoring,0.1126985102891922
Diving_FullWomenSynchronised3mSpringboard-final_Tokyo2020Replays_2::2,test,official_test,source_fit,Diving_FullWomenSynchronised3mSpringboard-final_Tokyo2020Replays,301b,2.0,48.0,8.0,0.3535533905932738,False,47.552215576171875,47.549583435058594,45.68917465209961,47.097050964832306,7.853860728442669,47.12316437065601,0.4290512055158615,9.432455e-08,0.28613272,5,False,0.0,11.952827927256594,0.447784423828125,0.8768356293439865,-0.4290512055158615,7.970371,7.853861,-0.037621897,0.081286274,-0.1601743,entry,entry,True,0.14988136291503906,0.14988136291503906,0.97487307,1.0,0.99160504,7.970371,7.9388356,8.0452795,8.003742,7.8025436,7.763557,7.8949294,7.853861,False,0.34365325077399383,routine automatic scoring,0.4290512055158615
Diving_FullWomenSynchronised3mSpringboard-final_Tokyo2020Replays_2::8,test,official_test,source_fit,Diving_FullWomenSynchronised3mSpringboard-final_Tokyo2020Replays,405b,3.0,61.2,6.800000000000001,0.2738612787525831,False,51.234835624694824,53.73416090011597,52.53673696517944,54.13265883922577,6.0382740795612335,54.3444667160511,3.1096310913562775,1.5134802e-06,0.6423835,5,False,0.0,15.263687178509137,9.965164375305179,6.855533283948901,3.1096310913562775,6.045079,6.0382743,-0.0030476253,0.20487936,-0.20863669,entry,entry,True,0.2548213005065918,0.018255233764648438,0.85232794,0.5,0.9052007,6.045079,6.054523,6.283345,6.2930956,5.879911,5.869498,6.0565295,6.0382743,False,0.739938080495356,wide prediction interval,-3.1096310913562775
Diving_FullWomenSynchronised3mSpringboard-final_Tokyo2020Replays_2::10,test,official_test,source_fit,Diving_FullWomenSynchronised3mSpringboard-final_Tokyo2020Replays,5152b,3.0,63.0,7.0,0.0,False,68.36070156097412,68.72646474838257,67.46014451980591,68.15325254201889,7.569598488509655,68.1263863965869,0.2343151643872261,1.03896156e-07,0.3408959,5,False,0.0,12.461775964466321,5.360701560974121,5.126386396586895,0.2343151643872261,7.215994,7.5695987,-0.10156933,0.23398621,0.2211879,flight,entry,False,0.15947294235229492,0.11007404327392578,0.70338005,0.5,-0.11525561,7.215994,7.130705,7.532269,7.4044704,7.501017,7.4101257,7.6796727,7.5695987,False,0.2631578947368421,routine automatic scoring,-0.2343151643872261
Diving_FullWomenSynchronised3mSpringboard-final_Tokyo2020Replays_2::11,test,official_test,source_fit,Diving_FullWomenSynchronised3mSpringboard-final_Tokyo2020Replays,107b,3.1,70.68,7.6000000000000005,0.651920240520265,False,66.42406969070436,67.32717304229737,68.6856285095215,66.51921129897238,7.1742866560816765,66.72086590155959,0.2967962108552342,1.835133e-07,0.19256271,5,False,0.0,11.083223884734172,4.25593030929565,3.9591340984404155,0.2967962108552342,7.174936,7.174287,-0.13330539,0.14684026,-0.014183839,flight,flight,True,0.16950035095214844,0.017063617706298828,0.8162623,0.5,0.7767553,7.174936,7.044264,7.302591,7.1913505,7.1671066,7.0047865,7.306751,7.174287,False,0.30340557275541796,routine automatic scoring,-0.2967962108552342
Diving_FullWomenSynchronised3mSpringboard-final_Tokyo2020Replays_3::1,test,official_test,source_fit,Diving_FullWomenSynchronised3mSpringboard-final_Tokyo2020Replays,305b,3.0,58.5,6.5,0.9354143466934853,False,69.0531063079834,69.3326096534729,66.58496332168579,69.21400800347328,7.671688996255398,69.04520096629858,0.007905341684818268,8.8290555e-08,0.47699216,5,False,0.0,13.726602878829414,10.553106307983398,10.54520096629858,0.007905341684818268,7.089551,7.671689,0.21412747,0.03364579,0.3343648,entry,entry,True,0.3428668975830078,0.3428668975830078,0.4803412,0.0,0.3729006,7.089551,7.305264,7.111171,7.328822,7.409775,7.631656,7.464786,7.671689,False,0.6718266253869969,routine automatic scoring,-0.007905341684818268
Diving_FullWomenSynchronised3mSpringboard-final_Tokyo2020Replays_3::2,test,official_test,source_fit,Diving_FullWomenSynchronised3mSpringboard-final_Tokyo2020Replays,305b,3.0,74.7,8.3,0.27386127875258304,False,71.62328481674194,71.5825924873352,69.5785059928894,71.23955056071281,7.938221372663975,71.44399235397577,0.1792924627661705,8.222194e-07,0.67161804,5,False,0.0,15.53538175786129,3.0767151832580595,3.25600764602423,-0.1792924627661705,7.7604876,7.9382215,0.058946293,0.4718708,-0.35308322,flight,flight,True,0.5800943374633789,0.5800943374633789,0.7376257,1.0,0.11986336,7.7604876,7.8216333,8.123,8.174984,7.289949,7.358127,7.8826094,7.9382215,False,0.8792569659442725,wide prediction interval; predicted high judge disagreement,0.1792924627661705
Diving_FullWomenSynchronised3mSpringboard-final_Tokyo2020Replays_3::6,test,official_test,source_fit,Diving_FullWomenSynchronised3mSpringboard-final_Tokyo2020Replays,405b,3.0,70.2,7.800000000000001,0.44721359549995787,False,70.57352828979492,70.66361618041992,68.13555908203125,70.14813423156738,7.786567904055119,70.07911113649607,0.49441715329885483,1.2887207e-07,0.293176,5,False,0.0,12.018285418399886,0.37352828979491903,0.1208888635039358,0.25263942629098324,7.7977147,7.7865677,0.0063355765,0.00017841657,-0.017661015,entry,takeoff,False,0.01482248306274414,0.010999202728271484,0.7264327,1.0,0.9779507,7.7977147,7.7851014,7.785862,7.80139,7.776005,7.7755685,7.7624936,7.7865677,False,0.38080495356037153,routine automatic scoring,-0.25263942629098324
Diving_FullWomenSynchronised3mSpringboard-final_Tokyo2020Replays_3::8,test,official_test,source_fit,Diving_FullWomenSynchronised3mSpringboard-final_Tokyo2020Replays,107b,3.1,64.17,6.8999999999999995,0.5477225575051662,False,66.59186553955078,67.47406868934632,68.60284810066224,67.58690270036459,7.270131498575211,67.61222293674946,1.02035739719868,5.252837e-07,0.17940605,5,False,0.0,10.960950826808158,2.4218655395507795,3.4422229367494594,-1.02035739719868,6.9332433,7.2701316,0.050335567,0.16240184,0.12415091,flight,flight,True,0.16086101531982422,0.05933713912963867,0.7663887,1.0,0.5765768,6.9332433,6.977177,7.099786,7.153536,7.067549,7.1092706,7.2107944,7.2701316,False,0.5696594427244582,routine automatic scoring,1.02035739719868
Diving_FullWomenSynchronised3mSpringboard-final_Tokyo2020Replays_3::11,test,official_test,source_fit,Diving_FullWomenSynchronised3mSpringboard-final_Tokyo2020Replays,5152b,3.0,65.7,7.300000000000001,0.2738612787525831,False,69.53643608093262,69.75572490692139,68.49375629425049,69.60061966627836,7.721623495221138,69.49461145699024,0.04182462394237518,6.577087e-07,0.35027617,5,False,0.0,12.548952724958303,3.8364360809326143,3.794611456990239,0.04182462394237518,7.5937996,7.7216234,0.1456054,0.50991374,-0.52769536,entry,flight,False,0.3555908203125,0.3555908203125,0.96720123,0.5,0.9984613,7.5937996,7.7542043,7.9611564,8.077214,6.8909183,7.072234,7.593899,7.7216234,False,0.6811145510835913,routine automatic scoring,-0.04182462394237518
FINADivingWorldCup2021_Men10mSynchronised_final_r1::0,test,official_test,source_validation,FINADivingWorldCup2021_Men10mSynchronised_final,401b,2.0,46.8,7.8,0.27386127875258304,False,43.6389856338501,44.12386894226074,45.29744052886963,43.95248508453369,7.2763146832585335,43.6578880995512,0.01890246570110321,1.7823843e-06,0.20429508,5,False,0.0,11.192260062123085,3.1610143661498995,3.1421119004487963,0.01890246570110321,7.376797,7.2763147,-0.068096876,0.05150175,-0.08388734,entry,takeoff,False,0.07909250259399414,0.085479736328125,0.7491867,0.5,0.85947114,7.376797,7.323282,7.4346867,7.355407,7.2853136,7.234002,7.3617945,7.2763147,False,0.08978328173374613,routine automatic scoring,-0.01890246570110321
FINADivingWorldCup2021_Men10mSynchronised_final_r1::4,test,official_test,source_validation,FINADivingWorldCup2021_Men10mSynchronised_final,201b,2.0,51.0,8.5,0.3535533905932738,False,50.50429916381836,50.133893966674805,50.0976448059082,50.27409088611603,8.357869200408459,50.14721520245075,0.3570839613676071,2.877277e-07,0.06261566,5,False,0.0,9.87554545682373,0.4957008361816406,0.8527847975492477,-0.3570839613676071,8.404775,8.357869,0.011415799,0.06333431,-0.12165562,entry,entry,True,0.09785079956054688,0.08677864074707031,0.05546729,0.0,-0.06325904,8.404775,8.410086,8.444173,8.45572,8.258822,8.2710905,8.34084,8.357869,False,0.3993808049535604,phase boundary ambiguity,0.3570839613676071
FINADivingWorldCup2021_Men10mSynchronised_final_r2::3,test,official_test,source_validation,FINADivingWorldCup2021_Men10mSynchronised_final,201b,2.0,43.8,7.3,0.6708203932499369,False,48.21414756774902,48.12905502319336,47.91709613800049,47.97640746831894,8.001917593181133,48.0115055590868,0.20264200866222382,9.978115e-08,0.31946528,5,False,0.0,12.262608018300472,4.414147567749026,4.2115055590868025,0.20264200866222382,7.6016364,8.001918,0.085524954,0.009936015,0.30482045,entry,entry,True,0.3070211410522461,0.3070211410522461,0.9357079,1.0,0.9817205,7.6016364,7.692328,7.6079,7.6948967,7.9039536,7.988612,7.921862,8.001918,False,0.5758513931888545,routine automatic scoring,-0.20264200866222382
FINADivingWorldCup2021_Men10mSynchronised_final_r2::5,test,official_test,source_validation,FINADivingWorldCup2021_Men10mSynchronised_final,301b,2.0,50.4,8.4,0.22360679774997896,False,49.77279281616211,49.49352264404297,49.053056716918945,49.689970940351486,8.291962832212448,49.75177699327469,0.021015822887420654,3.8176154e-07,0.3491587,5,False,0.0,12.538567403873609,0.6272071838378892,0.6482230067253099,-0.021015822887420654,8.356629,8.291963,-0.019361654,-0.018925825,-0.026379267,entry,entry,True,0.024636268615722656,0.024636268615722656,0.35590062,0.5,-0.49648848,8.356629,8.325661,8.330965,8.316599,8.328061,8.304596,8.300163,8.291963,False,0.05263157894736842,phase boundary ambiguity,0.021015822887420654
FINADivingWorldCup2021_Men10mSynchronised_final_r2::7,test,official_test,source_validation,FINADivingWorldCup2021_Men10mSynchronised_final,403b,2.0,46.8,7.8,0.2738612787525831,False,46.38033485412598,46.52369785308838,50.07271385192871,46.61366768181324,7.790605831891298,46.74363499134779,0.3633001372218132,1.1930537e-06,0.61904395,5,False,0.0,15.046778103776004,0.4196651458740206,0.05636500865220739,0.3633001372218132,8.0267515,7.790606,-0.06030202,0.011927843,-0.18777132,entry,entry,True,0.17051982879638672,0.06069040298461914,0.8875839,1.0,-0.10878075,8.0267515,7.9681387,8.029572,7.961126,7.8230295,7.7682695,7.8512964,7.790606,False,0.7306501547987616,wide prediction interval,-0.3633001372218132
FINADivingWorldCup2021_Men10mSynchronised_final_r2::8,test,official_test,source_validation,FINADivingWorldCup2021_Men10mSynchronised_final,401b,2.0,48.6,8.1,0.22360679774997896,False,48.36423683166504,48.26044464111328,48.33776092529297,48.03282684087753,8.034890361130238,48.209342166781425,0.1548946648836136,1.8543712e-07,0.3571208,5,False,0.0,12.612564201459247,0.23576316833496236,0.39065783321857595,-0.1548946648836136,7.5753155,8.03489,-0.045564175,0.06798649,0.4371524,entry,entry,True,0.4399399757385254,0.04721355438232422,0.98111796,1.0,0.9880514,7.5753155,7.528004,7.644092,7.59495,8.006284,7.9710903,8.082104,8.03489,False,0.6996904024767802,routine automatic scoring,0.1548946648836136
FINADivingWorldCup2021_Men10mSynchronised_final_r2::11,test,official_test,source_validation,FINADivingWorldCup2021_Men10mSynchronised_final,5231d,2.0,53.4,8.9,0.22360679774997896,False,49.00135803222656,48.81819534301758,49.6354866027832,48.86870554089546,8.180398114025593,49.08238868415356,0.08103065192699432,7.285522e-06,0.6094786,5,False,0.0,14.957881350646515,4.398641967773436,4.317611315846442,0.08103065192699432,7.923543,8.180398,-0.018499771,-0.0054914155,0.2808462,entry,entry,True,0.25882863998413086,0.023044586181640625,0.97183436,1.0,0.9908585,7.923543,7.911512,7.9352217,7.9215693,8.226024,8.203443,8.2057495,8.180398,False,0.8792569659442725,wide prediction interval; predicted high judge disagreement,-0.08103065192699432
FINADivingWorldCup2021_Men10mSynchronised_final_r3::1,test,official_test,source_validation,FINADivingWorldCup2021_Men10mSynchronised_final,407c,3.2,65.28,6.799999999999999,0.4472135954999579,False,74.99070739746095,75.12264404296876,76.98400268554688,74.90649597644807,7.82087055593729,75.08035733699799,0.08964993953703981,8.3269256e-08,0.44062564,5,False,0.0,13.388626264359434,9.71070739746095,9.80035733699799,-0.08964993953703981,7.990209,7.8208704,0.036871355,-0.05884393,-0.14736612,entry,entry,True,0.1472163200378418,0.1472163200378418,0.94643855,1.0,0.95744747,7.990209,8.02947,7.9352217,7.9680867,7.8403735,7.8858905,7.7887087,7.8208704,False,0.39009287925696595,routine automatic scoring,0.08964993953703981
FINADivingWorldCup2021_Men10mSynchronised_final_r3::3,test,official_test,source_validation,FINADivingWorldCup2021_Men10mSynchronised_final,405b,2.8,58.8,7.000000000000001,0.3535533905932738,False,65.48635997772216,65.61806259155273,63.36988162994383,64.29646988511084,7.696265302598476,64.6486285418272,0.8377314358949661,2.7641275e-07,0.47313607,5,False,0.0,13.690765821281211,6.686359977722162,5.848628541827196,0.8377314358949661,7.768335,7.696265,-0.0028129418,0.054535072,-0.12379178,entry,entry,True,0.11206293106079102,0.11206293106079102,0.9232935,1.0,-0.43744642,7.768335,7.755915,7.805111,7.808328,7.632677,7.6241083,7.6896086,7.696265,False,0.5139318885448917,routine automatic scoring,-0.8377314358949661
FINADivingWorldCup2021_Men10mSynchronised_final_r4::4,test,official_test,source_validation,FINADivingWorldCup2021_Men10mSynchronised_final,307c,3.4,67.32,6.6,0.7416198487095662,False,74.65963411331177,75.42496290206908,74.74495382308959,75.05651217699051,7.3319187089800835,74.78557083159684,0.12593671828507524,1.3228626e-07,0.12830685,5,False,0.0,10.486054350763755,7.339634113311774,7.46557083159685,-0.12593671828507524,7.25342,7.3319187,3.2583873e-06,0.050361317,0.028134266,flight,flight,True,0.04288816452026367,0.0015697479248046875,-0.03745858,1.0,0.92100316,7.25342,7.2547975,7.314195,7.313414,7.2941246,7.2890306,7.330349,7.3319187,False,0.19814241486068113,phase boundary ambiguity,0.12593671828507524
FINADivingWorldCup2021_Men10mSynchronised_final_r4::6,test,official_test,source_validation,FINADivingWorldCup2021_Men10mSynchronised_final,307c,3.4,87.72,8.6,0.4183300132670378,False,79.94167413711547,80.04896335601806,78.58815393447875,78.98909018039703,7.754889719188213,79.09987513571977,0.8417990013956995,1.7718291e-07,0.16636452,5,False,0.0,10.83974784803754,7.778325862884529,8.620124864280228,-0.8417990013956995,7.858527,7.7548895,-0.10873564,0.0069319406,-0.0018339952,takeoff,takeoff,True,0.11100435256958008,0.007051944732666016,0.6364597,0.5,0.8767531,7.858527,7.7519155,7.8651943,7.752922,7.852747,7.7478375,7.865894,7.7548895,False,0.5201238390092879,routine automatic scoring,0.8417990013956995
FINADivingWorldCup2021_Men10mSynchronised_final_r4::9,test,official_test,source_validation,FINADivingWorldCup2021_Men10mSynchronised_final,109c,3.7,81.03,7.299999999999999,0.4472135954999579,False,78.92174248695375,80.04431734085084,76.66710262298585,79.22210627719761,7.148957669734955,79.35343013405802,0.431687647104269,9.088548e-07,0.32679337,5,False,0.0,12.330712525488316,2.1082575130462544,1.6765698659419854,0.431687647104269,6.7851415,7.1489577,0.072393894,0.053267717,0.23815465,entry,entry,True,0.2290048599243164,0.04986858367919922,0.29234722,0.0,-0.27850085,6.7851415,6.8825483,6.8411803,6.919953,7.0349336,7.0959735,7.099089,7.1489577,False,0.4613003095975232,phase boundary ambiguity,-0.431687647104269
FINADivingWorldCup2021_Men10mSynchronised_final_r4::11,test,official_test,source_validation,FINADivingWorldCup2021_Men10mSynchronised_final,207b,3.6,86.4,8.0,0.3535533905932738,False,87.74636421203614,87.47348442077637,88.79163780212403,86.59839763641358,8.054932482540607,86.99327081143856,0.753093400597578,2.2534921e-07,0.3847611,5,False,0.0,12.869442470642191,1.3463642120361357,0.5932708114385576,0.753093400597578,8.568487,8.054933,-0.21347396,0.03625663,-0.33633724,entry,entry,True,0.3282804489135742,0.047606468200683594,0.7746772,0.5,0.7077868,8.568487,8.362657,8.598224,8.383213,8.228923,8.007326,8.27122,8.054933,False,0.5572755417956656,routine automatic scoring,-0.753093400597578
FINADivingWorldCup2021_Men10mSynchronised_final_r5::6,test,official_test,source_validation,FINADivingWorldCup2021_Men10mSynchronised_final,207b,3.6,74.52,6.8999999999999995,0.22360679774997896,False,73.82807350158691,75.28915042877198,70.25350685119629,76.42503869533539,7.011998280882835,75.72958143353463,1.9015079319477195,3.897915e-06,0.8241714,5,False,0.0,16.953154793700214,0.691926498413082,1.2095814335346375,-0.5176549351215556,7.1575255,7.011998,0.13808234,0.015776953,-0.29938665,entry,entry,True,0.2705059051513672,0.1579747200012207,0.84791434,1.0,-0.54519063,7.1575255,7.276349,7.15619,7.282504,6.8298917,6.978475,6.8540235,7.011998,False,0.8978328173374613,wide prediction interval; predicted high judge disagreement,0.5176549351215556
FINADivingWorldCup2021_Men10mSynchronised_final_r5::8,test,official_test,source_validation,FINADivingWorldCup2021_Men10mSynchronised_final,207b,3.6,59.4,5.499999999999999,0.3535533905932738,False,49.08761787414551,53.63089027404786,58.067128372192386,56.48774800300598,5.249733150005341,56.69711802005768,7.609500145912172,3.1675394e-05,0.3418965,5,False,0.0,12.471075280537864,10.31238212585449,2.702881979942319,7.609500145912172,5.410178,5.249733,0.07370647,-0.020047585,-0.2141041,entry,entry,True,0.17295074462890625,0.02006244659423828,0.97628206,1.0,0.9506668,5.410178,5.4647603,5.3712497,5.4226837,5.17615,5.2296705,5.135673,5.249733,False,0.9752321981424149,teacher-adapter difference,-7.609500145912172
FINADivingWorldCup2021_Men10m_final_r1::1,test,official_test,source_fit,FINADivingWorldCup2021_Men10m_final,6245d,3.6,39.6,3.6666666666666665,0.2886751345948129,False,35.287134933471684,41.54968442916871,39.405372905731205,39.44327187538147,3.613089084625244,39.02136211395264,3.734227180480957,0.0009501665,0.9748425,5,False,0.0,18.353434313438505,4.3128650665283175,0.5786378860473604,3.734227180480957,6.567054,3.613089,-0.19051583,-0.18985291,-2.573596,entry,entry,True,2.4497060775756836,2.4497060775756836,0.99710065,1.0,0.99890214,6.567054,6.2385283,6.2756596,6.062795,3.8755605,3.695408,3.6596026,3.613089,False,1.0,wide prediction interval; teacher-adapter difference; predicted high judge disagreement,-3.734227180480957
FINADivingWorldCup2021_Men10m_final_r1::3,test,official_test,source_fit,FINADivingWorldCup2021_Men10m_final,407c,3.2,83.2,8.666666666666666,0.2886751345948129,False,74.21477966308595,74.44338226318361,75.71049041748049,73.983446931839,7.705001540482044,73.96801478862764,0.2467648744583073,4.7584397e-08,0.36295003,5,False,0.0,12.666738707083361,8.985220336914054,9.231985211372361,-0.2467648744583073,7.8557734,7.7050014,-0.111769356,-0.4014608,0.36245808,flight,entry,False,0.33550119400024414,0.10830307006835938,0.21274717,0.0,0.1614868,7.8557734,7.743424,7.391239,7.266141,8.144715,8.040503,7.8133044,7.7050014,False,0.631578947368421,phase boundary ambiguity,0.2467648744583073
FINADivingWorldCup2021_Men10m_final_r1::5,test,official_test,source_fit,FINADivingWorldCup2021_Men10m_final,6245d,3.6,86.4,8.0,0.0,False,83.933282661438,84.13543968200685,84.3131555557251,83.85398411750793,7.749140627682209,83.69071877896786,0.2425638824701366,2.522994e-06,0.26826665,5,False,0.0,11.786787427049138,2.466717338562006,2.7092812210321426,-0.2425638824701366,8.2800665,7.7491407,-0.1793766,-0.11470032,-0.23684883,entry,entry,True,0.23363351821899414,0.18784189224243164,0.8097155,0.5,0.7296271,8.2800665,8.109818,8.175999,7.9827743,8.040666,7.8738103,7.9369826,7.7491407,False,0.21052631578947367,routine automatic scoring,0.2425638824701366
FINADivingWorldCup2021_Men10m_final_r1::11,test,official_test,source_fit,FINADivingWorldCup2021_Men10m_final,407c,3.2,67.2,6.999999999999999,0.0,False,77.61881103515626,77.4233367919922,78.90380859375001,77.45004558563234,8.075385257601738,77.52369847297669,0.09511256217956543,1.0532225e-07,0.3888728,5,False,0.0,12.907655112224516,10.418811035156253,10.323698472976687,0.09511256217956543,8.404488,8.075385,-0.048048336,-0.0684708,-0.21258338,entry,entry,True,0.21665000915527344,0.04513263702392578,0.58365726,0.0,0.89407575,8.404488,8.352901,8.331321,8.292035,8.195349,8.139782,8.120518,8.075385,False,0.4891640866873065,routine automatic scoring,-0.09511256217956543
FINADivingWorldCup2021_Men10m_final_r2::2,test,official_test,source_fit,FINADivingWorldCup2021_Men10m_final,109c,3.7,94.35,8.499999999999998,0.0,False,95.59721717834474,94.64233703613283,96.22156677246095,95.11378042548895,8.5910350009799,95.3604885108769,0.23672866746782972,1.3221924e-07,0.41241354,5,False,0.0,13.126433744172333,1.2472171783447408,1.010488510876911,0.23672866746782972,8.304407,8.591035,-0.0598553,0.00964133,0.33684173,entry,entry,True,0.3443174362182617,0.3443174362182617,0.98046833,1.0,0.97916245,8.304407,8.211859,8.286662,8.246717,8.633934,8.553846,8.618036,8.591035,False,0.7058823529411765,routine automatic scoring,-0.23672866746782972
FINADivingWorldCup2021_Men10m_final_r2::5,test,official_test,source_fit,FINADivingWorldCup2021_Men10m_final,407c,3.2,64.0,6.666666666666666,0.28867513459481287,False,66.97880859375,68.10887603759767,69.7272674560547,67.90890698432924,7.0687384605407715,67.85988922119142,0.8810806274414205,1.8010307e-07,0.38460666,5,False,0.0,12.868007204644195,2.978808593750003,3.8598892211914233,-0.8810806274414205,7.3165274,7.0687385,-0.111007296,0.06278793,-0.19956954,entry,entry,True,0.2079019546508789,0.11184167861938477,0.83150035,1.0,0.9461858,7.3165274,7.203315,7.389442,7.2766404,7.1222506,7.019117,7.18058,7.0687385,False,0.48297213622291024,routine automatic scoring,0.8810806274414205
FINADivingWorldCup2021_Men10m_final_r3::0,test,official_test,source_fit,FINADivingWorldCup2021_Men10m_final,626b,3.5,63.0,6.0,0.0,False,83.47277998924255,83.43623542785645,84.66962814331055,83.38118099793792,7.965501718223095,83.6377680413425,0.16498805209994316,3.6609558e-06,0.33677945,5,False,0.0,12.423519284425161,20.472779989242554,20.637768041342497,-0.16498805209994316,8.344591,7.965502,-0.2894155,-0.1402661,0.050592262,takeoff,takeoff,True,0.30324745178222656,0.13804054260253906,0.90484804,0.5,0.99788535,8.344591,8.066733,8.199825,7.890418,8.368418,8.103542,8.268749,7.965502,False,0.42105263157894735,routine automatic scoring,0.16498805209994316
FINADivingWorldCup2021_Men10m_final_r3::7,test,official_test,source_fit,FINADivingWorldCup2021_Men10m_final,207c,3.3,84.15,8.500000000000002,0.0,False,75.0037380695343,75.43012475967406,75.01191430091856,74.12101797312496,7.49974849075079,74.24751005843281,0.7562280111014843,4.466239e-07,0.18628818,5,False,0.0,11.024910733379633,9.146261930465712,9.902489941567197,-0.7562280111014843,7.8889937,7.4997487,-0.13764875,-0.002186219,-0.24941008,entry,entry,True,0.2514524459838867,0.006306648254394531,0.80615944,0.5,-0.22570404,7.8889937,7.762273,7.893762,7.751201,7.64446,7.5060554,7.645491,7.4997487,False,0.4953560371517028,routine automatic scoring,0.7562280111014843
FINADivingWorldCup2021_Men10m_final_r4::0,test,official_test,source_fit,FINADivingWorldCup2021_Men10m_final,307c,3.4,69.7,6.833333333333334,0.28867513459481287,False,78.12925043106078,78.46233386993407,74.35496463775634,78.17503227442502,7.6572922840714455,78.10438129752873,0.024869133532050114,3.3767165e-07,0.4346419,5,False,0.0,13.333015661823008,8.42925043106078,8.40438129752873,0.024869133532050114,7.4717765,7.6572924,-0.0812246,-0.033471506,0.300212,entry,entry,True,0.30498790740966797,0.03167915344238281,0.8777705,1.0,0.82231694,7.4717765,7.3910875,7.4361506,7.3523045,7.7668505,7.6889715,7.7394147,7.6572924,False,0.6563467492260062,routine automatic scoring,-0.024869133532050114
FINADivingWorldCup2021_Men10m_final_r4::4,test,official_test,source_fit,FINADivingWorldCup2021_Men10m_final,307c,3.4,81.6,8.0,0.0,False,83.40633430480956,83.08199100494384,79.29477252960204,82.33723127245902,8.096610687673092,82.58542901426553,0.820905290544033,5.6339527e-08,0.34079134,5,False,0.0,12.460804348657565,1.8063343048095675,0.9854290142655344,0.820905290544033,8.127551,8.096611,-0.107808985,0.12253054,-0.04566161,flight,flight,True,0.16251707077026367,0.16251707077026367,0.78655535,0.5,0.8564878,8.127551,7.9843516,8.211746,8.137425,8.078693,7.934094,8.167378,8.096611,False,0.47368421052631576,routine automatic scoring,-0.820905290544033
FINADivingWorldCup2021_Men10m_final_r4::5,test,official_test,source_fit,FINADivingWorldCup2021_Men10m_final,207b,3.6,75.6,6.999999999999999,0.0,False,74.39886131286622,75.78882923126221,75.46001701354982,75.89076036214828,6.969831138849258,75.27417629957199,0.8753149867057743,5.081672e-06,0.5541406,5,False,0.0,14.443591365288707,1.2011386871337777,0.32582370042800335,0.8753149867057743,7.4292245,6.969831,0.009645383,-0.100574575,-0.36846432,entry,entry,True,0.2952604293823242,0.08453798294067383,0.539717,0.5,0.9613455,7.4292245,7.499009,7.31921,7.2650914,6.994153,7.054369,7.013728,6.969831,False,0.8359133126934984,wide prediction interval; predicted high judge disagreement,-0.8753149867057743
FINADivingWorldCup2021_Men10m_final_r5::5,test,official_test,source_fit,FINADivingWorldCup2021_Men10m_final,307c,3.4,86.7,8.5,0.0,False,88.80789585113524,87.81062507629395,87.67669715881347,88.2699348539114,8.674212135374546,88.47696378082037,0.3309320703148728,1.3071723e-07,0.34744078,5,False,0.0,12.522601662231672,2.1078958511352397,1.7769637808203669,0.3309320703148728,8.704962,8.674212,-0.035720825,-0.09071636,0.095687866,entry,entry,True,0.11339664459228516,0.11339664459228516,0.92476207,0.5,0.61977834,8.704962,8.667692,8.596781,8.560816,8.782759,8.747646,8.708567,8.674212,False,0.21052631578947367,routine automatic scoring,-0.3309320703148728
FINADivingWorldCup2021_Men10m_final_r5::11,test,official_test,source_fit,FINADivingWorldCup2021_Men10m_final,5255b,3.6,86.4,8.0,0.0,False,90.24486122131349,89.6607147216797,89.8463047027588,89.31393084526063,8.323624677956104,89.89514652192594,0.3497146993875475,1.4294516e-06,0.28617963,5,False,0.0,11.953263880301913,3.8448612213134794,3.495146521925932,0.3497146993875475,8.408605,8.323625,-0.23521002,-0.15961654,0.30984655,entry,entry,True,0.34563589096069336,0.16034412384033203,0.92980164,0.5,0.9965369,8.408605,8.173747,8.252609,7.9779887,8.685555,8.483969,8.5562935,8.323625,False,0.29102167182662536,routine automatic scoring,-0.3497146993875475
FINADivingWorldCup2021_Men10m_final_r6::10,test,official_test,source_fit,FINADivingWorldCup2021_Men10m_final,207b,3.6,104.4,9.666666666666666,0.2886751345948129,False,81.46607093811036,81.97559623718263,82.78580017089844,80.9471624672413,7.520880110561848,81.22550519406796,0.2405657440423994,1.0300835e-06,0.43056002,5,False,0.0,13.295080268651335,22.933929061889643,23.174494805932042,-0.2405657440423994,8.006557,7.52088,-0.19864838,-0.064291395,-0.22273748,entry,entry,True,0.2318882942199707,0.08348608016967773,0.32201442,0.0,0.92356384,8.006557,7.8203783,7.9585495,7.7527685,7.7900596,7.6043663,7.734909,7.52088,False,0.42105263157894735,phase boundary ambiguity,0.2405657440423994
FINADivingWorldCup2021_Men10m_semifinal_r1::5,test,official_test,source_fit,FINADivingWorldCup2021_Men10m_semifinal,407c,3.2,76.8,7.999999999999998,0.0,False,52.63472900390626,55.551800537109386,56.27644500732423,56.070081138610846,5.879329591989517,56.44156408309937,3.806835079193114,1.1315213e-06,0.41284627,5,False,0.0,13.130455369469692,24.16527099609374,20.358435916900625,3.806835079193114,6.3072295,5.8793297,-0.004637321,-0.09401687,-0.32924566,entry,entry,True,0.3485112190246582,0.12755346298217773,0.6853418,0.5,0.9627548,6.3072295,6.287772,6.24337,6.227841,5.9938703,6.006883,5.872526,5.8793297,False,0.8018575851393189,teacher-adapter difference,-3.806835079193114
FINADivingWorldCup2021_Men10m_semifinal_r1::6,test,official_test,source_fit,FINADivingWorldCup2021_Men10m_semifinal,407c,3.2,76.8,7.999999999999998,0.0,False,60.92270050048829,62.80724487304688,64.48157958984376,63.47633657455445,6.637288153171539,63.71796627044679,2.7952657699584975,6.46915e-07,0.4795582,5,False,0.0,13.750450673688446,15.877299499511707,13.08203372955321,2.7952657699584975,7.3006988,6.637288,-0.13755226,-0.2097776,-0.3160808,entry,entry,True,0.38792991638183594,0.38792991638183594,0.62224686,0.5,0.6336805,7.3006988,7.148122,7.1379457,7.025218,7.0482197,6.9023376,6.768063,6.637288,False,0.7368421052631579,routine automatic scoring,-2.7952657699584975
FINADivingWorldCup2021_Men10m_semifinal_r1::7,test,official_test,source_fit,FINADivingWorldCup2021_Men10m_semifinal,107b,3.0,66.0,7.333333333333333,0.28867513459481287,False,68.46834182739258,68.82069396972656,68.81349277496338,67.54560881853104,7.538938365876675,67.85044529289007,0.6178965345025063,0.0,0.2988203,5,False,0.0,12.07074131624369,2.468341827392578,1.8504452928900719,0.6178965345025063,7.6433835,7.5389385,-0.062342007,0.061923187,-0.10402616,entry,entry,True,0.12468862533569336,0.053775787353515625,0.18569052,0.5,0.8241077,7.6433835,7.572155,7.7123346,7.663627,7.5596995,7.4843636,7.5927143,7.5389385,False,0.4086687306501548,phase boundary ambiguity,-0.6178965345025063
FINADivingWorldCup2021_Men10m_semifinal_r1::11,test,official_test,source_fit,FINADivingWorldCup2021_Men10m_semifinal,626c,3.3,77.55,7.833333333333334,0.28867513459481287,False,76.50928344726562,76.7481077671051,76.06465129852293,76.50053062811493,7.718323335051537,76.4114010170102,0.09788243025541021,8.88685e-07,0.25320977,5,False,0.0,11.646854531673245,1.0407165527343807,1.138598982989791,-0.09788243025541021,7.251916,7.718323,-0.19633643,0.09411963,0.5686241,entry,entry,True,0.5739889144897461,0.5739889144897461,0.9616511,1.0,0.9771511,7.251916,7.0338054,7.330897,7.1443343,7.820121,7.6041193,7.88794,7.718323,False,0.6501547987616099,routine automatic scoring,0.09788243025541021
FINADivingWorldCup2021_Men10m_semifinal_r1::13,test,official_test,source_fit,FINADivingWorldCup2021_Men10m_semifinal,5253b,3.2,65.6,6.833333333333332,0.28867513459481287,False,66.29054260253908,67.50635833740236,66.58373565673828,67.73509240150453,7.002611413598061,67.2250695705414,0.9345269680023165,4.0858077e-07,0.3679111,5,False,0.0,12.71284503468323,0.6905426025390824,1.6250695705413989,-0.9345269680023165,6.876219,7.0026116,-0.15351136,0.22067373,0.059230488,flight,flight,True,0.36109447479248047,0.1364731788635254,0.07815851,0.0,0.40318578,6.876219,6.7070985,6.957901,6.821059,6.8145566,6.641517,7.139085,7.0026116,False,0.5015479876160991,phase boundary ambiguity,0.9345269680023165
FINADivingWorldCup2021_Men10m_semifinal_r1::14,test,official_test,source_fit,FINADivingWorldCup2021_Men10m_semifinal,407c,3.2,81.6,8.499999999999998,0.0,False,83.14950256347657,82.26500244140627,82.02951049804689,83.29336445331575,8.681066207587719,83.33823559284211,0.1887330293655367,1.779255e-07,0.30931908,5,False,0.0,12.16831309182074,1.5495025634765796,1.7382355928421163,-0.1887330293655367,8.515042,8.6810665,-0.03259611,0.05771303,0.14090729,entry,entry,True,0.1363506317138672,0.0716543197631836,0.92580515,1.0,0.99981815,8.515042,8.462746,8.559346,8.544716,8.661038,8.609412,8.69343,8.6810665,False,0.21671826625386997,routine automatic scoring,0.1887330293655367
FINADivingWorldCup2021_Men10m_semifinal_r1::17,test,official_test,source_fit,FINADivingWorldCup2021_Men10m_semifinal,307c,3.4,69.7,6.833333333333334,0.28867513459481287,False,69.71694202423095,71.0980396270752,70.63055162429809,71.3736461341381,6.984199747443199,71.23883742392063,1.521895399689683,0.0,0.4455564,5,False,0.0,13.434450912005627,0.01694202423094282,1.5388374239206257,-1.521895399689683,7.4275208,6.9841995,-0.08808637,0.055140495,-0.41037536,entry,entry,True,0.3975820541381836,0.3975820541381836,0.9797308,1.0,0.9977947,7.4275208,7.3214483,7.440824,7.3817816,7.001362,6.890212,7.05729,6.9841995,False,0.7275541795665634,routine automatic scoring,1.521895399689683
FINADivingWorldCup2021_Men10m_semifinal_r2::1,test,official_test,source_fit,FINADivingWorldCup2021_Men10m_semifinal,207c,3.3,62.7,6.333333333333335,0.28867513459481287,False,58.38554306030272,60.882244062423695,60.17494339942931,60.38377453386783,6.103924334049225,60.428850907087316,2.043307846784593,1.9254999e-06,0.28017434,5,False,0.0,11.897453027414937,4.31445693969728,2.2711490929126867,2.043307846784593,6.208025,6.1039243,-0.042021275,-0.18053675,0.11845732,flight,flight,True,0.15105819702148438,0.15105819702148438,-0.14146645,1.0,-0.4464043,6.208025,6.1711674,5.995096,5.9626336,6.3007355,6.2549825,6.1540227,6.1039243,False,0.7058823529411765,phase boundary ambiguity,-2.043307846784593
FINADivingWorldCup2021_Men10m_semifinal_r2::4,test,official_test,source_fit,FINADivingWorldCup2021_Men10m_semifinal,5253b,3.2,68.8,7.166666666666665,0.28867513459481287,False,54.80398864746095,57.45081024169923,56.680828857421886,57.20998849868775,5.946793079376221,57.08921356201173,2.2852249145507812,1.7317353e-06,0.2976773,5,False,0.0,12.060118907607032,13.99601135253905,11.710786437988268,2.2852249145507812,5.658373,5.946793,-0.007647594,-0.012063821,0.3081316,entry,entry,True,0.29372644424438477,0.026511192321777344,0.9972337,1.0,0.96852344,5.658373,5.6450253,5.662926,5.6530666,5.9830794,5.9733043,5.946571,5.946793,False,0.7275541795665634,routine automatic scoring,-2.2852249145507812
FINADivingWorldCup2021_Men10m_semifinal_r2::7,test,official_test,source_fit,FINADivingWorldCup2021_Men10m_semifinal,407c,3.2,67.2,6.999999999999999,0.0,False,69.07869873046876,69.94716339111329,68.20693359375001,69.3296451330185,7.213505811989307,69.24965579509737,0.1709570646286096,1.5591591e-07,0.4088307,5,False,0.0,13.093136237750263,1.8786987304687557,2.0496557950973653,-0.1709570646286096,7.182401,7.2135057,0.0579346,-0.029362598,0.0025325615,takeoff,takeoff,True,0.07734346389770508,0.07734346389770508,0.17020069,0.0,0.1932984,7.182401,7.2206545,7.141857,7.20839,7.1820784,7.2319593,7.1361623,7.2135057,False,0.37770897832817335,phase boundary ambiguity,0.1709570646286096
FINADivingWorldCup2021_Men10m_semifinal_r2::14,test,official_test,source_fit,FINADivingWorldCup2021_Men10m_semifinal,207c,3.3,74.25,7.500000000000001,0.0,False,75.67164459228515,76.01482443809508,75.35986204147338,74.81202060878276,7.5984786078333855,75.2249382175505,0.4467063747346458,2.3417418e-07,0.48663658,5,False,0.0,13.816234437187134,1.4216445922851477,0.9749382175505019,0.4467063747346458,7.8107147,7.598479,-0.11285043,0.05728197,-0.15666747,entry,entry,True,0.17270612716674805,0.17270612716674805,0.9442265,1.0,0.8421361,7.8107147,7.678679,7.8524137,7.771185,7.66816,7.5275397,7.69407,7.598479,False,0.33746130030959753,routine automatic scoring,-0.4467063747346458
FINADivingWorldCup2021_Men10m_semifinal_r2::16,test,official_test,source_fit,FINADivingWorldCup2021_Men10m_semifinal,207b,3.6,72.0,6.666666666666666,0.28867513459481287,False,65.09563179016114,67.64460754394531,65.15441722869873,66.76538833379746,6.260589987039566,67.61437186002732,2.5187400698661833,4.557056e-06,0.5255297,5,False,0.0,14.177692136330627,6.904368209838864,4.385628139972681,2.5187400698661833,6.403591,6.26059,-0.20858264,0.02256465,0.04301691,takeoff,takeoff,True,0.22066497802734375,0.0823678970336914,0.57696086,0.5,0.067004845,6.403591,6.206815,6.3949585,6.178222,6.406981,6.207104,6.481255,6.26059,False,0.7275541795665634,wide prediction interval,-2.5187400698661833
FINADivingWorldCup2021_Men10m_semifinal_r3::0,test,official_test,source_fit,FINADivingWorldCup2021_Men10m_semifinal,207b,3.6,43.2,4.0,0.0,False,56.30746879577637,59.951280212402345,62.376443481445314,60.419949245452884,5.6025959849357605,60.50803663730622,4.200567841529846,1.30980825e-05,0.22054294,5,False,0.0,11.343261428638487,13.10746879577637,17.308036637306216,-4.200567841529846,5.904474,5.602596,-0.16554308,-0.051158667,-0.08517623,takeoff,takeoff,True,0.16716718673706055,0.007560253143310547,0.8893558,0.5,0.66933274,5.904474,5.73581,5.8049717,5.662416,5.7891965,5.610156,5.769763,5.602596,False,0.8359133126934984,teacher-adapter difference,4.200567841529846
FINADivingWorldCup2021_Men10m_semifinal_r3::3,test,official_test,source_fit,FINADivingWorldCup2021_Men10m_semifinal,107b,3.0,67.5,7.5,0.0,False,60.18285655975342,61.56742572784424,60.58536386489868,62.0107896476984,6.834545314311981,61.51090782880783,1.3280512690544128,3.6625622e-07,0.43639326,5,False,0.0,13.34929216541974,7.317143440246582,5.989092171192169,1.3280512690544128,6.651982,6.834545,-0.085427366,0.0038019817,0.26418868,entry,entry,True,0.2519826889038086,0.2519826889038086,0.96706194,1.0,0.9744003,6.651982,6.5703955,6.663729,6.5825624,6.931255,6.83581,6.920935,6.834545,False,0.6439628482972136,routine automatic scoring,-1.3280512690544128
FINADivingWorldCup2021_Men10m_semifinal_r3::4,test,official_test,source_fit,FINADivingWorldCup2021_Men10m_semifinal,626b,3.5,73.5,7.0,0.0,False,58.29729223251343,61.397136211395264,63.3027606010437,63.42402192950249,6.0076161324977875,63.07996939122677,4.782677158713341,8.745991e-05,1.3214613,5,False,0.0,21.57477778039492,15.202707767486572,10.420030608773232,4.782677158713341,6.428606,6.007616,-0.09456396,-0.26563334,-0.060792685,flight,flight,True,0.2663860321044922,0.07860088348388672,0.6242302,0.5,0.4539848,6.428606,6.310045,6.1506743,6.086217,6.3725705,6.274002,6.0912337,6.007616,False,0.9566563467492261,wide prediction interval; teacher-adapter difference; predicted high judge disagreement,-4.782677158713341
FINADivingWorldCup2021_Men10m_semifinal_r3::7,test,official_test,source_fit,FINADivingWorldCup2021_Men10m_semifinal,307c,3.4,39.1,3.833333333333334,0.2886751345948129,False,36.94625287055969,42.40996084213256,43.30703859329223,43.58212863206863,4.276139914989471,43.6166271328926,6.670374262332913,6.4335736e-06,0.21579923,5,False,0.0,11.299175192230512,2.153747129440312,4.5166271328926015,-2.3628800034522897,3.912819,4.2761397,0.013768752,-0.021101514,0.3706536,entry,entry,True,0.3857276439666748,0.006264686584472656,0.9967653,1.0,0.99427414,3.912819,3.9374328,3.8630836,3.890412,4.2717395,4.2652664,4.269875,4.2761397,False,0.9442724458204335,teacher-adapter difference,2.3628800034522897
FINADivingWorldCup2021_Men10m_semifinal_r3::9,test,official_test,source_fit,FINADivingWorldCup2021_Men10m_semifinal,6243d,3.2,62.4,6.499999999999999,0.0,False,60.31358642578126,62.27401885986329,64.29297180175782,62.72954463958741,6.485260918736458,62.258504819870005,1.9449183940887451,6.7408297e-07,0.33414936,5,False,0.0,12.39907627794326,2.0864135742187386,0.14149518012999351,1.9449183940887451,6.2826695,6.485261,-0.042951822,0.05106616,0.19447708,entry,entry,True,0.21077823638916016,0.057668209075927734,0.88430387,0.5,0.2624344,6.2826695,6.2371325,6.3302627,6.2744827,6.4639745,6.4275928,6.5224986,6.485261,False,0.6934984520123839,routine automatic scoring,-1.9449183940887451
FINADivingWorldCup2021_Men10m_semifinal_r3::17,test,official_test,source_fit,FINADivingWorldCup2021_Men10m_semifinal,5172b,3.6,72.0,6.666666666666666,0.28867513459481287,False,65.64328651428224,68.12403202056885,65.64328651428224,65.64328651428224,6.078082084655762,65.64328651428224,0.0,5.5528813e-05,0.6658485,2,True,0.0,15.481761749058478,6.356713485717762,6.356713485717762,0.0,,,,,,open_set,open_set,False,,,,,,,,,,,,,,False,0.9504643962848297,insufficient similar references; wide prediction interval; phase boundary ambiguity; predicted high judge disagreement,0.0
FINADivingWorldCup2021_Men10m_semifinal_r4::1,test,official_test,source_fit,FINADivingWorldCup2021_Men10m_semifinal,307c,3.4,49.3,4.833333333333333,0.28867513459481287,False,57.47223100662231,60.37878684997558,60.041175270080565,60.68508020639419,5.985287547111511,61.04993298053741,3.5777019739151044,3.5764403e-06,0.4539607,5,False,0.0,13.512557134834852,8.172231006622312,11.749932980537416,-3.5777019739151044,6.0816617,5.9852877,-0.023827711,0.09546169,-0.16800801,entry,entry,True,0.1693105697631836,0.1693105697631836,0.35002398,0.5,0.89782107,6.0816617,6.052767,6.174123,6.154598,5.9146256,5.887156,6.004379,5.9852877,False,0.7863777089783281,teacher-adapter difference; phase boundary ambiguity,3.5777019739151044
FINADivingWorldCup2021_Men10m_semifinal_r4::10,test,official_test,source_fit,FINADivingWorldCup2021_Men10m_semifinal,307c,3.4,37.4,3.666666666666667,0.2886751345948129,False,38.32704892158508,43.61873617172241,42.507770633697504,44.88201456069946,4.420411765575409,45.088200008869165,6.761151087284084,1.2020717e-05,0.19750214,5,False,0.0,11.129128992583453,0.927048921585083,7.688200008869167,-6.761151087284084,4.3471713,4.4204116,-0.0061330795,-0.06661177,0.14598513,entry,entry,True,0.12703943252563477,0.12703943252563477,0.8961124,1.0,-0.55974185,4.3471713,4.3220844,4.287196,4.293372,4.5107603,4.495002,4.4089327,4.4204116,False,0.9473684210526315,teacher-adapter difference,6.761151087284084
FINADivingWorldCup2021_Men10m_semifinal_r4::14,test,official_test,source_fit,FINADivingWorldCup2021_Men10m_semifinal,109c,3.7,68.45,6.166666666666666,0.28867513459481287,False,73.06837506294251,74.92016758918763,73.89653806686403,73.82937506586315,6.659841053187847,73.92423569038512,0.8558606274426097,5.5299415e-07,0.2580057,5,False,0.0,11.69142616052844,4.618375062942505,5.474235690385115,-0.8558606274426097,6.4247327,6.659841,0.03806305,-0.038577557,0.23562288,entry,entry,True,0.2046651840209961,0.08137130737304688,0.98463184,1.0,-0.98402697,6.4247327,6.4752636,6.425297,6.455176,6.687661,6.7412124,6.637898,6.659841,False,0.5015479876160991,routine automatic scoring,0.8558606274426097
FINADivingWorldCup2021_Men10m_semifinal_r4::15,test,official_test,source_fit,FINADivingWorldCup2021_Men10m_semifinal,207b,3.6,93.6,8.666666666666666,0.2886751345948129,False,95.33923873901368,94.12043609619141,98.12246017456056,95.20690350830556,8.824850551784039,95.30838595926762,0.030852779746055603,2.7933652e-07,0.37194562,5,False,0.0,12.750340320237996,1.739238739013686,1.7083859592676305,0.030852779746055603,8.936596,8.82485,-0.13896434,0.026545843,0.00067265827,takeoff,takeoff,True,0.10828685760498047,0.10828685760498047,0.96716845,1.0,0.7733426,8.936596,8.774237,8.939301,8.808892,8.929266,8.76718,8.933137,8.82485,False,0.5758513931888545,routine automatic scoring,-0.030852779746055603
FINADivingWorldCup2021_Men10m_semifinal_r5::7,test,official_test,source_fit,FINADivingWorldCup2021_Men10m_semifinal,626b,3.5,85.75,8.166666666666666,0.2886751345948129,False,73.07727670669556,74.33581352233887,77.31228518486023,74.65476467460394,7.113947123289108,74.69644479453564,1.6191680878400803,2.1178072e-05,0.9985484,5,False,0.0,18.573747921102434,12.672723293304443,11.053555205464363,1.6191680878400803,7.8042808,7.113947,-0.21846938,0.07171559,-0.54358006,entry,entry,True,0.5468950271606445,0.0795450210571289,0.41016814,0.5,0.9915491,7.8042808,7.5638604,7.8699656,7.660842,7.2658143,7.034402,7.3086667,7.113947,False,0.9504643962848297,wide prediction interval; predicted high judge disagreement,-1.6191680878400803
FINADivingWorldCup2021_Men10m_semifinal_r5::8,test,official_test,source_fit,FINADivingWorldCup2021_Men10m_semifinal,307c,3.4,57.8,5.666666666666667,0.28867513459481287,False,65.0583360671997,67.01980905532837,67.21354637145996,67.41971327662468,6.557223603129387,66.88368075191974,1.8253446847200365,1.3135386e-06,0.4834813,5,False,0.0,13.786910363032,7.258336067199707,9.083680751919744,-1.8253446847200365,6.9330845,6.557224,-0.13409948,-0.051657915,-0.19010329,entry,entry,True,0.19320392608642578,0.19320392608642578,0.31254086,0.0,0.39975443,6.9330845,6.787876,6.8702974,6.7504277,6.7477074,6.596127,6.678589,6.557224,False,0.6718266253869969,phase boundary ambiguity,1.8253446847200365
FINADivingWorldCup2021_Men10m_semifinal_r5::9,test,official_test,source_fit,FINADivingWorldCup2021_Men10m_semifinal,407c,3.2,68.8,7.166666666666665,0.28867513459481287,False,63.50601196289063,65.06872558593751,66.0646728515625,64.19605278968812,6.6875342428684235,64.20032873153687,0.6943167686462388,8.880909e-08,0.4206451,5,False,0.0,13.202934640539889,5.293988037109365,4.599671268463126,0.6943167686462388,7.1426897,6.6875343,0.021120707,-0.060588438,-0.41568765,entry,entry,True,0.415372371673584,0.024402618408203125,0.98579204,1.0,-0.6794411,7.1426897,7.162548,7.0829554,7.1029067,6.7287064,6.7469573,6.6631317,6.6875343,False,0.7739938080495357,routine automatic scoring,-0.6943167686462388
FINADivingWorldCup2021_Men10m_semifinal_r5::11,test,official_test,source_fit,FINADivingWorldCup2021_Men10m_semifinal,109c,3.7,86.95,7.833333333333332,0.28867513459481287,False,84.81148796081544,85.20030913352967,85.44316291809083,83.97913679033519,7.593747474253178,84.29059696421028,0.5208909966051607,1.1643278e-07,0.3492176,5,False,0.0,12.539114699437492,2.138512039184562,2.6594030357897225,-0.5208909966051607,7.506545,7.5937476,-0.07182288,0.039841175,0.119184256,entry,entry,True,0.09479665756225586,0.09479665756225586,0.79436296,0.5,-0.39212298,7.506545,7.440804,7.5816336,7.498951,7.650898,7.5883727,7.6708713,7.5937476,False,0.3653250773993808,routine automatic scoring,0.5208909966051607
FINADivingWorldCup2021_Men10m_semifinal_r5::13,test,official_test,source_fit,FINADivingWorldCup2021_Men10m_semifinal,207c,3.3,67.65,6.833333333333335,0.28867513459481287,False,61.152187156677236,63.30421657562255,60.74136929512023,62.31208251491188,6.305760428309441,62.42702824026345,1.2748410835862174,2.006585e-06,0.2888688,5,False,0.0,11.97825612114777,6.4978128433227695,5.222971759736552,1.2748410835862174,6.3342686,6.3057604,-0.061969917,-0.06140868,0.09487041,entry,entry,True,0.07980489730834961,0.07955217361450195,0.88722384,0.5,-0.5731755,6.3342686,6.273166,6.2890053,6.2259555,6.4422064,6.3853126,6.370596,6.3057604,False,0.5944272445820433,routine automatic scoring,-1.2748410835862174
FINADivingWorldCup2021_Men10m_semifinal_r6::0,test,official_test,source_fit,FINADivingWorldCup2021_Men10m_semifinal,6245d,3.6,82.8,7.666666666666666,0.28867513459481287,False,80.99306831359864,81.56151809692383,80.3836618423462,80.75195837616921,7.487433984875679,80.86428703665734,0.1287812769412966,4.2415827e-06,0.41754445,5,False,0.0,13.17411853200427,1.8069316864013558,1.9357129633426524,-0.1287812769412966,7.861258,7.487434,-0.20693271,-0.07284299,-0.09404842,takeoff,takeoff,True,0.2113661766052246,0.2113661766052246,0.6937172,0.5,0.64964586,7.861258,7.662492,7.7855873,7.562353,7.7518134,7.553716,7.6988,7.487434,False,0.4117647058823529,routine automatic scoring,0.1287812769412966
FINADivingWorldCup2021_Men10m_semifinal_r6::2,test,official_test,source_fit,FINADivingWorldCup2021_Men10m_semifinal,5253b,3.2,76.8,7.999999999999998,0.0,False,74.24300537109376,74.46809234619141,74.05478668212892,73.56469187736512,7.716898001730442,74.08222081661225,0.1607845544815092,7.411968e-08,0.7248855,5,False,0.0,16.03042942945128,2.5569946289062386,2.717779183387748,-0.1607845544815092,7.855215,7.716898,-0.015923023,-0.0706501,-0.051743984,flight,flight,True,0.11476278305053711,0.11476278305053711,0.32249016,0.5,0.70177263,7.855215,7.830471,7.8275433,7.813586,7.847281,7.8316607,7.7251344,7.716898,False,0.6377708978328174,wide prediction interval; phase boundary ambiguity,0.1607845544815092
FINADivingWorldCup2021_Men10m_semifinal_r6::7,test,official_test,source_fit,FINADivingWorldCup2021_Men10m_semifinal,5255b,3.6,59.4,5.499999999999999,0.0,False,62.92806873321533,65.74708156585694,65.19970493316652,67.06915333271027,6.265452861785889,67.66689090728761,4.738822174072276,4.959619e-06,0.52159613,5,False,0.0,14.141135230011914,3.528068733215335,8.26689090728761,-4.738822174072276,5.6693597,6.265453,0.0634315,0.2634654,0.26919627,entry,flight,False,0.2963109016418457,0.3223586082458496,0.8112644,0.5,-0.10034394,5.6693597,5.774354,5.881451,5.969142,5.9189606,5.9430943,6.236065,6.265453,False,0.8452012383900929,wide prediction interval; teacher-adapter difference,4.738822174072276
FINADivingWorldCup2021_Men10m_semifinal_r6::15,test,official_test,source_fit,FINADivingWorldCup2021_Men10m_semifinal,109c,3.7,83.25,7.499999999999999,0.0,False,76.83804187774659,78.22020664215088,77.40821871757508,77.58688691854478,6.984322927892208,77.52598449960352,0.6879426218569336,3.234945e-07,0.25928038,5,False,0.0,11.703272505954978,6.411958122253409,5.724015500396476,0.6879426218569336,6.8386273,6.984323,-0.085912466,0.1792717,0.052336454,flight,flight,True,0.22027873992919922,0.07445383071899414,0.65053445,0.5,0.7895053,6.8386273,6.7293243,6.9797034,6.909869,6.871658,6.7640443,7.0440335,6.984323,False,0.44891640866873067,routine automatic scoring,-0.6879426218569336
FINADivingWorldCup2021_Men3mSynchronised_final_r1::2,test,official_test,source_fit,FINADivingWorldCup2021_Men3mSynchronised_final,103b,2.0,48.0,8.0,0.0,False,49.101356506347656,48.905731201171875,48.951433181762695,48.4984492957592,8.118790544569492,48.712743267416954,0.3886132389307022,8.486442e-07,0.49426618,5,False,0.0,13.887141064425485,1.1013565063476562,0.712743267416954,0.3886132389307022,8.051039,8.118791,0.02301518,-0.16841586,0.21315257,entry,entry,True,0.27034950256347656,0.27034950256347656,-0.050770044,0.5,0.96507925,8.051039,8.091247,7.832782,7.848441,8.207729,8.23663,8.112233,8.118791,False,0.5882352941176471,phase boundary ambiguity,-0.3886132389307022
FINADivingWorldCup2021_Men3mSynchronised_final_r1::9,test,official_test,source_fit,FINADivingWorldCup2021_Men3mSynchronised_final,201b,2.0,51.6,8.6,0.5477225575051662,False,49.6201114654541,49.35985565185547,49.18753623962402,49.282484114170074,8.236737005412579,49.42042203247547,0.19968943297863007,2.8906765e-08,0.111617096,5,False,0.0,10.330946120990578,1.9798885345458999,2.17957796752453,-0.19968943297863007,8.307768,8.236737,-0.022767702,-0.010061423,-0.038201492,entry,takeoff,False,0.027391433715820312,0.03388690948486328,0.69959366,1.0,-0.8845696,8.307768,8.295677,8.294178,8.264129,8.258314,8.243712,8.270624,8.236737,False,0.26625386996904027,routine automatic scoring,0.19968943297863007
FINADivingWorldCup2021_Men3mSynchronised_final_r2::0,test,official_test,source_fit,FINADivingWorldCup2021_Men3mSynchronised_final,301b,2.0,45.0,7.5,0.0,False,49.866085052490234,49.57518768310547,49.87907409667969,49.6196366250515,8.268525071442127,49.61115042865276,0.254934623837471,3.471301e-07,0.276476,5,False,0.0,11.86308197969448,4.866085052490234,4.611150428652763,0.254934623837471,8.4942255,8.268525,0.061424494,-0.4308753,0.14375043,flight,flight,True,0.2844047546386719,0.2844047546386719,0.31272197,0.5,0.6810972,8.4942255,8.534349,7.911966,7.99969,8.5079775,8.55293,8.190714,8.268525,False,0.631578947368421,phase boundary ambiguity,-0.254934623837471
FINADivingWorldCup2021_Men3mSynchronised_final_r2::8,test,official_test,source_fit,FINADivingWorldCup2021_Men3mSynchronised_final,301b,2.0,47.4,7.8999999999999995,0.22360679774997896,False,46.52075386047363,46.64662456512451,45.51116180419922,46.22717374563217,7.6969823613762856,46.18189416825771,0.3388596922159195,1.4380055e-07,0.17345256,5,False,0.0,10.90562135028253,0.8792461395263658,1.2181058317422853,-0.3388596922159195,7.851237,7.6969824,0.04076417,-0.0322334,-0.16278522,entry,entry,True,0.1604175567626953,0.02415752410888672,0.28024018,0.5,0.9775566,7.851237,7.888533,7.806807,7.8574,7.6819634,7.72114,7.656871,7.6969824,False,0.34674922600619196,phase boundary ambiguity,0.3388596922159195
FINADivingWorldCup2021_Men3mSynchronised_final_r2::11,test,official_test,source_fit,FINADivingWorldCup2021_Men3mSynchronised_final,103b,2.0,51.6,8.6,0.22360679774997896,False,50.573604583740234,50.19456481933594,50.48507881164551,50.03112342953682,8.37642190605402,50.25853143632412,0.3150731474161148,4.0489203e-07,0.46540704,5,False,0.0,13.61893521732165,1.026395416259767,1.3414685636758819,-0.3150731474161148,8.261797,8.376422,0.040005285,-0.361864,0.4364837,entry,entry,True,0.5764851570129395,0.2225322723388672,0.66574645,1.0,0.9894042,8.261797,8.304291,7.761464,7.799937,8.559142,8.598954,8.338042,8.376422,False,0.7089783281733746,routine automatic scoring,0.3150731474161148
FINADivingWorldCup2021_Men3mSynchronised_final_r3::3,test,official_test,source_fit,FINADivingWorldCup2021_Men3mSynchronised_final,407c,3.4,74.46,7.3,0.2738612787525831,False,78.33557510375977,78.6429536819458,75.28369560241698,77.43094396591187,7.600167118012905,77.52170460373162,0.8138705000281448,4.6359357e-08,0.12746894,5,False,0.0,10.478267160264592,3.875575103759772,3.061704603731627,0.8138705000281448,7.5245423,7.6001673,0.015233755,0.00864315,0.051748037,entry,entry,True,0.0485234260559082,0.007266044616699219,-0.385529,0.0,-0.93204755,7.5245423,7.544228,7.534553,7.551644,7.5795054,7.592901,7.589395,7.6001673,False,0.5201238390092879,phase boundary ambiguity,-0.8138705000281448
FINADivingWorldCup2021_Men3mSynchronised_final_r3::5,test,official_test,source_fit,FINADivingWorldCup2021_Men3mSynchronised_final,107b,3.1,78.12,8.4,0.5477225575051662,False,76.73598890304567,76.3544282913208,76.78865404129029,75.16684059351684,8.14208159595728,75.72135884240271,1.0146300606429577,1.68538e-07,0.28873992,5,False,0.0,11.977058219673177,1.3840110969543389,2.3986411575972966,-1.0146300606429577,8.066703,8.142081,-0.061411697,-0.009772618,0.14656274,entry,entry,True,0.15799522399902344,0.010205268859863281,0.88986593,1.0,0.9568371,8.066703,8.00501,8.0546255,7.984086,8.199096,8.152287,8.205949,8.142081,False,0.5386996904024768,routine automatic scoring,1.0146300606429577
FINADivingWorldCup2021_Men3mSynchronised_final_r3::7,test,official_test,source_fit,FINADivingWorldCup2021_Men3mSynchronised_final,5154b,3.4,71.4,7.000000000000001,0.3535533905932738,False,70.45741710662841,71.74626417160033,69.98479299545288,70.22488736808299,6.887727074325085,70.25481615811586,0.20260094851255417,4.0407957e-07,0.12920639,5,False,0.0,10.494414318199214,0.9425828933715934,1.1451838418841476,-0.20260094851255417,6.5351377,6.8877273,-0.016539335,0.004587412,0.36454153,entry,entry,True,0.3723726272583008,0.3723726272583008,0.2999988,0.5,0.9432767,6.5351377,6.5164337,6.5344067,6.5153546,6.893409,6.8762608,6.9005413,6.8877273,False,0.6130030959752322,phase boundary ambiguity,0.20260094851255417
FINADivingWorldCup2021_Men3mSynchronised_final_r3::11,test,official_test,source_fit,FINADivingWorldCup2021_Men3mSynchronised_final,407c,3.4,72.42,7.1000000000000005,1.08397416943394,False,72.87672843933105,73.86417446136474,72.03438720703124,72.17495686411857,7.103413812816143,72.45482089072465,0.42190754860639856,7.237429e-08,0.23401372,5,False,0.0,11.468453765533797,0.45672843933104446,0.03482089072464589,0.42190754860639856,7.212267,7.1034136,0.07578739,-0.13699453,-0.047646206,flight,flight,True,0.15830516815185547,0.09527397155761719,0.09322642,0.5,0.88695836,7.212267,7.276552,7.1045675,7.1711016,7.192647,7.2617188,7.0081396,7.1034136,False,0.3653250773993808,phase boundary ambiguity,-0.42190754860639856
FINADivingWorldCup2021_Men3mSynchronised_final_r4::2,test,official_test,source_fit,FINADivingWorldCup2021_Men3mSynchronised_final,109c,3.8,63.84,5.600000000000001,0.9617692030835672,False,86.32484464645384,86.82120609283446,87.23915405273436,86.87214156389236,7.615646995604038,86.81837574988603,0.49353110343218987,1.3941738e-07,0.4988747,5,False,0.0,13.929970819899475,22.484844646453837,22.978375749886027,-0.49353110343218987,7.6347585,7.615647,0.059482653,-0.03993122,-0.03866307,takeoff,takeoff,True,0.08300399780273438,0.0007300376892089844,0.5250396,0.5,-0.53275055,7.6347585,7.65886,7.5437665,7.619751,7.549677,7.616377,7.532643,7.615647,False,0.2476780185758514,wide prediction interval,0.49353110343218987
FINADivingWorldCup2021_Men3mSynchronised_final_r4::6,test,official_test,source_fit,FINADivingWorldCup2021_Men3mSynchronised_final,405b,3.0,67.5,7.5,0.0,False,74.9824447631836,74.52326774597168,74.17406558990479,73.43295447528362,8.218917302787304,73.97025572508574,1.0121890380978584,7.7127214e-07,0.16594245,5,False,0.0,10.835825240029699,7.482444763183594,6.470255725085735,1.0121890380978584,7.8954196,8.218917,-0.017600616,-0.00121816,0.34231606,entry,entry,True,0.33865833282470703,0.33865833282470703,0.9966742,1.0,0.9891103,7.8954196,7.882186,7.902593,7.8802586,8.243132,8.2267885,8.239146,8.218917,False,0.5820433436532507,routine automatic scoring,-1.0121890380978584
FINADivingWorldCup2021_Men3mSynchronised_final_r4::7,test,official_test,source_fit,FINADivingWorldCup2021_Men3mSynchronised_final,5156b,3.9,83.07,7.1,0.4183300132670378,False,89.72000999450682,90.0894733428955,87.62006521224976,89.16099227964878,7.6440272852778435,89.43511923775077,0.2848907567560559,1.160044e-06,0.51960266,5,False,0.0,14.122608610443022,6.650009994506831,6.3651192377507755,0.2848907567560559,7.0252285,7.644027,0.0830071,-0.056319714,0.59211135,entry,entry,True,0.5978021621704102,0.06847858428955078,0.97568023,1.0,0.61428654,7.0252285,7.1207027,6.9585915,7.046225,7.6095877,7.692091,7.5755486,7.644027,False,0.8885448916408669,wide prediction interval; predicted high judge disagreement,-0.2848907567560559
FINADivingWorldCup2021_Men3mSynchronised_final_r5::2,test,official_test,source_fit,FINADivingWorldCup2021_Men3mSynchronised_final,307c,3.5,63.0,6.0,0.6123724356957945,False,55.21927285194397,58.70258188247681,57.14337730407715,59.80222883820534,5.73213666677475,60.18743500113487,4.968162149190903,1.8893443e-06,0.45824763,5,False,0.0,13.552398368479746,7.78072714805603,2.8125649988651276,4.968162149190903,6.3103886,5.7321367,-0.05713622,0.3625172,-0.88363284,entry,entry,True,0.8227829933166504,0.052637577056884766,0.3095782,0.5,0.656647,6.3103886,6.2480025,6.6034737,6.5549197,5.3651547,5.3009386,5.7847743,5.7321367,False,0.9287925696594427,teacher-adapter difference; phase boundary ambiguity; predicted high judge disagreement,-4.968162149190903
FINADivingWorldCup2021_Men3mSynchronised_final_r5::4,test,official_test,source_fit,FINADivingWorldCup2021_Men3mSynchronised_final,5154b,3.4,74.46,7.3,0.5700877125495689,False,75.2935544013977,75.97991065979004,75.30997924804687,75.96892438530921,7.429407939314842,75.77996098101139,0.4864065796136856,1.6680498e-07,0.37136263,5,False,0.0,12.74492220494413,0.8335544013977056,1.3199609810113913,-0.4864065796136856,7.1455293,7.429408,0.060256083,0.037974197,0.18564852,entry,entry,True,0.1694197654724121,0.02191305160522461,0.8443981,1.0,0.90558046,7.1455293,7.2195005,7.1963997,7.2599883,7.3442416,7.407495,7.386032,7.429408,False,0.4055727554179567,routine automatic scoring,0.4864065796136856
FINADivingWorldCup2021_Men3mSynchronised_final_r5::9,test,official_test,source_fit,FINADivingWorldCup2021_Men3mSynchronised_final,109c,3.8,79.8,7.000000000000001,1.1726039399558574,False,64.36645917892456,67.59842119216918,60.95031652450561,67.55634732842445,5.952980428934097,67.8639768898487,3.497517710924143,3.46478e-06,0.6082522,5,False,0.0,14.94648397592294,15.43354082107544,11.936023110151297,3.497517710924143,6.3582006,5.9529805,0.037141085,-0.022756815,-0.4196043,entry,entry,True,0.4156341552734375,0.023383617401123047,0.9427097,1.0,0.8293034,6.3582006,6.4113035,6.3375907,6.3686147,5.9368305,5.97568,5.929597,5.9529805,False,0.8978328173374613,wide prediction interval; predicted high judge disagreement,-3.497517710924143
FINADivingWorldCup2021_Men3mSynchronised_final_r5::10,test,official_test,source_fit,FINADivingWorldCup2021_Men3mSynchronised_final,5337d,3.5,78.75,7.5,0.3535533905932738,False,82.65368413925171,82.71918296813965,81.22585272789001,82.43638725578785,7.847217135131359,82.39577991887927,0.25790422037243843,4.6819747e-07,0.31622687,5,False,0.0,12.232511470801377,3.903684139251709,3.6457799188792706,0.25790422037243843,7.9944153,7.847217,0.19260073,-0.40755343,0.06775451,flight,flight,True,0.37563085556030273,0.37563085556030273,0.39291444,0.5,-0.05919539,7.9944153,8.163131,7.5559936,7.7784457,8.062207,8.222848,7.629677,7.847217,False,0.6099071207430341,routine automatic scoring,-0.25790422037243843
FINADivingWorldCup2021_Men3mSynchronised_final_r6::0,test,official_test,source_fit,FINADivingWorldCup2021_Men3mSynchronised_final,5154b,3.4,59.16,5.8,0.4472135954999579,False,76.72044410705566,77.2290355682373,75.09880542755127,76.87171216607094,7.520622529089451,76.71034979671239,0.010094310343262691,1.04894035e-07,0.27988878,5,False,0.0,11.894799087084406,17.56044410705566,17.550349796712396,0.010094310343262691,7.4669533,7.5206227,0.13857992,-0.21839945,0.13348897,flight,flight,True,0.1982717514038086,0.1982717514038086,0.3492792,0.0,0.94744074,7.4669533,7.602661,7.226894,7.3571777,7.568954,7.7188945,7.380703,7.5206227,False,0.20743034055727555,phase boundary ambiguity,-0.010094310343262691
FINADivingWorldCup2021_Men3mSynchronised_final_r6::8,test,official_test,source_fit,FINADivingWorldCup2021_Men3mSynchronised_final,109c,3.8,83.22,7.300000000000001,0.2738612787525831,False,70.9724624633789,73.38143892288207,71.76324005126952,73.72874662578106,6.448827639222145,73.51663508713244,2.544172623753539,1.0156326e-06,0.3605052,5,False,0.0,12.644017355067604,12.247537536621095,9.703364912867556,2.544172623753539,6.4653544,6.4488277,0.24858172,0.03641351,-0.30152193,entry,entry,True,0.28177595138549805,0.20926237106323242,0.827464,0.5,-0.48134288,6.4653544,6.7510433,6.5168595,6.7306037,6.1418743,6.429718,6.2395654,6.4488277,False,0.7306501547987616,routine automatic scoring,-2.544172623753539
FINADivingWorldCup2021_Men3m_final_r1::7,test,official_test,source_fit,FINADivingWorldCup2021_Men3m_final,405b,3.0,66.0,7.333333333333333,0.28867513459481287,False,66.84505605697632,67.39964246749878,67.30261945724487,66.10472184419632,7.3754932805895805,66.37943952530622,0.46561653167009354,1.8084668e-07,0.31723386,5,False,0.0,12.24187005876091,0.8450560569763184,0.3794395253062248,0.46561653167009354,7.2172556,7.375493,-0.07275343,0.1703217,0.060669184,flight,flight,True,0.1794724464416504,0.1794724464416504,0.8236013,0.5,0.37862507,7.2172556,7.1699686,7.386683,7.3163834,7.2877407,7.1960206,7.4654565,7.375493,False,0.3498452012383901,routine automatic scoring,-0.46561653167009354
FINADivingWorldCup2021_Men3m_final_r1::9,test,official_test,source_fit,FINADivingWorldCup2021_Men3m_final,205b,3.0,66.0,7.333333333333333,0.28867513459481287,False,70.10503005981445,70.25348281860352,69.90973949432373,69.4223994165659,7.751102946698666,69.75992652028799,0.34510353952646255,1.0166791e-07,0.29940024,5,False,0.0,12.076131180450757,4.105030059814453,3.7599265202879906,0.34510353952646255,7.6507998,7.751103,0.08905514,0.040315468,-0.029067436,takeoff,takeoff,True,0.10987043380737305,0.10987043380737305,0.25569734,0.0,0.3776301,7.6507998,7.7201805,7.6886644,7.7507176,7.5934205,7.7071958,7.6412325,7.751103,False,0.26625386996904027,phase boundary ambiguity,-0.34510353952646255
FINADivingWorldCup2021_Men3m_final_r1::10,test,official_test,source_fit,FINADivingWorldCup2021_Men3m_final,5154b,3.4,76.5,7.500000000000001,0.0,False,72.8196475982666,73.81420440673827,72.76573791503905,73.25169414281845,7.188002519309521,73.31762569695711,0.4979780986905098,1.420748e-07,0.62807965,5,False,0.0,15.130752520487817,3.6803524017334013,3.1823743030428915,0.4979780986905098,6.7948728,7.1880026,0.1023314,-0.012195826,0.30299425,entry,entry,True,0.28748559951782227,0.022007465362548828,0.7936437,0.5,-0.09465039,6.7948728,6.9065356,6.792835,6.900517,7.1137223,7.21001,7.094656,7.1880026,False,0.826625386996904,wide prediction interval; predicted high judge disagreement,-0.4979780986905098
FINADivingWorldCup2021_Men3m_final_r1::11,test,official_test,source_fit,FINADivingWorldCup2021_Men3m_final,5154b,3.4,81.6,8.0,0.0,False,85.92818298339843,85.28967132568359,86.76859817504882,85.58627231419086,8.414146825671196,85.8242976218462,0.10388536155222994,4.781778e-07,0.105822615,5,False,0.0,10.277094425578866,4.328182983398435,4.224297621846205,0.10388536155222994,7.980378,8.414146,0.04569904,-0.05704506,0.44511428,entry,entry,True,0.46532583236694336,0.46532583236694336,0.98460966,1.0,0.99088216,7.980378,8.022691,7.898839,7.9488206,8.401672,8.450306,8.3686695,8.414146,False,0.43962848297213625,routine automatic scoring,-0.10388536155222994
FINADivingWorldCup2021_Men3m_final_r3::5,test,official_test,source_fit,FINADivingWorldCup2021_Men3m_final,5154b,3.4,68.0,6.666666666666667,0.28867513459481287,False,83.22620086669922,82.92429885864257,82.43442306518554,82.53285632729529,8.137189574539661,82.99933366030454,0.2268672063946724,1.6117318e-07,0.2832472,5,False,0.0,11.926010998569208,15.226200866699216,14.999333660304544,0.2268672063946724,7.9406404,8.13719,-0.025479317,-0.0033407211,0.22536945,entry,entry,True,0.23070573806762695,0.026413917541503906,0.8925027,1.0,0.99874735,7.9406404,7.915817,7.9369836,7.906484,8.160395,8.140493,8.163604,8.13719,False,0.5851393188854489,routine automatic scoring,-0.2268672063946724
FINADivingWorldCup2021_Men3m_final_r3::6,test,official_test,source_fit,FINADivingWorldCup2021_Men3m_final,305b,3.0,58.5,6.5,0.0,False,70.7177152633667,70.78983879089355,68.67165756225586,70.63755214959383,7.863092847168446,70.76783562451601,0.050120361149311066,4.0557282e-07,0.67152745,5,False,0.0,15.534539764686084,12.2177152633667,12.26783562451601,-0.050120361149311066,7.663625,7.863093,0.094305195,-0.021695932,0.12685888,entry,entry,True,0.1344618797302246,0.1344618797302246,0.920804,0.5,0.91205066,7.663625,7.7467017,7.6393695,7.728631,7.786269,7.878841,7.754171,7.863093,False,0.6006191950464397,wide prediction interval,0.050120361149311066
FINADivingWorldCup2021_Men3m_final_r3::7,test,official_test,source_fit,FINADivingWorldCup2021_Men3m_final,205b,3.0,57.0,6.333333333333333,0.28867513459481287,False,49.932294845581055,52.593891620635986,51.54998445510864,52.98503118753433,5.859382092952728,52.734438836574554,2.8021439909934998,2.8367353e-06,0.25598386,5,False,0.0,11.672635864149418,7.067705154418945,4.265561163425446,2.8021439909934998,5.64906,5.859382,-0.11379027,0.07683134,0.24728131,entry,entry,True,0.23390674591064453,0.04235124588012695,0.89098567,0.5,0.97215307,5.64906,5.5718966,5.7594357,5.6254754,5.90878,5.817031,6.010735,5.859382,False,0.739938080495356,routine automatic scoring,-2.8021439909934998
FINADivingWorldCup2021_Men3m_final_r4::0,test,official_test,source_fit,FINADivingWorldCup2021_Men3m_final,407c,3.4,71.4,7.000000000000001,0.0,False,74.43714237213135,75.23018960952759,73.21762790679931,74.22407838106155,7.311598904430866,74.57830882519482,0.14116645306347664,5.7767714e-08,0.5872318,5,False,0.0,14.751128264646406,3.037142372131342,3.1783088251948186,-0.14116645306347664,7.2416167,7.311599,0.05201928,-0.08214053,0.1001033,entry,flight,False,0.08296966552734375,0.056475162506103516,0.97832924,1.0,0.98321205,7.2416167,7.2924237,7.1819983,7.228629,7.3620973,7.4130177,7.2551236,7.311599,False,0.33126934984520123,wide prediction interval,0.14116645306347664
FINADivingWorldCup2021_Men3m_final_r4::5,test,official_test,source_fit,FINADivingWorldCup2021_Men3m_final,205b,3.0,69.0,7.666666666666667,0.28867513459481287,False,71.80409145355225,71.74087285995483,70.99439907073975,70.3131398409605,7.897726200520992,71.07953580468893,0.7245556488633156,4.9044996e-07,0.26219705,5,False,0.0,11.73037886979634,2.804091453552246,2.0795358046889305,0.7245556488633156,7.2512207,7.897726,-0.058805864,-0.035292547,0.74060374,entry,entry,True,0.7462801933288574,0.057586669921875,0.99620974,1.0,0.99893,7.2512207,7.1924605,7.211456,7.151446,7.987413,7.9272814,7.9553127,7.897726,False,0.826625386996904,predicted high judge disagreement,-0.7245556488633156
FINADivingWorldCup2021_Men3m_final_r4::8,test,official_test,source_fit,FINADivingWorldCup2021_Men3m_final,307c,3.5,84.0,8.0,0.0,False,89.37593078613281,88.60396385192871,87.7288670539856,89.13413395732641,8.489733211696148,89.14219872280955,0.23373206332325935,1.9397946e-07,0.2146843,5,False,0.0,11.28881341371815,5.3759307861328125,5.142198722809553,0.23373206332325935,8.297403,8.489733,0.0658199,-0.00796922,0.13447873,entry,entry,True,0.13477516174316406,0.06821823120117188,0.8726479,0.5,0.98219323,8.297403,8.358495,8.283232,8.354958,8.4292555,8.49383,8.4215145,8.489733,False,0.21362229102167182,routine automatic scoring,-0.23373206332325935
FINADivingWorldCup2021_Men3m_final_r5::1,test,official_test,source_fit,FINADivingWorldCup2021_Men3m_final,407c,3.4,61.2,6.000000000000001,0.5,False,56.76434297561645,59.75908813476562,61.940037345886225,60.52591009140014,5.923873543739319,60.42351014614105,3.659167170524597,3.4762783e-07,0.49396124,5,False,0.0,13.884307092659467,4.435657024383552,0.7764898538589549,3.659167170524597,6.141634,5.9238734,-0.06615003,-0.09304365,-0.058566887,flight,flight,True,0.08412361145019531,0.0007352828979492188,0.6965772,1.0,0.54009783,6.141634,6.0810757,6.040215,5.9246087,6.02578,6.007997,5.9950705,5.9238734,False,0.7863777089783281,teacher-adapter difference,-3.659167170524597
FINADivingWorldCup2021_Men3m_final_r5::2,test,official_test,source_fit,FINADivingWorldCup2021_Men3m_final,207c,3.6,36.0,3.333333333333333,0.2886751345948129,False,60.68031234741211,63.77935295104981,64.64290924072266,64.0950858592987,5.941123127937317,64.16412978172302,3.4838174343109074,3.0949573e-06,0.32628003,5,False,0.0,12.32594169244789,24.680312347412112,28.16412978172302,-3.4838174343109074,6.3068075,5.941123,-0.074245535,-0.069876514,-0.22156246,entry,entry,True,0.293393611907959,0.293393611907959,0.40416083,0.5,0.4871956,6.3068075,6.2697515,6.3399053,6.2345166,6.161941,6.109109,6.0476933,5.941123,False,0.7863777089783281,routine automatic scoring,3.4838174343109074
FINADivingWorldCup2021_Men3m_final_r5::3,test,official_test,source_fit,FINADivingWorldCup2021_Men3m_final,5156b,3.9,54.6,4.666666666666667,0.28867513459481287,False,57.5807936668396,61.95419554710388,55.935520219802854,63.73647934198379,5.417344003915787,63.3829248458147,5.802131178975102,2.1598293e-05,0.434049,5,False,0.0,13.327505592011322,2.9807936668395953,8.782924845814698,-5.802131178975102,5.5011997,5.417344,-0.08081833,0.11497029,-0.11800758,entry,flight,False,0.11804056167602539,0.08253717422485352,0.5657702,1.0,0.68145776,5.5011997,5.4400477,5.6305084,5.5353847,5.4011726,5.2987647,5.4998813,5.417344,False,0.9102167182662538,teacher-adapter difference,5.802131178975102
FINADivingWorldCup2021_Men3m_final_r5::5,test,official_test,source_fit,FINADivingWorldCup2021_Men3m_final,307c,3.5,77.0,7.333333333333333,0.28867513459481287,False,62.441162109375,65.02476096153259,62.66501569747925,65.26204526424408,6.184765040874481,64.94003292918205,2.4988708198070526,1.4085473e-06,0.43211627,5,False,0.0,13.309543440235545,14.558837890625,12.059967070817947,2.4988708198070526,6.508657,6.184765,0.052988768,-0.04845929,-0.3284216,entry,entry,True,0.3178849220275879,0.04534292221069336,0.6355252,0.5,0.74109596,6.508657,6.550589,6.457045,6.50265,6.1696625,6.230108,6.1207557,6.184765,False,0.7275541795665634,routine automatic scoring,-2.4988708198070526
FINADivingWorldCup2021_Men3m_final_r5::6,test,official_test,source_fit,FINADivingWorldCup2021_Men3m_final,5152b,3.0,72.0,8.0,0.0,False,67.15673732757568,67.67249393463135,64.27127695083618,67.38341248780489,7.465877875685692,67.19290088117123,0.03616355359554291,2.6958026e-07,0.41817623,5,False,0.0,13.179990049544124,4.843262672424316,4.8070991188287735,0.03616355359554291,7.2418475,7.465878,0.020090422,0.1128219,0.09111818,flight,flight,True,0.09526729583740234,0.003681182861328125,0.33062422,0.0,0.58777267,7.2418475,7.278981,7.372858,7.3746963,7.333536,7.3706107,7.462197,7.465878,False,0.2755417956656347,phase boundary ambiguity,-0.03616355359554291
FINADivingWorldCup2021_Men3m_final_r5::7,test,official_test,source_fit,FINADivingWorldCup2021_Men3m_final,307c,3.5,70.0,6.666666666666667,0.28867513459481287,False,84.5985517501831,84.42175197601318,84.33380270004272,84.06044463068247,8.029833488166332,84.31325162574649,0.2853001244366169,7.465833e-08,0.5066078,5,False,0.0,14.00183909197477,14.598551750183105,14.313251625746489,0.2853001244366169,8.118933,8.029834,-0.13360214,0.021540165,0.022963047,takeoff,takeoff,True,0.13232135772705078,0.13232135772705078,0.51492673,0.5,0.03303717,8.118933,7.9822197,8.1402855,7.986847,8.120042,8.009936,8.162155,8.029834,False,0.6563467492260062,wide prediction interval,-0.2853001244366169
FINADivingWorldCup2021_Men3m_final_r5::8,test,official_test,source_fit,FINADivingWorldCup2021_Men3m_final,109c,3.8,91.2,8.000000000000002,0.0,False,85.328387260437,85.94888935089111,86.59569597244261,85.39604564756154,7.4942100793123245,85.43399490416049,0.10560764372348785,2.5875914e-07,0.34551272,5,False,0.0,12.50468299497185,5.871612739563005,5.7660050958395175,0.10560764372348785,7.4833817,7.4942102,-0.0601604,-0.018653393,0.08964229,entry,entry,True,0.10193252563476562,0.032794952392578125,0.6909425,0.5,-0.8638417,7.4833817,7.3789372,7.4523783,7.3922777,7.543815,7.517432,7.527005,7.4942102,False,0.13622291021671826,routine automatic scoring,-0.10560764372348785
FINADivingWorldCup2021_Men3m_final_r5::9,test,official_test,source_fit,FINADivingWorldCup2021_Men3m_final,109c,3.8,89.3,7.833333333333334,0.28867513459481287,False,83.94655408859252,84.73920707702635,84.4235363960266,84.73779186308383,7.428851097822189,84.68890251517294,0.7423484265804206,4.5088296e-07,0.6916169,5,False,0.0,15.721243442144514,5.353445911407476,4.611097484827056,0.7423484265804206,7.5697036,7.428851,-0.1151673,-0.06819216,0.04250701,takeoff,takeoff,True,0.11933279037475586,0.040029048919677734,0.79536843,0.0,-0.34742257,7.5697036,7.4520574,7.466704,7.3567085,7.5759306,7.46888,7.548184,7.428851,False,0.6130030959752322,wide prediction interval,-0.7423484265804206
FINADivingWorldCup2021_Men3m_semifinal_r1::9,test,official_test,source_fit,FINADivingWorldCup2021_Men3m_semifinal,5154b,3.4,74.8,7.333333333333334,0.28867513459481287,False,81.50375146865844,81.41643276214599,79.30951452255249,80.10646992623805,7.89683873206377,80.54775506705045,0.9559964016079903,1.0585416e-07,0.3632672,5,False,0.0,12.669686514110897,6.703751468658439,5.7477550670504485,0.9559964016079903,7.866197,7.8968387,0.004974842,-0.3987255,0.42439222,entry,entry,True,0.6935086250305176,0.6935086250305176,0.16625859,0.5,0.8991792,7.866197,7.8860283,7.2157974,7.20333,8.02318,8.042183,7.905013,7.8968387,False,0.6563467492260062,phase boundary ambiguity,-0.9559964016079903
FINADivingWorldCup2021_Men3m_semifinal_r1::10,test,official_test,source_fit,FINADivingWorldCup2021_Men3m_semifinal,405b,3.0,69.0,7.666666666666667,0.28867513459481287,False,70.35985708236694,70.47656536102295,66.67175102233887,69.25349307060242,7.723869942128658,69.51482947915792,0.8450276032090187,5.547757e-07,0.47624186,5,False,0.0,13.719629845875811,1.3598570823669434,0.5148294791579247,0.8450276032090187,7.830124,7.72387,-0.0645473,0.033582926,-0.075289726,entry,entry,True,0.06418085098266602,0.060126304626464844,0.77189964,1.0,0.84755784,7.830124,7.7613506,7.8562317,7.7880507,7.7439203,7.6826167,7.783996,7.72387,False,0.43962848297213625,routine automatic scoring,-0.8450276032090187
FINADivingWorldCup2021_Men3m_semifinal_r1::11,test,official_test,source_fit,FINADivingWorldCup2021_Men3m_semifinal,5154b,3.4,81.6,8.0,0.0,False,84.77001972198485,84.27578601837158,84.35427703857421,83.37769554555416,8.211400754749775,83.7562876984477,1.013732023537159,7.187826e-08,0.22199239,5,False,0.0,11.356732073070283,3.1700197219848576,2.1562876984476986,1.013732023537159,8.234278,8.211401,-0.050144672,-0.04797554,0.07524347,entry,entry,True,0.1532306671142578,0.1532306671142578,0.25766793,0.0,-0.7097317,8.234278,8.190439,8.119656,8.05817,8.232464,8.1918,8.266922,8.211401,False,0.5572755417956656,phase boundary ambiguity,-1.013732023537159
FINADivingWorldCup2021_Men3m_semifinal_r1::12,test,official_test,source_fit,FINADivingWorldCup2021_Men3m_semifinal,405b,3.0,60.0,6.666666666666667,0.28867513459481287,False,58.0044264793396,59.66038799285889,58.33813190460205,58.56230553612113,6.573055863380432,59.15750277042389,1.1530762910842896,9.3620463e-07,0.8839491,5,False,0.0,17.508705768300313,1.9955735206604004,0.8424972295761108,1.1530762910842896,6.6498265,6.5730557,-0.034032185,0.30919996,-0.35193858,entry,flight,False,0.2779116630554199,0.2779116630554199,0.7655229,1.0,-0.25077626,6.6498265,6.6362047,6.891986,6.8509674,6.218828,6.201848,6.632531,6.5730557,False,0.9040247678018576,wide prediction interval; predicted high judge disagreement,-1.1530762910842896
FINADivingWorldCup2021_Men3m_semifinal_r1::15,test,official_test,source_fit,FINADivingWorldCup2021_Men3m_semifinal,205b,3.0,67.5,7.5,0.0,False,58.014747619628906,59.669421672821045,59.87036418914795,57.79412291944027,6.460686236619949,58.146176129579544,0.13142850995063782,4.097723e-07,0.36509812,5,False,0.0,12.686702254478886,9.485252380371094,9.353823870420456,0.13142850995063782,6.8119044,6.460686,-0.058075905,0.06174016,-0.35488248,entry,entry,True,0.27884626388549805,0.04984903335571289,0.14717919,0.5,0.18289207,6.8119044,6.7496266,6.797812,6.7395325,6.3850107,6.3190885,6.5105352,6.460686,False,0.6873065015479877,phase boundary ambiguity,-0.13142850995063782
FINADivingWorldCup2021_Men3m_semifinal_r2::6,test,official_test,source_fit,FINADivingWorldCup2021_Men3m_semifinal,205b,3.0,54.0,6.0,0.0,False,70.34241199493408,70.46129179000854,70.68841695785522,69.48723766207695,7.758883483707905,69.82995135337114,0.5124606415629387,1.7165907e-07,0.22831166,5,False,0.0,11.41546095855508,16.342411994934082,15.829951353371143,0.5124606415629387,7.6385007,7.7588835,-0.0096690655,-0.021801949,0.1518538,entry,entry,True,0.15539836883544922,0.018100261688232422,0.1806626,0.5,0.69445527,7.6385007,7.629863,7.611448,7.603485,7.7852607,7.7769837,7.771133,7.7588835,False,0.4551083591331269,phase boundary ambiguity,-0.5124606415629387
FINADivingWorldCup2021_Men3m_semifinal_r2::9,test,official_test,source_fit,FINADivingWorldCup2021_Men3m_semifinal,307c,3.5,84.0,8.0,0.0,False,79.74059343338013,80.16900444030762,76.71925091743469,78.70623877644539,7.529278360307217,79.05742278322577,0.6831706501543522,1.1332416e-07,0.46476275,5,False,0.0,13.612947371777326,4.259406566619873,4.942577216774225,-0.6831706501543522,7.597457,7.5292783,-0.16948406,-0.28155246,0.3828579,entry,entry,True,0.45186758041381836,0.1806774139404297,0.952332,1.0,0.9864378,7.597457,7.4397345,7.2838902,7.0774107,7.9118733,7.7782483,7.7099557,7.5292783,False,0.6439628482972136,routine automatic scoring,0.6831706501543522
FINADivingWorldCup2021_Men3m_semifinal_r3::1,test,official_test,source_fit,FINADivingWorldCup2021_Men3m_semifinal,109c,3.8,45.6,4.000000000000001,0.0,False,75.64758052825927,77.47412824630736,76.39053268432616,76.70748888105153,6.716450907289982,76.56754034310579,0.9199598148465213,2.8462537e-07,0.34527177,5,False,0.0,12.502443680885822,30.047580528259267,30.96754034310579,-0.9199598148465213,7.1823707,6.7164507,-0.026290655,-0.08413267,-0.35549664,entry,entry,True,0.2982344627380371,0.2982344627380371,0.8651659,0.5,0.79115754,7.1823707,7.1537995,7.0285544,7.014685,6.7767386,6.723773,6.733334,6.7164507,False,0.6377708978328174,routine automatic scoring,0.9199598148465213
FINADivingWorldCup2021_Men3m_semifinal_r3::6,test,official_test,source_fit,FINADivingWorldCup2021_Men3m_semifinal,5337d,3.5,75.25,7.166666666666667,0.28867513459481287,False,77.21237468719482,77.95575785636902,77.45677614212036,76.39893666654825,7.2986035868525505,76.63533766195178,0.5770370252430439,2.3981688e-06,0.32917988,5,False,0.0,12.352891844397533,1.9623746871948242,1.3853376619517803,0.5770370252430439,7.59907,7.2986035,-0.26686487,-0.00988992,-0.023711761,takeoff,takeoff,True,0.26349401473999023,0.26349401473999023,0.53898036,0.5,0.57498604,7.59907,7.327839,7.5541472,7.282264,7.534312,7.274456,7.5620975,7.2986035,False,0.6749226006191951,routine automatic scoring,-0.5770370252430439
FINADivingWorldCup2021_Men3m_semifinal_r3::9,test,official_test,source_fit,FINADivingWorldCup2021_Men3m_semifinal,109c,3.8,58.9,5.166666666666667,0.5773502691896258,False,93.06002769470214,92.7173131942749,92.68911151885985,91.67406235635279,8.084088303148746,92.1586066558957,0.901421038806447,2.507401e-07,0.123095796,5,False,0.0,10.437624786731778,34.160027694702144,33.2586066558957,0.901421038806447,7.9908233,8.084088,-0.1694134,0.21162789,0.051050585,flight,flight,True,0.20733261108398438,0.11922740936279297,0.21979047,0.0,0.7854952,7.9908233,7.734326,8.169848,8.034942,8.00688,7.8767557,8.203316,8.084088,False,0.5510835913312694,phase boundary ambiguity,-0.901421038806447
FINADivingWorldCup2021_Men3m_semifinal_r3::10,test,official_test,source_fit,FINADivingWorldCup2021_Men3m_semifinal,305b,3.0,67.5,7.5,0.0,False,64.9951343536377,65.78018474578857,62.83581876754761,64.01714166998863,7.155244491994381,64.39720042794943,0.5979339256882668,7.5630953e-07,0.5597451,5,False,0.0,14.495676952318282,2.5048656463623047,3.1027995720505714,-0.5979339256882668,7.1598406,7.1552444,-0.1834495,0.09218836,0.086664915,takeoff,takeoff,True,0.1815657615661621,0.1815657615661621,0.89785874,0.5,0.28930464,7.1598406,6.97027,7.2533617,7.0680957,7.2417846,7.068626,7.33681,7.1552444,False,0.5201238390092879,wide prediction interval,0.5979339256882668
FINADivingWorldCup2021_Men3m_semifinal_r3::12,test,official_test,source_fit,FINADivingWorldCup2021_Men3m_semifinal,207c,3.6,48.6,4.5,0.0,False,80.06253318786622,80.74691104888916,79.413946723938,79.32195140719415,7.369086854159832,79.58613802492619,0.4763951629400367,4.2959735e-07,0.34742695,5,False,0.0,12.522473147483876,31.46253318786622,30.986138024926184,0.4763951629400367,7.6783,7.3690867,-0.0980529,0.106184565,-0.3173448,entry,entry,True,0.25750160217285156,0.10408353805541992,0.7571638,0.5,0.91479546,7.6783,7.5889406,7.7278113,7.6265883,7.303775,7.203566,7.4731703,7.3690867,False,0.5108359133126935,routine automatic scoring,-0.4763951629400367
FINADivingWorldCup2021_Men3m_semifinal_r3::13,test,official_test,source_fit,FINADivingWorldCup2021_Men3m_semifinal,109c,3.8,74.1,6.5,0.0,False,82.23685741424559,83.24250698089598,80.89991970062255,81.98940969407558,7.215964265167713,82.26199262291192,0.025135208666327458,5.634775e-07,0.5445087,5,False,0.0,14.354075857964016,8.136857414245597,8.161992622911924,-0.025135208666327458,7.393968,7.2159643,-0.19945185,0.14536579,-0.123917736,takeoff,takeoff,True,0.24634122848510742,0.1429123878479004,0.60750926,0.5,0.88293546,7.393968,7.269221,7.6021876,7.3588767,7.31686,7.105637,7.4623055,7.2159643,False,0.4953560371517028,wide prediction interval,0.025135208666327458
FINADivingWorldCup2021_Men3m_semifinal_r3::15,test,official_test,source_fit,FINADivingWorldCup2021_Men3m_semifinal,307c,3.5,80.5,7.666666666666667,0.28867513459481287,False,86.15091705322266,85.78072500228882,79.87362885475159,84.77648258954287,8.086849264800549,84.91191728040576,1.2389997728168964,3.5429384e-08,0.2395937,5,False,0.0,11.52031195901178,5.650917053222656,4.41191728040576,1.2389997728168964,8.283136,8.086849,0.020340363,-0.18070252,-0.03592499,flight,entry,False,0.015058517456054688,0.017014503479003906,0.2996512,0.0,-0.31854397,8.283136,8.3073845,7.9072547,7.916686,8.041705,8.071791,8.069835,8.086849,False,0.5913312693498453,phase boundary ambiguity,-1.2389997728168964
FINADivingWorldCup2021_Men3m_semifinal_r4::9,test,official_test,source_fit,FINADivingWorldCup2021_Men3m_semifinal,207c,3.6,59.4,5.499999999999999,0.0,False,69.95209693908691,71.89604873657227,70.08682193756104,71.01232848465443,6.571475602686405,70.97193650901318,1.019839569926262,3.3159634e-07,0.32563475,5,False,0.0,12.319944706846067,10.552096939086915,11.571936509013177,-1.019839569926262,6.654168,6.5714755,0.034715254,0.023331245,-0.14073913,entry,entry,True,0.15888071060180664,0.0021605491638183594,0.21251893,0.5,0.867709,6.654168,6.69405,6.700684,6.730356,6.5335846,6.569315,6.5399127,6.5714755,False,0.5356037151702786,phase boundary ambiguity,1.019839569926262
FINADivingWorldCup2021_Men3m_semifinal_r4::15,test,official_test,source_fit,FINADivingWorldCup2021_Men3m_semifinal,407c,3.4,83.3,8.166666666666666,0.2886751345948129,False,66.56333255767822,68.33730840682983,66.71853446960449,67.93708849847316,6.634101077914238,67.66783099472522,1.104498437046999,2.395881e-07,0.6461706,5,False,0.0,15.298883047175567,16.736667442321775,15.632169005274775,1.104498437046999,6.7111077,6.634101,-0.07793307,-0.09726715,0.09819341,entry,entry,True,0.13558387756347656,0.08691692352294922,0.21994,0.5,-0.41327316,6.7111077,6.6423783,6.590018,6.498517,6.7721305,6.7073255,6.721018,6.634101,False,0.48297213622291024,wide prediction interval; phase boundary ambiguity,-1.104498437046999
FINADivingWorldCup2021_Men3m_semifinal_r5::2,test,official_test,source_fit,FINADivingWorldCup2021_Men3m_semifinal,307c,3.5,26.25,2.5,0.0,False,67.61432790756226,69.55344772338867,70.41922187805176,69.11809261143208,6.5829737931489944,69.12122482806444,1.5068969205021858,1.2801544e-06,0.4921528,5,False,0.0,13.867500188756642,41.364327907562256,42.87122482806444,-1.5068969205021858,7.1948857,6.582974,-0.16988976,0.06566564,-0.5076876,entry,entry,True,0.6171450614929199,0.02846240997314453,0.8343357,0.5,0.88812536,7.1948857,7.0443845,7.349083,7.200119,6.791059,6.6114364,6.7778487,6.582974,False,0.826625386996904,predicted high judge disagreement,1.5068969205021858
FINADivingWorldCup2021_Men3m_semifinal_r5::3,test,official_test,source_fit,FINADivingWorldCup2021_Men3m_semifinal,307c,3.5,70.0,6.666666666666667,0.28867513459481287,False,60.41517448425293,63.25117063522339,61.23716926574707,62.81321011483669,6.061543703079224,63.64620888233185,3.2310343980789185,2.8028212e-06,0.4441687,5,False,0.0,13.421554013910155,9.58482551574707,6.353791117668152,3.2310343980789185,7.0327473,6.0615435,-0.15394728,-0.6193597,-0.19789688,flight,flight,True,0.7205104827880859,0.17575693130493164,0.5871219,0.0,0.87604076,7.0327473,6.9055157,6.5194445,6.328942,6.909258,6.782054,6.2373004,6.0615435,False,0.8421052631578947,predicted high judge disagreement,-3.2310343980789185
FINADivingWorldCup2021_Men3m_semifinal_r5::4,test,official_test,source_fit,FINADivingWorldCup2021_Men3m_semifinal,407c,3.4,61.2,6.000000000000001,0.0,False,61.19211587905883,63.63524494171142,64.11424055099486,63.4551054239273,6.21264374256134,63.36896617412567,2.176850295066835,5.205733e-07,0.30624205,5,False,0.0,12.139716344664977,0.007884120941170636,2.1689661741256643,-2.1610820531844936,6.9304,6.2126436,-0.022481838,-0.03141753,-0.6638569,entry,entry,True,0.6660561561584473,0.6660561561584473,0.32161942,0.5,0.9820701,6.9304,6.912535,6.888961,6.8787,6.270423,6.232359,6.238062,6.2126436,False,0.8699690402476781,phase boundary ambiguity; predicted high judge disagreement,2.1610820531844936
FINADivingWorldCup2021_Men3m_semifinal_r5::8,test,official_test,source_fit,FINADivingWorldCup2021_Men3m_semifinal,109c,3.8,79.8,7.000000000000001,0.0,False,89.9019727706909,89.9526901245117,88.29633092880248,89.01892819404601,7.838249050080776,89.35603917092084,0.5459335997700663,3.0728773e-07,0.19179918,5,False,0.0,11.07612787646156,10.101972770690907,9.55603917092084,0.5459335997700663,7.8426127,7.838249,-0.09848348,-0.022512833,0.11663278,entry,entry,True,0.15049314498901367,0.15049314498901367,0.93544257,1.0,0.86290914,7.8426127,7.7475348,7.789521,7.687756,7.923915,7.8316536,7.9416084,7.838249,False,0.42105263157894735,routine automatic scoring,-0.5459335997700663
FINADivingWorldCup2021_Men3m_semifinal_r5::9,test,official_test,source_fit,FINADivingWorldCup2021_Men3m_semifinal,5156b,3.9,52.65,4.5,0.0,False,57.28649053573608,61.69655756950378,55.409270381927485,63.716931241750714,5.41390186548233,63.34265182614326,6.056161290407182,1.3182474e-05,0.31174392,5,False,0.0,12.190848596000787,4.63649053573608,10.692651826143262,-6.056161290407182,6.318118,5.413902,-0.06514064,-0.5179722,-0.32110348,flight,flight,True,0.5783290863037109,0.3926510810852051,0.52997905,0.0,0.7786984,6.318118,6.27107,5.8659534,5.806553,6.0740128,5.992231,5.4916844,5.413902,False,0.9195046439628483,teacher-adapter difference,6.056161290407182
FINADivingWorldCup2021_Men3m_semifinal_r5::11,test,official_test,source_fit,FINADivingWorldCup2021_Men3m_semifinal,109c,3.8,91.2,8.000000000000002,0.0,False,93.54518566131591,93.14202346801757,94.36269721984863,93.56344295740126,8.250737201422453,94.05840409621595,0.5132184349000397,5.346639e-07,0.5041942,5,False,0.0,13.979408282998744,2.3451856613159094,2.858404096215949,-0.5132184349000397,8.032925,8.250737,-0.039729595,-0.115285635,0.37282777,entry,entry,True,0.3984403610229492,0.040688514709472656,0.6237992,0.5,0.98951435,8.032925,7.9955087,7.894226,7.852297,8.3814945,8.341255,8.291426,8.250737,False,0.7708978328173375,wide prediction interval,0.5132184349000397
FINADivingWorldCup2021_Men3m_semifinal_r5::14,test,official_test,source_fit,FINADivingWorldCup2021_Men3m_semifinal,307c,3.5,73.5,7.0,0.0,False,63.37253522872925,65.84010171890259,64.13973069190979,65.22737856209278,6.277003914117813,65.90854109823704,2.5360058695077896,9.770074e-07,0.44975135,5,False,0.0,13.473437134817669,10.127464771270752,7.591458901762962,2.5360058695077896,6.980755,6.277004,-0.12662888,-0.60758615,0.030463934,flight,flight,True,0.612769603729248,0.04901695251464844,0.1465184,0.0,0.6296056,6.980755,6.8780756,6.3782663,6.227987,6.99258,6.8897734,6.427668,6.277004,False,0.8885448916408669,phase boundary ambiguity; predicted high judge disagreement,-2.5360058695077896
FINADivingWorldCup2021_Men3m_semifinal_r5::15,test,official_test,source_fit,FINADivingWorldCup2021_Men3m_semifinal,107b,3.1,68.2,7.333333333333333,0.28867513459481287,False,69.31443057060243,69.85745000839233,68.4550078868866,68.6598323866725,7.394980572164059,68.77331932112575,0.5411112494766712,0.0,0.17351048,5,False,0.0,10.906159644274638,1.1144305706024227,0.5733193211257515,0.5411112494766712,7.18049,7.3949804,-0.042157333,-0.028006474,0.28465423,entry,entry,True,0.31019020080566406,0.31019020080566406,0.6941719,0.5,0.50664026,7.18049,7.1403923,7.132416,7.08479,7.4387,7.403827,7.4401054,7.3949804,False,0.42105263157894735,routine automatic scoring,-0.5411112494766712
FINADivingWorldCup2021_Men3m_semifinal_r5::16,test,official_test,source_fit,FINADivingWorldCup2021_Men3m_semifinal,109c,3.8,77.9,6.833333333333335,0.28867513459481287,False,81.14888591766356,82.29007530212401,78.40851802825927,81.12828870266675,7.113259509205818,81.09115840494631,0.05772751271724985,4.0990054e-07,0.2886146,5,False,0.0,11.975893554771291,3.248885917663557,3.1911584049463073,0.05772751271724985,7.196185,7.1132593,-0.005769968,-0.17406869,0.09691286,flight,entry,False,0.13606834411621094,0.041194915771484375,-0.6967484,0.5,0.99076897,7.196185,7.2464523,7.0047283,6.972067,7.2694306,7.2493277,7.154454,7.1132593,False,0.42105263157894735,phase boundary ambiguity,-0.05772751271724985
FINADivingWorldCup2021_Men3m_semifinal_r6::0,test,official_test,source_fit,FINADivingWorldCup2021_Men3m_semifinal,5154b,3.4,69.7,6.833333333333334,0.28867513459481287,False,79.33333711624145,79.51641311645507,78.23556203842162,77.70109715759753,7.657500334084034,78.10650340765714,1.2268337085843086,2.7690868e-07,0.31328467,5,False,0.0,12.205167742436608,9.63333711624145,8.40650340765714,1.2268337085843086,7.5420456,7.6575003,-0.085861444,0.054430723,0.1468854,entry,entry,True,0.13931846618652344,0.04665803909301758,0.8062554,0.5,0.04041007,7.5420456,7.451918,7.6033006,7.518182,7.6955495,7.610842,7.740044,7.6575003,False,0.5789473684210527,routine automatic scoring,-1.2268337085843086
FINADivingWorldCup2021_Men3m_semifinal_r6::3,test,official_test,source_fit,FINADivingWorldCup2021_Men3m_semifinal,109c,3.8,45.6,4.000000000000001,0.0,False,77.39974279403685,79.00800476074218,79.47183208465576,77.51641912311315,6.819276049733162,77.73974696695804,0.34000417292118357,3.7208144e-07,0.38589355,5,False,0.0,12.879967108360807,31.799742794036852,32.139746966958036,-0.34000417292118357,7.2682376,6.819276,-0.22358632,0.64009,-0.8654654,entry,entry,True,0.875758171081543,0.875758171081543,0.74269956,0.0,0.9865687,7.2682376,7.07696,7.847115,7.695034,6.428687,6.102351,7.059549,6.819276,False,0.913312693498452,predicted high judge disagreement,0.34000417292118357
FINADivingWorldCup2021_Men3m_semifinal_r6::7,test,official_test,source_fit,FINADivingWorldCup2021_Men3m_semifinal,109c,3.8,45.6,4.000000000000001,0.5,False,44.46193084716796,50.173623561859124,47.75286197662353,51.2654511809349,4.528652667999268,51.626640415191645,7.164709568023682,1.3704047e-05,0.13621216,5,False,0.0,10.559523240786257,1.1380691528320384,6.026640415191643,-4.888571262359605,5.436094,4.5286527,-0.057709455,-0.11202264,-0.73770905,entry,entry,True,0.6833457946777344,0.07409477233886719,0.6801673,0.5,0.3195605,5.436094,5.340486,5.281254,5.2119985,4.639132,4.6027474,4.5533533,4.5286527,False,0.9659442724458205,teacher-adapter difference,4.888571262359605
FINADivingWorldCup2021_Men3m_semifinal_r6::11,test,official_test,source_fit,FINADivingWorldCup2021_Men3m_semifinal,5156b,3.9,76.05,6.5,0.0,False,76.25891661643982,78.30537557601929,76.18049268722534,76.99877038523555,6.600762382149696,77.22891987115145,0.970003254711628,1.9388742e-06,0.37300062,5,False,0.0,12.760145109186102,0.20891661643982218,1.1789198711514501,-0.970003254711628,7.214592,6.6007624,-0.16963856,-0.056527298,-0.38766375,entry,entry,True,0.32996225357055664,0.05359649658203125,0.53107214,0.0,0.8509042,7.214592,6.9303374,6.9878798,6.9307246,6.770653,6.4856787,6.654359,6.6007624,False,0.6408668730650154,routine automatic scoring,0.970003254711628
FINADivingWorldCup2021_Women10mSynchronised_final_r1::0,test,official_test,source_fit,FINADivingWorldCup2021_Women10mSynchronised_final,101b,2.0,43.8,7.3,0.2738612787525831,False,41.59060764312744,42.33067989349365,42.08967590332031,41.697935968637466,6.953029230237007,41.71817538142204,0.12756773829460144,2.6536945e-05,0.32021934,5,False,0.0,12.269615949655414,2.2093923568725558,2.0818246185779543,0.12756773829460144,7.6836634,6.953029,0.001077652,-0.006303549,-0.7254083,entry,entry,True,0.7103462219238281,0.7103462219238281,0.9966538,1.0,0.99999315,7.6836634,7.712249,7.687392,7.6633754,6.9349256,6.9776325,6.9877267,6.953029,False,0.8792569659442725,predicted high judge disagreement,-0.12756773829460144
FINADivingWorldCup2021_Women10mSynchronised_final_r1::1,test,official_test,source_fit,FINADivingWorldCup2021_Women10mSynchronised_final,301b,2.0,48.0,8.0,0.3535533905932738,False,42.27488708496094,42.92971229553223,44.13069248199463,42.23551042377949,7.074636809527874,42.447820857167244,0.17293377220630646,7.219414e-07,0.3951305,5,False,0.0,12.96581163623018,5.7251129150390625,5.552179142832756,0.17293377220630646,6.278799,7.074637,-0.017330328,0.09310945,0.72005874,entry,entry,True,0.690666675567627,0.08787870407104492,0.99008995,1.0,0.99862266,6.278799,6.266037,6.3747663,6.3839703,7.025877,6.986758,7.0989084,7.074637,False,0.8854489164086687,predicted high judge disagreement,-0.17293377220630646
FINADivingWorldCup2021_Women10mSynchronised_final_r1::5,test,official_test,source_fit,FINADivingWorldCup2021_Women10mSynchronised_final,301b,2.0,48.6,8.1,0.22360679774997896,False,44.24264717102051,44.65232563018799,46.97080421447754,44.84168480336666,7.466744676232338,44.80046805739403,0.5578208863735199,3.6149348e-07,0.6320291,5,False,0.0,15.167457329555072,4.357352828979494,3.7995319426059737,0.5578208863735199,6.8360057,7.466745,-0.010672331,0.02039051,0.62102103,entry,entry,True,0.6200194358825684,0.011619091033935547,0.99734396,1.0,0.908214,6.8360057,6.8359327,6.865644,6.8467255,7.4585047,7.455126,7.4875402,7.466745,False,0.934984520123839,wide prediction interval; predicted high judge disagreement,-0.5578208863735199
FINADivingWorldCup2021_Women10mSynchronised_final_r1::8,test,official_test,source_fit,FINADivingWorldCup2021_Women10mSynchronised_final,201b,2.0,46.8,7.8,0.44721359549995787,False,48.784366607666016,48.62823486328125,48.43916130065918,48.61245033144951,8.114419005811214,48.68651403486729,0.09785257279872894,1.5525305e-07,0.427877,5,False,0.0,13.270145360893395,1.9843666076660185,1.8865140348672895,0.09785257279872894,7.734279,8.114419,-0.045733053,0.048817795,0.37705508,entry,entry,True,0.38187408447265625,0.05272865295410156,0.9838056,1.0,0.9927076,7.734279,7.694375,7.7770905,7.732545,8.105349,8.060761,8.167148,8.114419,False,0.7244582043343654,routine automatic scoring,-0.09785257279872894
FINADivingWorldCup2021_Women10mSynchronised_final_r1::9,test,official_test,source_fit,FINADivingWorldCup2021_Women10mSynchronised_final,301b,2.0,46.2,7.7,0.27386127875258304,False,43.748199462890625,44.219478607177734,46.47565841674805,44.2928921431303,7.385785341262817,44.314712047576904,0.5665125846862793,3.4857035e-07,0.6319682,5,False,0.0,15.166891199933321,2.451800537109378,1.8852879524230985,0.5665125846862793,6.835967,7.385785,-0.08647466,-0.02662921,0.6629219,entry,entry,True,0.6959095001220703,0.6959095001220703,0.99427503,1.0,0.9974107,6.835967,6.745383,6.772023,6.6898756,7.463662,7.377339,7.4703894,7.385785,False,0.9287925696594427,wide prediction interval; predicted high judge disagreement,-0.5665125846862793
FINADivingWorldCup2021_Women10mSynchronised_final_r2::2,test,official_test,source_fit,FINADivingWorldCup2021_Women10mSynchronised_final,301b,2.0,46.8,7.8,0.5700877125495689,False,47.07992649078369,47.13613414764404,46.493056297302246,47.025024354457855,7.819701097905636,46.918206587433815,0.1617199033498764,6.048311e-08,0.27583805,5,False,0.0,11.85715312906671,0.27992649078369425,0.11820658743381784,0.1617199033498764,7.4156866,7.819701,-0.075327635,0.02462101,0.4547212,entry,entry,True,0.48659610748291016,0.48659610748291016,0.98677266,1.0,0.9604944,7.4156866,7.3294954,7.4033456,7.333105,7.841396,7.755255,7.8813024,7.819701,False,0.6625386996904025,routine automatic scoring,-0.1617199033498764
FINADivingWorldCup2021_Women10mSynchronised_final_r2::6,test,official_test,source_fit,FINADivingWorldCup2021_Women10mSynchronised_final,301b,2.0,49.2,8.200000000000001,0.4472135954999579,False,44.25354766845703,44.66187000274658,47.10791015625,44.850526705384254,7.47507718205452,44.85046309232712,0.5969154238700867,4.0046098e-07,0.6147588,5,False,0.0,15.006953488417464,4.946452331542972,4.349536907672885,0.5969154238700867,7.0245566,7.475077,-0.08472165,-0.045684893,0.5809271,entry,entry,True,0.6207370758056641,0.01588582992553711,0.9980844,1.0,0.9806269,7.0245566,6.938591,6.9519687,6.85434,7.5685697,7.490963,7.555659,7.475077,False,0.9102167182662538,wide prediction interval; predicted high judge disagreement,-0.5969154238700867
FINADivingWorldCup2021_Women10mSynchronised_final_r3::9,test,official_test,source_fit,FINADivingWorldCup2021_Women10mSynchronised_final,107b,3.0,69.3,7.699999999999999,0.4472135954999579,False,68.67160177230835,68.99863386154175,69.7731785774231,67.67895175516605,7.580513514578342,68.22462163120508,0.44698014110326767,1.6744863e-07,0.12601025,5,False,0.0,10.46471065468664,0.6283982276916475,1.0753783687949152,-0.44698014110326767,7.2476997,7.5805135,-0.10588416,0.03277866,0.40591922,entry,entry,True,0.42679929733276367,0.03331756591796875,0.990348,1.0,0.99445885,7.2476997,7.1495833,7.279667,7.153714,7.6324663,7.547196,7.694438,7.5805135,False,0.4024767801857585,routine automatic scoring,0.44698014110326767
FINADivingWorldCup2021_Women10mSynchronised_final_r4::3,test,official_test,source_fit,FINADivingWorldCup2021_Women10mSynchronised_final,107b,3.0,60.3,6.699999999999999,0.5700877125495689,False,53.120235443115234,55.38467216491699,53.06759548187256,54.43558283150196,6.060534730553627,54.54481257498264,1.4245771318674088,4.811731e-07,0.28930596,5,False,0.0,11.982318738218131,7.179764556884763,5.755187425017354,1.4245771318674088,5.7344747,6.060535,0.008506934,0.05123393,0.26631942,entry,entry,True,0.27516841888427734,0.27516841888427734,0.97715956,1.0,0.9158273,5.7344747,5.730527,5.7682524,5.7853665,5.9929943,5.9907956,6.038524,6.060535,False,0.628482972136223,routine automatic scoring,-1.4245771318674088
FINADivingWorldCup2021_Women10mSynchronised_final_r5::8,test,official_test,source_fit,FINADivingWorldCup2021_Women10mSynchronised_final,5253b,3.2,69.12,7.199999999999999,0.4472135954999579,False,68.92234039306642,69.81028289794924,68.58125152587891,68.99690766334535,7.153562389314175,68.6741989374161,0.24814145565032675,2.449918e-07,0.12054829,5,False,0.0,10.413949268107935,0.1976596069335841,0.44580106258391083,-0.24814145565032675,6.6370745,7.1535625,0.1558388,0.011474927,0.34917435,entry,entry,True,0.3753786087036133,0.3753786087036133,0.96453965,1.0,0.99312174,6.6370745,6.7803698,6.6022635,6.778184,6.959489,7.0963573,6.985736,7.1535625,False,0.3219814241486068,routine automatic scoring,0.24814145565032675
FINADivingWorldCup2021_Women10m_final_r1::1,test,official_test,source_fit,FINADivingWorldCup2021_Women10m_final,405b,2.8,58.8,7.000000000000001,0.0,False,55.14719009399413,56.56695957183837,58.384252166748034,55.591396835446346,6.629512444138527,55.68790453076362,0.540714436769484,2.0512101e-07,0.34817827,5,False,0.0,12.529455597466411,3.6528099060058636,3.1120954692363796,0.540714436769484,6.933933,6.6295123,-0.06955528,-0.018793344,-0.21607184,entry,entry,True,0.19515228271484375,0.0702357292175293,0.91928387,1.0,-0.22276472,6.933933,6.862868,6.8947706,6.8246646,6.6947513,6.630127,6.699748,6.6295123,False,0.4551083591331269,routine automatic scoring,-0.540714436769484
FINADivingWorldCup2021_Women10m_final_r1::3,test,official_test,source_fit,FINADivingWorldCup2021_Women10m_final,107b,3.0,52.5,5.833333333333333,0.28867513459481287,False,60.05825185775757,61.458343505859375,58.28067684173584,59.91881313174963,6.68832179158926,60.19489612430334,0.13664426654577255,3.2872597e-07,0.31268832,5,False,0.0,12.199625543937975,7.558251857757568,7.694896124303341,-0.13664426654577255,6.5126786,6.6883216,-0.013604879,0.037014723,0.15223312,entry,entry,True,0.1506824493408203,0.022412776947021484,0.29111898,0.5,-0.8166451,6.5126786,6.5073953,6.5617657,6.537639,6.665976,6.6638656,6.7107344,6.6883216,False,0.4551083591331269,phase boundary ambiguity,0.13664426654577255
FINADivingWorldCup2021_Women10m_final_r1::5,test,official_test,source_fit,FINADivingWorldCup2021_Women10m_final,107b,3.0,64.5,7.166666666666667,0.28867513459481287,False,59.57033443450928,61.031211376190186,56.93311786651611,59.42733883112669,6.637449435889721,59.73704492300749,0.1667104884982109,1.8090093e-07,0.35431102,5,False,0.0,12.5864510571989,4.929665565490723,4.762955076992512,0.1667104884982109,6.582564,6.6374493,-0.030913988,-0.036855143,0.12265452,entry,entry,True,0.12540912628173828,0.047267913818359375,0.15710945,0.5,-0.8404033,6.582564,6.5692472,6.565837,6.51204,6.703707,6.693189,6.684717,6.6374493,False,0.37770897832817335,phase boundary ambiguity,-0.1667104884982109
FINADivingWorldCup2021_Women10m_final_r2::4,test,official_test,source_fit,FINADivingWorldCup2021_Women10m_final,6243d,3.2,52.8,5.499999999999999,0.0,False,53.92749023437501,56.683506774902355,54.59834747314454,56.350642204284675,5.862931162118912,56.28413915634156,2.3566489219665527,4.5761667e-06,0.54912424,5,False,0.0,14.39697097869766,1.12749023437501,3.4841391563415627,-2.3566489219665527,6.274507,5.8629313,-0.22675173,-0.09639136,-0.08843271,takeoff,takeoff,True,0.22594738006591797,0.10367774963378906,0.8906859,0.5,0.9890598,6.274507,6.0502443,6.1886954,5.986881,6.2248845,5.966609,6.0888786,5.8629313,False,0.718266253869969,wide prediction interval,2.3566489219665527
FINADivingWorldCup2021_Women10m_final_r2::5,test,official_test,source_fit,FINADivingWorldCup2021_Women10m_final,407c,3.2,57.6,5.999999999999999,0.0,False,61.11827545166017,62.97845764160157,62.278102111816416,62.36443419456483,6.499081656336784,62.39118390083314,1.2729084491729736,1.7028883e-07,0.28576955,5,False,0.0,11.949452753298356,3.518275451660166,4.79118390083314,-1.2729084491729736,6.4893165,6.4990816,-0.027757326,0.011182864,0.026339611,takeoff,entry,False,0.023744583129882812,0.023744583129882812,0.59500384,0.5,-0.5475368,6.4893165,6.456394,6.4945674,6.468348,6.51011,6.483119,6.522826,6.4990816,False,0.5913312693498453,routine automatic scoring,1.2729084491729736
FINADivingWorldCup2021_Women10m_final_r3::6,test,official_test,source_fit,FINADivingWorldCup2021_Women10m_final,207c,3.3,51.15,5.166666666666667,0.28867513459481287,False,61.54751172065734,63.65029020309447,61.2002107143402,62.82174516320228,6.358092978596687,62.94512048810719,1.397608767449853,2.5094007e-06,0.46478915,5,False,0.0,13.613192768472466,10.397511720657342,11.795120488107194,-1.397608767449853,6.361664,6.358093,-0.07830111,0.021496614,0.053233463,takeoff,takeoff,True,0.08680105209350586,0.08680105209350586,0.6225824,0.0,-0.53679985,6.361664,6.2936473,6.3958735,6.3017235,6.413546,6.3475246,6.444894,6.358093,False,0.5913312693498453,routine automatic scoring,1.397608767449853
FINADivingWorldCup2021_Women10m_final_r3::9,test,official_test,source_fit,FINADivingWorldCup2021_Women10m_final,6243d,3.2,67.2,6.999999999999999,0.0,False,67.36094512939454,68.4434051513672,67.68085327148438,67.21960172653199,6.996890552341938,67.17014930248261,0.19079582691192343,6.8652344e-07,0.1976585,5,False,0.0,11.130582123239279,0.1609451293945341,0.029850697517389335,0.13109443187714476,7.241572,6.9968905,-0.11550633,-0.07088844,-0.05828659,takeoff,takeoff,True,0.11043739318847656,0.11043739318847656,0.4899116,0.0,0.5418005,7.241572,7.1220865,7.1817594,7.05399,7.183188,7.077765,7.107328,6.9968905,False,0.20123839009287925,routine automatic scoring,-0.13109443187714476
FINADivingWorldCup2021_Women10m_final_r3::10,test,official_test,source_fit,FINADivingWorldCup2021_Women10m_final,305c,2.8,67.2,8.000000000000002,0.0,False,65.08626537322996,65.26781558990477,63.25317134857177,64.45745746493338,7.696822635829449,64.65331014096736,0.4329552322626,3.4582237e-07,0.37889248,5,False,0.0,12.814901808775438,2.1137346267700394,2.5466898590326394,-0.4329552322626,7.7959876,7.6968226,-0.08230376,-0.037235737,0.020374537,takeoff,takeoff,True,0.1024007797241211,0.01360464096069336,0.19587797,0.0,0.39741772,7.7959876,7.73205,7.781197,7.683218,7.821401,7.7582345,7.7992234,7.6968226,False,0.28792569659442724,phase boundary ambiguity,0.4329552322626
FINADivingWorldCup2021_Women10m_final_r4::0,test,official_test,source_fit,FINADivingWorldCup2021_Women10m_final,107b,3.0,66.0,7.333333333333333,0.28867513459481287,False,68.55025005340576,68.8924012184143,69.66882133483887,67.52612605690956,7.572087161242962,68.14878445118666,0.40146560221910477,9.614664e-08,0.42298147,5,False,0.0,13.224648093488351,2.5502500534057617,2.148784451186657,0.40146560221910477,7.361517,7.5720873,-0.060526293,0.07433661,0.19676001,entry,entry,True,0.20891237258911133,0.08488655090332031,0.8890187,1.0,0.9957359,7.361517,7.3021493,7.427311,7.363175,7.548132,7.4872007,7.631765,7.5720873,False,0.42105263157894735,routine automatic scoring,-0.40146560221910477
FINADivingWorldCup2021_Women10m_final_r4::5,test,official_test,source_fit,FINADivingWorldCup2021_Women10m_final,207c,3.3,46.2,4.666666666666668,0.28867513459481287,False,60.7668846130371,62.966918706893914,60.6494716644287,61.672755921632046,6.266553536057472,62.03888000696897,1.2719953939318671,2.9568278e-06,0.35237554,5,False,0.0,12.568463424050714,14.566884613037097,15.838880006968964,-1.2719953939318671,6.271771,6.2665534,-0.07640433,-0.00016498566,0.07135177,takeoff,takeoff,True,0.08298158645629883,0.08298158645629883,0.2635366,0.0,-0.37051207,6.271771,6.2025943,6.2905197,6.2075167,6.356088,6.2849817,6.349535,6.2665534,False,0.5851393188854489,phase boundary ambiguity,1.2719953939318671
FINADivingWorldCup2021_Women10m_final_r4::6,test,official_test,source_fit,FINADivingWorldCup2021_Women10m_final,407c,3.2,59.2,6.166666666666666,0.28867513459481287,False,66.55427856445313,67.73723602294923,67.33945770263674,67.20772547721864,7.005162246525288,67.24955756664278,0.6952790021896504,7.6579575e-08,0.6069706,5,False,0.0,14.934573096151064,7.354278564453125,8.049557566642775,-0.6952790021896504,6.9642773,7.0051622,0.012210528,-0.04121526,0.0698897,entry,entry,True,0.08846426010131836,0.01628732681274414,0.7696605,1.0,0.9158283,6.9642773,6.975343,6.9074554,6.916698,7.0185246,7.0278387,6.988875,7.0051622,False,0.5108359133126935,wide prediction interval,0.6952790021896504
FINADivingWorldCup2021_Women10m_final_r4::11,test,official_test,source_fit,FINADivingWorldCup2021_Women10m_final,307c,3.4,68.0,6.666666666666667,0.28867513459481287,False,72.77536325454712,73.7754404067993,71.32860031127929,71.80630049407482,7.0952136144042015,72.37117886692285,0.40418438762426945,1.130011e-07,0.16347809,5,False,0.0,10.812922471721258,4.775363254547116,4.371178866922847,0.40418438762426945,6.9509044,7.0952134,-0.014757792,-0.080517925,0.23958476,entry,entry,True,0.19285821914672852,0.1192631721496582,0.8012,1.0,0.99504143,6.9509044,6.934182,6.9077086,6.902355,7.2357926,7.2144766,7.10943,7.0952134,False,0.38699690402476783,routine automatic scoring,-0.40418438762426945
FINADivingWorldCup2021_Women10m_final_r5::0,test,official_test,source_fit,FINADivingWorldCup2021_Women10m_final,5152b,2.9,56.55,6.5,0.0,False,59.26860065460205,60.470992898941034,57.6467677116394,60.22008621320128,6.884763911366463,59.89744602888822,0.6288453742861719,5.4551947e-07,0.24247728,5,False,0.0,11.547110884555616,2.7186006546020494,3.3474460288882213,-0.6288453742861719,6.3333087,6.8847637,0.105602264,0.08455205,0.3613007,entry,entry,True,0.3851337432861328,0.1273822784423828,0.9757486,1.0,-0.22098139,6.3333087,6.415027,6.3756194,6.49963,6.6713653,6.7573814,6.7546887,6.8847637,False,0.43034055727554177,routine automatic scoring,0.6288453742861719
FINADivingWorldCup2021_Women10m_final_r5::6,test,official_test,source_fit,FINADivingWorldCup2021_Women10m_final,5253b,3.2,72.0,7.499999999999999,0.0,False,74.44903106689455,74.64845123291016,74.70865631103517,73.38193459510805,7.714292071759701,74.05720388889314,0.39182717800140665,8.2955744e-08,0.6762508,5,False,0.0,15.578436968086796,2.4490310668945483,2.0572038888931417,0.39182717800140665,7.4380884,7.714292,-0.036952335,0.067002214,0.24615376,entry,entry,True,0.24178123474121094,0.03702068328857422,0.9659429,1.0,0.94055927,7.4380884,7.400375,7.5044684,7.472511,7.687785,7.647497,7.7513127,7.714292,False,0.8080495356037152,wide prediction interval; predicted high judge disagreement,-0.39182717800140665
FINADivingWorldCup2021_Women10m_final_r5::11,test,official_test,source_fit,FINADivingWorldCup2021_Women10m_final,5253b,3.2,81.6,8.499999999999998,0.0,False,69.79586334228517,70.57498168945314,70.81460723876954,68.89559741020204,7.235455848276615,69.46037614345552,0.3354871988296537,1.8127696e-07,0.33831698,5,False,0.0,12.437808517945546,11.804136657714821,12.139623856544475,-0.3354871988296537,6.8972025,7.235456,-0.0049429736,0.060350817,0.28284565,entry,entry,True,0.2505812644958496,0.0029892921447753906,0.9640967,1.0,0.96796435,6.8972025,6.8863516,6.9749193,6.9848747,7.2083583,7.1964254,7.2384453,7.235456,False,0.6130030959752322,routine automatic scoring,0.3354871988296537
FINADivingWorldCup2021_Women10m_semifinal_r1::0,test,official_test,source_fit,FINADivingWorldCup2021_Women10m_semifinal,405b,2.8,49.0,5.833333333333334,0.28867513459481287,False,50.30290031433105,52.32617626190185,50.483264923095696,51.510480022430414,6.160199671983719,51.74567724466323,1.4427769303321796,1.9214685e-06,0.7340578,5,False,0.0,16.115672929297563,1.3029003143310476,2.745677244663227,-1.4427769303321796,6.1311154,6.1601996,0.0153564615,-0.05298956,0.066717304,entry,entry,True,0.07838153839111328,0.07838153839111328,0.02984605,0.5,-0.58379483,6.1311154,6.173343,6.1002235,6.081818,6.188834,6.232621,6.169049,6.1601996,False,0.6439628482972136,wide prediction interval; phase boundary ambiguity,1.4427769303321796
FINADivingWorldCup2021_Women10m_semifinal_r1::1,test,official_test,source_fit,FINADivingWorldCup2021_Women10m_semifinal,405b,2.8,53.2,6.333333333333335,0.28867513459481287,False,51.96130943298339,53.77798118591308,51.83493404388427,52.50114730596542,6.277034550905228,52.7270902276039,0.7657807946205111,6.340024e-07,0.68430877,5,False,0.0,15.653324505820942,1.2386905670166115,0.47290977239610044,0.7657807946205111,6.7296166,6.2770348,0.009383281,-0.050654333,-0.41131082,entry,entry,True,0.40585803985595703,0.40585803985595703,0.5319013,0.5,0.94905555,6.7296166,6.744576,6.682514,6.682893,6.3124137,6.3316803,6.273667,6.2770348,False,0.913312693498452,wide prediction interval; predicted high judge disagreement,-0.7657807946205111
FINADivingWorldCup2021_Women10m_semifinal_r1::5,test,official_test,source_fit,FINADivingWorldCup2021_Women10m_semifinal,5253b,3.2,68.8,7.166666666666665,0.28867513459481287,False,71.0853240966797,71.70379943847658,70.92573852539064,70.05426521301271,7.3561073914170265,70.61863095760347,0.4666931390762272,1.2712684e-07,0.20642403,5,False,0.0,11.212045655368916,2.2853240966797017,1.8186309576034745,0.4666931390762272,7.2696285,7.356107,-0.079172455,-0.061883528,0.2275347,entry,entry,True,0.23596620559692383,0.23596620559692383,0.24876228,0.0,0.99610025,7.2696285,7.196117,7.2048655,7.120141,7.486551,7.417292,7.4431214,7.356107,False,0.39009287925696595,phase boundary ambiguity,-0.4666931390762272
FINADivingWorldCup2021_Women10m_semifinal_r1::6,test,official_test,source_fit,FINADivingWorldCup2021_Women10m_semifinal,407c,3.2,67.2,6.999999999999999,0.0,False,61.50980529785157,63.32120819091798,63.92056274414063,62.84010744094849,6.545249283313751,62.83439311981202,1.3245878219604492,4.2066738e-08,0.23505169,5,False,0.0,11.478100265304391,5.690194702148432,4.365606880187983,1.3245878219604492,6.5071244,6.5452495,0.1099031,-0.06024766,-0.011530399,takeoff,flight,False,0.0806279182434082,0.09759187698364258,0.5838071,0.5,0.37937048,6.5071244,6.6398926,6.477811,6.568032,6.500436,6.6428413,6.4646215,6.5452495,False,0.6160990712074303,routine automatic scoring,-1.3245878219604492
FINADivingWorldCup2021_Women10m_semifinal_r1::9,test,official_test,source_fit,FINADivingWorldCup2021_Women10m_semifinal,405b,2.8,60.2,7.166666666666668,0.28867513459481287,False,55.22827205657958,56.63793983459472,58.25760841369628,55.70503326058387,6.647981442511082,55.84304411709308,0.6147720605135021,3.7664955e-07,0.34571385,5,False,0.0,12.50655227521509,4.971727943420426,4.356955882906924,0.6147720605135021,6.7360816,6.6479816,-0.13311641,0.04149397,0.0035224755,takeoff,takeoff,True,0.142242431640625,0.023604393005371094,0.06530889,0.0,-0.13608383,6.7360816,6.61099,6.7511964,6.6243773,6.718421,6.5812097,6.790224,6.6479816,False,0.5170278637770898,phase boundary ambiguity,-0.6147720605135021
FINADivingWorldCup2021_Women10m_semifinal_r1::11,test,official_test,source_fit,FINADivingWorldCup2021_Women10m_semifinal,107b,3.0,63.0,7.0,0.0,False,58.287869453430176,59.90851593017578,57.234538078308105,58.73684103414416,6.544788032770157,58.90309229493141,0.615222841501236,2.698298e-07,0.47237194,5,False,0.0,13.683664273579815,4.712130546569824,4.096907705068588,0.615222841501236,6.6873207,6.544788,-0.028805971,-0.069832325,-0.04389453,flight,flight,True,0.06388521194458008,0.03365659713745117,0.778228,0.5,0.96025944,6.6873207,6.6672897,6.6154656,6.583307,6.641975,6.608673,6.5784445,6.544788,False,0.3622291021671827,routine automatic scoring,-0.615222841501236
FINADivingWorldCup2021_Women10m_semifinal_r1::13,test,official_test,source_fit,FINADivingWorldCup2021_Women10m_semifinal,405b,2.8,72.8,8.666666666666668,0.2886751345948129,False,71.10877304077147,70.54003372192382,70.31996726989745,70.48605939745902,8.431869693100452,70.82770542204379,0.2810676187276755,1.0602643e-06,0.16384839,5,False,0.0,10.816363841853468,1.6912269592285298,1.9722945779562053,-0.2810676187276755,8.343545,8.4318695,-0.06938759,-0.062119167,0.2198313,entry,entry,True,0.2366504669189453,0.07106494903564453,0.657976,0.5,0.96811485,8.343545,8.278177,8.275987,8.195219,8.5489,8.486207,8.502934,8.4318695,False,0.32507739938080493,routine automatic scoring,0.2810676187276755
FINADivingWorldCup2021_Women10m_semifinal_r2::1,test,official_test,source_fit,FINADivingWorldCup2021_Women10m_semifinal,107c,2.7,55.35,6.833333333333332,0.28867513459481287,False,60.17876157760621,60.675618267059335,61.28758935928346,59.934595611691485,7.44230093061924,60.282637538015855,0.10387596040964553,3.0206615e-05,0.22384536,5,False,0.0,11.37395291078901,4.828761577606208,4.932637538015854,-0.10387596040964553,6.285102,7.442301,-0.09770123,-0.08321921,1.3381194,entry,entry,True,1.3490142822265625,0.09647798538208008,0.7605303,0.5,0.99617255,6.285102,6.1903644,6.2194767,6.0932865,7.6165133,7.538927,7.538779,7.442301,False,0.9318885448916409,predicted high judge disagreement,0.10387596040964553
FINADivingWorldCup2021_Women10m_semifinal_r2::9,test,official_test,source_fit,FINADivingWorldCup2021_Women10m_semifinal,205b,2.9,59.45,6.833333333333334,0.28867513459481287,False,58.76106691360473,60.02669034004211,60.508486890792845,58.34606483280658,6.75121733546257,58.73559081852436,0.025476095080371408,2.1218703e-07,0.31025463,5,False,0.0,12.177007779240483,0.6889330863952736,0.714409181475645,-0.025476095080371408,7.1171618,6.7512174,-0.105249725,0.006841103,-0.26753578,entry,entry,True,0.25234270095825195,0.25234270095825195,0.8302772,1.0,0.5172855,7.1171618,7.012086,7.1127567,7.00356,6.8380995,6.7294636,6.8529744,6.7512174,False,0.4613003095975232,routine automatic scoring,0.025476095080371408
FINADivingWorldCup2021_Women10m_semifinal_r2::15,test,official_test,source_fit,FINADivingWorldCup2021_Women10m_semifinal,207c,3.3,54.45,5.500000000000001,0.0,False,51.26653804779052,54.650133562088,54.92944722175597,55.936739337444294,5.615588039159775,55.59432158768176,4.327783539891243,1.1478497e-05,0.48063105,5,False,0.0,13.760421368528641,3.183461952209484,1.144321587681759,2.039140364527725,6.1444306,5.615588,-0.11128235,-0.13749743,-0.28006268,entry,entry,True,0.24935102462768555,0.10613870620727539,0.9039431,0.5,0.91120917,6.1444306,6.033719,5.976151,5.864939,5.834233,5.721727,5.726865,5.615588,False,0.826625386996904,teacher-adapter difference,-2.039140364527725
FINADivingWorldCup2021_Women10m_semifinal_r2::17,test,official_test,source_fit,FINADivingWorldCup2021_Women10m_semifinal,205b,2.9,27.55,3.166666666666667,0.2886751345948129,False,35.58740701675415,39.74003047943115,38.17133545875549,38.61243538856506,4.564648658037186,39.71244332492351,4.1250363081693635,1.8740162e-05,0.3661134,5,False,0.0,12.69613784049852,8.037407016754148,12.162443324923512,-4.1250363081693635,5.5128903,4.5646486,-0.097238064,-0.10451794,-0.7464857,entry,entry,True,0.7454142570495605,0.7454142570495605,0.8811462,0.5,0.9950469,5.5128903,5.3771014,5.3896656,5.310063,4.746344,4.669449,4.642325,4.5646486,False,0.8637770897832817,teacher-adapter difference; predicted high judge disagreement,4.1250363081693635
FINADivingWorldCup2021_Women10m_semifinal_r3::1,test,official_test,source_fit,FINADivingWorldCup2021_Women10m_semifinal,305c,2.8,26.6,3.1666666666666674,0.2886751345948129,False,35.50691413879394,39.37349395751952,43.55717182159423,38.526886296272274,4.709190189838409,39.55719759464263,4.050283455848692,6.2495906e-06,0.17082648,5,False,0.0,10.881215596459205,8.906914138793937,12.95719759464263,-4.050283455848692,5.308803,4.7091904,-0.031890154,-0.2323935,-0.33532906,entry,entry,True,0.35624122619628906,0.26685619354248047,0.9101466,1.0,0.8868972,5.308803,5.2926116,5.1091413,5.0654316,4.9926553,4.9760466,4.75851,4.7091904,False,0.8173374613003096,teacher-adapter difference,4.050283455848692
FINADivingWorldCup2021_Women10m_semifinal_r3::5,test,official_test,source_fit,FINADivingWorldCup2021_Women10m_semifinal,107b,3.0,61.5,6.833333333333333,0.28867513459481287,False,66.93298101425171,67.47661113739014,65.81115245819092,65.52660723030567,7.3289687260985374,65.96071853488684,0.972262479364872,1.2765925e-08,0.2603812,5,False,0.0,11.713503000005153,5.432981014251709,4.460718534886837,0.972262479364872,7.147298,7.3289685,-0.06946031,0.05692013,0.19421084,entry,entry,True,0.17819833755493164,0.08053827285766602,0.29195064,0.5,-0.38761663,7.147298,7.0904737,7.237626,7.15077,7.3590794,7.3038983,7.409507,7.3289685,False,0.5356037151702786,phase boundary ambiguity,-0.972262479364872
FINADivingWorldCup2021_Women10m_semifinal_r3::6,test,official_test,source_fit,FINADivingWorldCup2021_Women10m_semifinal,205b,2.9,69.6,8.0,0.0,False,63.18806691169738,63.90217022895813,61.93839025497436,62.00585963129997,7.173764668405056,62.41175261512398,0.7763142965734033,6.9447964e-08,0.19732358,5,False,0.0,11.127469518205414,6.411933088302611,7.188247384876014,-0.7763142965734033,7.278448,7.1737647,0.0019874573,-0.021852493,-0.08481836,entry,entry,True,0.08301782608032227,0.017325401306152344,0.15670249,0.0,0.91091543,7.278448,7.298249,7.256819,7.2567825,7.1903296,7.19734,7.19109,7.1737647,False,0.4984520123839009,phase boundary ambiguity,0.7763142965734033
FINADivingWorldCup2021_Women10m_semifinal_r3::12,test,official_test,source_fit,FINADivingWorldCup2021_Women10m_semifinal,305c,2.8,67.2,8.000000000000002,0.0,False,59.674169540405266,60.52996215820311,64.0425899505615,59.3730599284172,7.0970718413591385,59.615403467416755,0.05876607298851155,1.8282091e-06,0.20661294,5,False,0.0,11.213801377322081,7.5258304595947365,7.584596532583248,-0.05876607298851155,6.714111,7.0970716,-0.02007421,-0.13206036,0.5350954,entry,entry,True,0.5560522079467773,0.042439937591552734,0.9923682,1.0,-0.85318434,6.714111,6.7157936,6.5867667,6.5410194,7.2276406,7.234457,7.1395116,7.0970716,False,0.631578947368421,routine automatic scoring,0.05876607298851155
FINADivingWorldCup2021_Women10m_semifinal_r3::13,test,official_test,source_fit,FINADivingWorldCup2021_Women10m_semifinal,205b,2.9,52.2,6.000000000000001,0.0,False,60.53713631629943,61.58149623870849,60.81755719184875,60.74813426882028,6.958416923880577,60.538227237761014,0.0010909214615821838,3.2009055e-07,0.19817652,5,False,0.0,11.135396440795661,8.337136316299429,8.33822723776101,-0.0010909214615821838,7.117834,6.958417,-0.1394294,0.07252375,-0.0925115,takeoff,takeoff,True,0.16192340850830078,0.16192340850830078,0.7458096,0.5,0.5501291,7.117834,7.0053477,7.1554947,7.0081286,6.986972,6.846581,7.1203403,6.958417,False,0.07430340557275542,routine automatic scoring,0.0010909214615821838
FINADivingWorldCup2021_Women10m_semifinal_r3::17,test,official_test,source_fit,FINADivingWorldCup2021_Women10m_semifinal,407c,3.2,33.6,3.4999999999999996,0.0,False,47.422444152832036,50.988867187500006,52.10332946777344,52.60405883789063,5.436936676502228,52.194592094421395,4.77214794158936,2.7576305e-06,0.1607837,5,False,0.0,10.787881760873539,13.822444152832034,18.594592094421394,-4.77214794158936,5.325195,5.436937,-0.14616425,0.013510863,0.24439542,entry,entry,True,0.2940511703491211,0.2940511703491211,0.7634515,0.5,0.11615908,5.325195,5.1515684,5.3025475,5.1428857,5.530751,5.376451,5.544822,5.436937,False,0.8513931888544891,teacher-adapter difference,4.77214794158936
FINADivingWorldCup2021_Women10m_semifinal_r4::4,test,official_test,source_fit,FINADivingWorldCup2021_Women10m_semifinal,207c,3.3,69.3,7.000000000000001,0.0,False,75.22321228981016,75.62225675582884,74.65790519714355,74.52970606684684,7.56926316767931,74.93570536002515,0.28750692978501036,3.5448272e-07,0.38871422,5,False,0.0,12.906181347196469,5.9232122898101665,5.635705360025156,0.28750692978501036,7.4259853,7.569263,-0.063378334,0.010846853,0.19580913,entry,entry,True,0.22233963012695312,0.22233963012695312,0.9941544,1.0,0.99289495,7.4259853,7.348833,7.412076,7.3469234,7.6032553,7.5256686,7.610876,7.569263,False,0.5139318885448917,routine automatic scoring,-0.28750692978501036
FINADivingWorldCup2021_Women10m_semifinal_r4::9,test,official_test,source_fit,FINADivingWorldCup2021_Women10m_semifinal,107b,3.0,55.5,6.166666666666667,0.28867513459481287,False,58.73738622665405,60.302032470703125,58.52658176422119,58.975222527980804,6.584166415035725,59.25749773532152,0.520111508667469,1.2376279e-07,0.51675344,5,False,0.0,14.096129032968594,3.2373862266540527,3.7574977353215218,-0.520111508667469,6.4771833,6.5841665,-0.044228394,0.047061604,0.104149975,entry,entry,True,0.10429906845092773,0.04228925704956055,0.43083087,0.5,-0.43314263,6.4771833,6.4324994,6.5305176,6.4798675,6.582668,6.541894,6.626456,6.5841665,False,0.4179566563467492,wide prediction interval,0.520111508667469
FINADivingWorldCup2021_Women10m_semifinal_r4::10,test,official_test,source_fit,FINADivingWorldCup2021_Women10m_semifinal,405b,2.8,63.0,7.500000000000001,0.0,False,61.1332363128662,61.80725841522216,61.3651268005371,59.78664795756339,7.205328486859798,60.524759289622295,0.608477023243907,2.5677116e-07,0.32117406,5,False,0.0,12.278488729710572,1.8667636871337976,2.4752407103777045,-0.608477023243907,7.0625176,7.2053285,0.005013148,0.026692549,0.11110512,entry,entry,True,0.11680364608764648,0.11680364608764648,0.8892014,1.0,-0.60181206,7.0625176,7.086203,7.0814023,7.088525,7.1697235,7.1690288,7.2171884,7.2053285,False,0.4024767801857585,routine automatic scoring,0.608477023243907
FINADivingWorldCup2021_Women10m_semifinal_r5::15,test,official_test,source_fit,FINADivingWorldCup2021_Women10m_semifinal,5253b,3.2,62.4,6.499999999999999,0.0,False,68.34301757812501,69.30313110351564,67.87604827880861,67.70045514106752,7.101530380547047,68.17469165325166,0.16832592487335774,1.9210273e-07,0.42865855,5,False,0.0,13.27740865991529,5.943017578125016,5.774691653251658,0.16832592487335774,7.3186398,7.1015306,-0.11004758,-0.07387328,-0.033188343,takeoff,takeoff,True,0.08924245834350586,0.07387113571166992,0.8574676,1.0,0.5873856,7.3186398,7.1881595,7.2451367,7.148856,7.299961,7.1754017,7.190773,7.1015306,False,0.25386996904024767,routine automatic scoring,-0.16832592487335774
FINADivingWorldCup2021_Women3mSynchronised_final_r1::3,test,official_test,source_fit,FINADivingWorldCup2021_Women3mSynchronised_final,101b,2.0,43.8,7.3,0.27386127875258304,False,47.04687309265137,47.107197761535645,48.50512504577637,46.63421693444252,7.805379383265972,46.83227629959583,0.21459679305553436,2.0086036e-06,0.19501142,5,False,0.0,11.105981243037029,3.24687309265137,3.0322762995958357,0.21459679305553436,8.146594,7.8053794,-0.023889462,-0.006204764,-0.31112042,entry,entry,True,0.3037285804748535,0.0032372474670410156,0.78325856,0.5,0.9999746,8.146594,8.121384,8.138196,8.109108,7.828856,7.8086166,7.8271737,7.8053794,False,0.5820433436532507,routine automatic scoring,-0.21459679305553436
FINADivingWorldCup2021_Women3mSynchronised_final_r1::4,test,official_test,source_fit,FINADivingWorldCup2021_Women3mSynchronised_final,401b,2.0,48.6,8.1,0.22360679774997896,False,50.510650634765625,50.139455795288086,49.20002746582031,50.625969126820564,8.439222887158394,50.63533732295036,0.12468668818473816,4.720743e-07,0.31254122,5,False,0.0,12.198258412914026,1.9106506347656236,2.0353373229503617,-0.12468668818473816,8.278866,8.439223,-0.023105303,-0.037655037,0.22111781,entry,entry,True,0.2320842742919922,0.02308368682861328,0.99681824,1.0,0.9646734,8.278866,8.257488,8.239256,8.207139,8.490767,8.473174,8.462307,8.439223,False,0.4953560371517028,routine automatic scoring,0.12468668818473816
FINADivingWorldCup2021_Women3mSynchronised_final_r2::1,test,official_test,source_fit,FINADivingWorldCup2021_Women3mSynchronised_final,101b,2.0,45.6,7.6000000000000005,0.651920240520265,False,43.902849197387695,44.354859352111816,45.364803314208984,43.35919466614723,7.253674276173115,43.52204565703869,0.38080354034900665,1.09872135e-05,0.1948604,5,False,0.0,11.10457769026882,1.697150802612306,2.0779543429613128,-0.38080354034900665,8.144493,7.2536745,-0.09581288,-0.04418095,-0.75082475,entry,entry,True,0.7725868225097656,0.06836271286010742,0.99919623,1.0,0.99997145,8.144493,8.058145,8.126926,8.026261,7.417863,7.322037,7.356519,7.2536745,False,0.7616099071207431,routine automatic scoring,0.38080354034900665
FINADivingWorldCup2021_Women3mSynchronised_final_r2::3,test,official_test,source_fit,FINADivingWorldCup2021_Women3mSynchronised_final,301b,2.0,34.2,5.7,0.9082951062292475,False,37.489686012268066,38.74065685272217,41.673757553100586,39.055455923080444,6.490899920463562,38.94539952278137,1.4557135105133057,1.9587133e-06,0.5498473,5,False,0.0,14.403690859755825,3.2896860122680636,4.745399522781369,-1.4557135105133057,6.790778,6.4909,0.013975859,-0.07047415,-0.24337983,entry,entry,True,0.2131485939025879,0.2131485939025879,0.72945464,1.0,0.97319925,6.790778,6.7954817,6.700552,6.7040486,6.5168576,6.5419316,6.4679613,6.4909,False,0.7306501547987616,wide prediction interval,1.4557135105133057
FINADivingWorldCup2021_Women3mSynchronised_final_r2::6,test,official_test,source_fit,FINADivingWorldCup2021_Women3mSynchronised_final,301b,2.0,46.2,7.7,0.5700877125495689,False,50.77788734436035,50.3734016418457,50.00405502319336,50.68129442632198,8.444376401603222,50.66625840961933,0.1116289347410202,2.5277262e-07,0.13703029,5,False,0.0,10.567126660735505,4.577887344360349,4.4662584096193285,0.1116289347410202,8.406503,8.444376,0.023660183,-0.040599346,0.05481243,entry,entry,True,0.05940437316894531,0.05940437316894531,0.7858798,1.0,0.9667051,8.406503,8.431235,8.359449,8.384972,8.456571,8.478674,8.421941,8.444376,False,0.18885448916408668,routine automatic scoring,-0.1116289347410202
FINADivingWorldCup2021_Women3mSynchronised_final_r2::7,test,official_test,source_fit,FINADivingWorldCup2021_Women3mSynchronised_final,301b,2.0,43.2,7.2,0.4472135954999579,False,45.8129940032959,46.02703857421875,45.32027721405029,45.52132523059845,7.599900431931019,45.59940259158611,0.21359141170978546,1.3138873e-07,0.29582325,5,False,0.0,12.042887960430775,2.6129940032958956,2.39940259158611,0.21359141170978546,7.7321057,7.5999002,0.051661093,-0.03202669,-0.1518399,entry,entry,True,0.15334510803222656,0.15334510803222656,0.70406055,1.0,0.9849369,7.7321057,7.7866325,7.7022057,7.7532454,7.581051,7.6347737,7.551825,7.5999002,False,0.2724458204334365,routine automatic scoring,-0.21359141170978546
FINADivingWorldCup2021_Women3mSynchronised_final_r2::8,test,official_test,source_fit,FINADivingWorldCup2021_Women3mSynchronised_final,101b,2.0,48.6,8.1,0.4183300132670378,False,47.58430194854736,47.57767295837402,49.04200744628906,46.79130309820175,7.855433769524097,47.132602617144585,0.4516993314027786,1.540753e-06,0.19503736,5,False,0.0,11.106222346674862,1.0156980514526381,1.4673973828554168,-0.4516993314027786,8.146741,7.855434,-0.029326677,-0.0074481964,-0.2545321,entry,entry,True,0.24924230575561523,0.006890773773193359,0.9526869,1.0,0.99833375,8.146741,8.114437,8.139191,8.104676,7.8873744,7.8623247,7.881328,7.855434,False,0.4551083591331269,routine automatic scoring,0.4516993314027786
FINADivingWorldCup2021_Women3mSynchronised_final_r2::11,test,official_test,source_fit,FINADivingWorldCup2021_Women3mSynchronised_final,301b,2.0,49.8,8.299999999999999,0.4472135954999579,False,49.88073921203613,49.588016510009766,50.06853103637695,49.7602145075798,8.297050185501575,49.78230111300945,0.09843809902667999,3.9918308e-07,0.16099742,5,False,0.0,10.789868061549848,0.08073921203613565,0.017698886990544338,0.06304032504559132,8.412985,8.29705,0.04678583,-0.050418854,-0.11230135,entry,entry,True,0.1037139892578125,0.04168891906738281,0.65865606,1.0,-0.4299709,8.412985,8.449436,8.35078,8.400764,8.28904,8.338739,8.242987,8.29705,False,0.15479876160990713,routine automatic scoring,-0.06304032504559132
FINADivingWorldCup2021_Women3mSynchronised_final_r3::2,test,official_test,source_fit,FINADivingWorldCup2021_Women3mSynchronised_final,405b,3.0,61.2,6.800000000000001,0.44721359549995787,False,65.40678691864014,66.14055347442627,65.84829139709473,64.60862910747528,7.197810433804989,64.7802939042449,0.626493014395237,4.4517935e-07,0.30306634,5,False,0.0,12.110202545073983,4.206786918640134,3.580293904244897,0.626493014395237,7.4173126,7.1978106,0.03782614,-0.06430999,-0.19301812,entry,entry,True,0.14524173736572266,0.01212453842163086,0.7848014,0.5,-0.0151466895,7.4173126,7.4602804,7.303379,7.3430524,7.17908,7.209935,7.1625643,7.1978106,False,0.4086687306501548,routine automatic scoring,-0.626493014395237
FINADivingWorldCup2021_Women3mSynchronised_final_r3::7,test,official_test,source_fit,FINADivingWorldCup2021_Women3mSynchronised_final,405b,3.0,63.0,7.0,0.6123724356957945,False,69.3379225730896,69.58194351196289,68.93824768066406,67.26406659185886,7.5501377284526825,67.95123955607414,1.3866830170154572,3.0499348e-07,0.31550044,5,False,0.0,12.225760291970584,6.3379225730896,4.9512395560741425,1.3866830170154572,7.769366,7.5501375,0.011403878,0.021203598,-0.25183573,entry,entry,True,0.2543516159057617,0.018887042999267578,0.9674722,1.0,-0.64448583,7.769366,7.7747717,7.790806,7.804489,7.521531,7.527685,7.5312505,7.5501375,False,0.6346749226006192,routine automatic scoring,-1.3866830170154572
FINADivingWorldCup2021_Women3mSynchronised_final_r3::8,test,official_test,source_fit,FINADivingWorldCup2021_Women3mSynchronised_final,205b,3.0,54.9,6.1,0.5477225575051662,False,60.602508544921875,61.93479824066162,62.28816318511963,60.66672834008932,6.75184141844511,60.76657276600599,0.1640642210841179,1.800122e-07,0.33677757,5,False,0.0,12.42350183522449,5.702508544921876,5.866572766005994,-0.1640642210841179,6.9998984,6.7518415,0.023574034,-0.084709965,-0.18692096,entry,entry,True,0.1840982437133789,0.11210012435913086,0.6309987,0.5,-0.0422705,6.9998984,7.0544267,6.938468,6.93594,6.806044,6.8639417,6.7633324,6.7518415,False,0.3622291021671827,routine automatic scoring,0.1640642210841179
FINADivingWorldCup2021_Women3mSynchronised_final_r3::9,test,official_test,source_fit,FINADivingWorldCup2021_Women3mSynchronised_final,5152b,3.0,63.0,7.0,0.3535533905932738,False,62.67964553833008,63.75315999984741,61.57292318344116,62.625272668898106,6.9463203474879265,62.51688312739134,0.16276241093873978,3.8725221e-07,0.19875349,5,False,0.0,11.140758607858807,0.3203544616699219,0.48311687260866165,-0.16276241093873978,6.9395514,6.9463205,-0.123087086,0.032444317,0.09741195,takeoff,takeoff,True,0.12656593322753906,0.10451078414916992,0.9240072,0.5,-0.57106644,6.9395514,6.8188987,6.969938,6.8418097,7.02882,6.912863,7.0728865,6.9463205,False,0.18885448916408668,routine automatic scoring,0.16276241093873978
FINADivingWorldCup2021_Women3mSynchronised_final_r3::10,test,official_test,source_fit,FINADivingWorldCup2021_Women3mSynchronised_final,5152b,3.0,66.6,7.3999999999999995,0.22360679774997896,False,68.03398275375366,68.44045114517212,66.55887508392334,67.15386052429676,7.490401022136211,67.4136091992259,0.6203735545277596,1.9672429e-07,0.39744663,5,False,0.0,12.98733702557142,1.4339827537536678,0.8136091992259082,0.6203735545277596,7.4630904,7.490401,-0.11655172,-0.14142998,0.28529206,entry,entry,True,0.30095481872558594,0.14401674270629883,0.66215086,0.0,-0.44550577,7.4630904,7.355985,7.326952,7.189446,7.7354245,7.6344175,7.613694,7.490401,False,0.48606811145510836,routine automatic scoring,-0.6203735545277596
FINADivingWorldCup2021_Women3mSynchronised_final_r3::11,test,official_test,source_fit,FINADivingWorldCup2021_Women3mSynchronised_final,405b,3.0,68.4,7.6000000000000005,0.4183300132670378,False,77.2450704574585,76.50400829315186,76.39986991882324,76.31899407505989,8.520672626793385,76.68605364114046,0.5590168163180351,1.255324e-06,0.16386312,5,False,0.0,10.816500804230158,8.84507045745849,8.286053641140455,0.5590168163180351,8.343577,8.520673,-0.028584162,-0.080665745,0.28634533,entry,entry,True,0.29593849182128906,0.03730201721191406,0.96846735,1.0,0.9804163,8.343577,8.322747,8.26038,8.224734,8.619366,8.599771,8.557975,8.520673,False,0.43653250773993807,routine automatic scoring,-0.5590168163180351
FINADivingWorldCup2021_Women3mSynchronised_final_r4::3,test,official_test,source_fit,FINADivingWorldCup2021_Women3mSynchronised_final,5152b,3.0,62.1,6.9,0.22360679774997896,False,62.14012670516968,63.28085517883301,61.03346014022827,61.95308795571327,6.8786691054701805,61.908021949231625,0.23210475593805313,6.7023075e-07,0.1987499,5,False,0.0,11.140725232800381,0.04012670516967631,0.19197805076837682,-0.1518513455987005,7.479154,6.8786693,-0.1915013,-0.034673136,-0.3743104,entry,entry,True,0.26717329025268555,0.26717329025268555,0.43112555,0.5,0.8696219,7.479154,7.3189554,7.3554134,7.1458426,7.0006137,6.8213677,7.098566,6.8786693,False,0.4055727554179567,routine automatic scoring,0.1518513455987005
FINADivingWorldCup2021_Women3mSynchronised_final_r5::0,test,official_test,source_fit,FINADivingWorldCup2021_Women3mSynchronised_final,405b,3.0,57.6,6.4,0.22360679774997896,False,63.10164928436279,64.12259244918823,62.43018293380737,62.369023606181145,6.950690217316151,62.556211955845356,0.545437328517437,1.595386e-07,0.33161178,5,False,0.0,12.375492990808674,5.5016492843627915,4.956211955845355,0.545437328517437,7.037536,6.9506903,0.02337122,-0.053416014,-0.05680108,entry,flight,False,0.05489063262939453,0.004736900329589844,0.5682514,1.0,0.8122135,7.037536,7.076998,6.9863424,7.005581,6.976281,7.008872,6.9459534,6.9506903,False,0.38699690402476783,routine automatic scoring,-0.545437328517437
FINADivingWorldCup2021_Women3m_final::0,test,official_test,source_fit,FINADivingWorldCup2021_Women3m_final,5152b,3.0,58.5,6.5,0.0,False,63.26078796386719,64.26190423965454,61.46381092071533,63.32403612881899,6.99967210739851,62.99704896658659,0.2637389972805977,1.1763137e-07,0.19529976,5,False,0.0,11.108660941711404,4.7607879638671875,4.49704896658659,0.2637389972805977,7.104434,6.999672,-0.016580582,-0.76931024,0.68112874,flight,entry,False,0.6936063766479492,0.7554454803466797,0.28397188,0.5,0.9479809,7.104434,7.093526,6.2600956,6.2442265,7.7119217,7.6932783,7.0212493,6.999672,False,0.8080495356037152,phase boundary ambiguity; predicted high judge disagreement,-0.2637389972805977
FINADivingWorldCup2021_Women3m_final::1,test,official_test,source_fit,FINADivingWorldCup2021_Women3m_final,405b,3.0,63.0,7.0,0.0,False,56.55021858215332,58.38734722137451,56.41312122344971,57.74215243756771,6.409576177597046,57.68618559837341,1.1359670162200928,7.3605065e-07,0.6844277,5,False,0.0,15.654429621863398,6.44978141784668,5.313814401626587,1.1359670162200928,6.6994863,6.4095764,0.10617312,0.0029290516,-0.399012,entry,entry,True,0.38965415954589844,0.38965415954589844,0.97160727,1.0,0.94257265,6.6994863,6.7964115,6.70592,6.7992306,6.2899103,6.4113584,6.2953615,6.4095764,False,0.8978328173374613,wide prediction interval; predicted high judge disagreement,-1.1359670162200928
FINADivingWorldCup2021_Women3m_final::2,test,official_test,source_fit,FINADivingWorldCup2021_Women3m_final,405b,3.0,67.5,7.5,0.0,False,65.76384258270264,66.45312738418579,65.43293523788452,65.05092738568783,7.239208914339542,65.15288022905588,0.6109623536467552,4.5686943e-07,0.3511135,5,False,0.0,12.556734514514403,1.7361574172973633,2.3471197709441185,-0.6109623536467552,7.462377,7.2392087,0.11200857,-0.29771113,-0.03746581,flight,flight,True,0.25907039642333984,0.11249256134033203,0.48263606,0.5,0.9914668,7.462377,7.572804,7.1249275,7.237987,7.385126,7.498279,7.126716,7.2392087,False,0.5727554179566563,routine automatic scoring,0.6109623536467552
FINADivingWorldCup2021_Women3m_final::4,test,official_test,source_fit,FINADivingWorldCup2021_Women3m_final,405b,3.0,58.5,6.5,0.5,False,47.00585460662842,50.03203010559082,50.66117763519287,50.95071458816528,5.703721135854721,51.33349022269249,4.327635616064072,7.3874057e-06,0.5276201,5,False,0.0,14.197119467019839,11.494145393371582,7.16650977730751,4.327635616064072,6.0188055,5.703721,0.0813849,-0.011589289,-0.38488007,entry,entry,True,0.40082597732543945,0.013736248016357422,0.39299917,0.5,0.6483322,6.0188055,6.1210146,5.99913,6.104547,5.639638,5.7174573,5.6533937,5.703721,False,0.8421052631578947,wide prediction interval; teacher-adapter difference; predicted high judge disagreement,-4.327635616064072
FINADivingWorldCup2021_Women3m_final::6,test,official_test,source_fit,FINADivingWorldCup2021_Women3m_final,5152b,3.0,66.0,7.333333333333333,0.28867513459481287,False,71.61674880981445,71.57687187194824,70.48734998703003,71.12246261537075,7.900600545108318,71.10540490597486,0.5113439038395882,2.7882754e-07,0.18138908,5,False,0.0,10.979380367887607,5.616748809814453,5.105404905974865,0.5113439038395882,7.7938714,7.9006004,0.24004507,-0.039328814,-0.09398723,takeoff,takeoff,True,0.24802923202514648,0.24802923202514648,0.6596431,0.5,0.78819406,7.7938714,8.026762,7.751015,7.9927607,7.698887,7.935572,7.652571,7.9006004,False,0.4055727554179567,routine automatic scoring,-0.5113439038395882
FINADivingWorldCup2021_Women3m_final::7,test,official_test,source_fit,FINADivingWorldCup2021_Women3m_final,405b,3.0,63.0,7.0,0.0,False,72.25254821777344,72.13346672058105,70.15492343902588,71.31439907848835,7.950453899800777,71.554085098207,0.6984631195664406,9.041487e-07,0.39368913,5,False,0.0,12.952416189544133,9.252548217773438,8.554085098206997,0.6984631195664406,7.8865566,7.9504538,0.00042398772,-0.034911554,0.0983847,entry,entry,True,0.10594558715820312,0.03214454650878906,0.83615524,1.0,0.31975117,7.8865566,7.8884873,7.8491483,7.844508,7.9776506,7.9825983,7.9512663,7.9504538,False,0.43653250773993807,routine automatic scoring,-0.6984631195664406
FINADivingWorldCup2021_Women3m_final::8,test,official_test,source_fit,FINADivingWorldCup2021_Women3m_final,405b,3.0,66.0,7.333333333333333,0.28867513459481287,False,61.56425857543945,62.77673292160034,62.4814453125,61.32714606821537,6.805918134748936,61.25326321274042,0.31099536269903183,1.1744299e-07,0.3349605,5,False,0.0,12.406614609604294,4.435741424560547,4.746736787259579,-0.31099536269903183,7.2540865,6.805918,-0.045379955,-1.2668506,0.86406225,flight,flight,True,1.1592755317687988,0.05362653732299805,0.275072,0.5,0.99927557,7.2540865,7.222365,5.8850727,5.810253,7.9919577,7.9651937,6.8595448,6.805918,False,0.9566563467492261,phase boundary ambiguity; predicted high judge disagreement,0.31099536269903183
FINADivingWorldCup2021_Women3m_final::9,test,official_test,source_fit,FINADivingWorldCup2021_Women3m_final,405b,3.0,60.0,6.666666666666667,0.28867513459481287,False,47.6901741027832,50.631093978881836,48.7981538772583,50.61460483074188,5.636502772569656,50.72852495312691,3.0383508503437042,5.190958e-06,0.6210031,5,False,0.0,15.064985652246925,12.309825897216797,9.271475046873093,3.0383508503437042,5.9994144,5.6365027,-0.03847623,-0.064291954,-0.26014352,entry,entry,True,0.2500624656677246,0.05205249786376953,0.8472033,1.0,-0.19095491,5.9994144,5.9752975,5.934311,5.886565,5.729973,5.6992,5.6885552,5.6365027,False,0.7894736842105263,wide prediction interval,-3.0383508503437042
FINADivingWorldCup2021_Women3m_final::15,test,official_test,source_fit,FINADivingWorldCup2021_Women3m_final,107b,3.1,46.5,5.0,0.0,False,37.647236824035645,42.13539218902588,41.52351694107056,43.25311950445175,4.715334057807922,43.852606737613684,6.205369913578039,4.0826494e-06,0.3808147,5,False,0.0,12.832766189633174,8.852763175964355,2.6473932623863163,6.205369913578039,4.9648347,4.715334,-0.09542942,-0.1299305,-0.024140835,flight,flight,True,0.16324663162231445,0.0669240951538086,0.79594404,0.5,0.25516653,4.9648347,4.8434696,4.87079,4.7257442,4.929533,4.8785806,4.782258,4.715334,False,0.9195046439628483,teacher-adapter difference,-6.205369913578039
FINADivingWorldCup2021_Women3m_final::23,test,official_test,source_fit,FINADivingWorldCup2021_Women3m_final,205b,3.0,76.5,8.5,0.0,False,71.64115905761719,71.59823942184448,70.92884588241577,69.99651311337948,7.837367914617062,70.53631123155355,1.104847826063633,1.3606643e-07,0.22806165,5,False,0.0,11.41313744515153,4.8588409423828125,5.9636887684464455,-1.104847826063633,7.757336,7.837368,-0.052529335,0.023124933,0.10943627,entry,entry,True,0.1107168197631836,0.056832313537597656,0.4706124,0.5,0.9903477,7.757336,7.7089486,7.784878,7.726651,7.8653307,7.818821,7.8942003,7.837368,False,0.5758513931888545,routine automatic scoring,1.104847826063633
FINADivingWorldCup2021_Women3m_final::32,test,official_test,source_fit,FINADivingWorldCup2021_Women3m_final,205b,3.0,58.5,6.5,0.0,False,58.6053786277771,60.18647003173828,58.920793533325195,59.22809757292271,6.560632187873125,59.045689690858126,0.4403110630810261,6.638752e-07,0.2875701,5,False,0.0,11.96618625976979,0.10537862777709961,0.5456896908581257,-0.4403110630810261,6.623045,6.560632,0.05736844,0.0018989245,-0.1216801,entry,entry,True,0.10745382308959961,0.10745382308959961,0.8241661,1.0,0.9455587,6.623045,6.683771,6.626406,6.668086,6.488945,6.558389,6.504815,6.560632,False,0.3560371517027864,routine automatic scoring,0.4403110630810261
FINADivingWorldCup2021_Women3m_final::39,test,official_test,source_fit,FINADivingWorldCup2021_Women3m_final,305b,3.0,60.0,6.666666666666667,0.28867513459481287,False,63.606921672821045,64.56491661071777,63.727839946746826,63.40236756205559,7.048999153077602,63.44099237769842,0.16592929512262344,8.2913346e-07,0.18863742,5,False,0.0,11.04674369950412,3.606921672821045,3.4409923776984215,0.16592929512262344,7.1087546,7.0489993,-0.0916872,-0.067178726,0.0991106,entry,entry,True,0.11910200119018555,0.05258607864379883,0.86375284,0.5,0.6292996,7.1087546,7.0164266,7.033689,6.9298973,7.1945796,7.1015854,7.13334,7.0489993,False,0.19814241486068113,routine automatic scoring,-0.16592929512262344
FINADivingWorldCup2021_Women3m_final::45,test,official_test,source_fit,FINADivingWorldCup2021_Women3m_final,205b,3.0,69.0,7.666666666666667,0.28867513459481287,False,66.42968273162842,67.0360164642334,65.02547121047974,65.50725401937962,7.305061690509319,65.74555521458387,0.6841275170445442,1.4598457e-07,0.24852523,5,False,0.0,11.603318222057828,2.570317268371582,3.2544447854161263,-0.6841275170445442,7.3069143,7.305062,0.01587089,-0.1072034,0.089480005,flight,entry,False,0.039282798767089844,0.039282798767089844,-0.74468744,0.0,0.82667387,7.3069143,7.327715,7.129096,7.156177,7.3342953,7.3443446,7.296815,7.305062,False,0.4520123839009288,phase boundary ambiguity,0.6841275170445442
FINADivingWorldCup2021_Women3m_final::48,test,official_test,source_fit,FINADivingWorldCup2021_Women3m_final,205b,3.0,63.0,7.0,0.0,False,72.55975341796875,72.40239143371582,72.02519989013672,70.8883540481329,7.950082115828991,71.55073904246092,1.0090143755078316,1.05284606e-07,0.3845862,5,False,0.0,12.867816925265455,9.55975341796875,8.550739042460918,1.0090143755078316,8.020661,7.9500823,-0.06779599,-0.13312101,0.13033795,flight,entry,False,0.06371164321899414,0.20087575912475586,0.5056806,0.0,0.30173644,8.020661,7.952136,7.818848,7.7492065,8.081179,8.013794,8.016432,7.9500823,False,0.5170278637770898,routine automatic scoring,-1.0090143755078316
FINADivingWorldCup2021_Women3m_final::49,test,official_test,source_fit,FINADivingWorldCup2021_Women3m_final,305b,3.0,36.0,4.0,0.5,False,38.37941551208496,42.480281352996826,44.01427745819092,42.18600171804428,4.810135543346405,43.291219890117645,4.911804378032684,1.6445867e-05,0.5111,5,False,0.0,14.043588104892953,2.379415512084961,7.291219890117645,-4.911804378032684,5.052937,4.8101354,-0.09123063,0.053683043,-0.20525408,entry,entry,True,0.23801088333129883,0.1221609115600586,0.9420161,1.0,0.7448368,5.052937,4.9940715,5.1300235,5.0481462,4.8818746,4.778421,4.9322963,4.8101354,False,0.8513931888544891,wide prediction interval; teacher-adapter difference,4.911804378032684
FINADivingWorldCup2021_Women3m_final::51,test,official_test,source_fit,FINADivingWorldCup2021_Women3m_final,5152b,3.0,60.0,6.666666666666667,0.28867513459481287,False,57.078351974487305,58.84968280792236,59.69911050796509,58.073385804891586,6.478711649775505,58.308404847979546,1.230052873492241,1.4017612e-06,0.38629124,5,False,0.0,12.883663015245654,2.9216480255126953,1.6915951520204544,1.230052873492241,6.485449,6.4787116,-0.16627233,0.058979113,0.10055598,takeoff,takeoff,True,0.1692523956298828,0.09818506240844727,0.46813127,0.5,-0.2614344,6.485449,6.3236003,6.562297,6.3805265,6.5898194,6.4361577,6.647964,6.4787116,False,0.5758513931888545,routine automatic scoring,-1.230052873492241
FINADivingWorldCup2021_Women3m_final::52,test,official_test,source_fit,FINADivingWorldCup2021_Women3m_final,5152b,3.0,57.0,6.333333333333333,0.28867513459481287,False,65.13307285308838,65.90093994140625,62.052961349487305,64.82722444832325,7.182033456861973,64.63830111175776,0.4947717413306236,3.3357955e-07,0.20420352,5,False,0.0,11.191409067376107,8.133072853088379,7.638301111757755,0.4947717413306236,6.967328,7.1820335,0.05884425,0.019336382,0.13652484,entry,entry,True,0.12546443939208984,0.12546443939208984,0.14847174,0.0,0.40485904,6.967328,7.0310645,6.991521,7.056569,7.114919,7.1675477,7.1280756,7.1820335,False,0.4024767801857585,phase boundary ambiguity,-0.4947717413306236
FINADivingWorldCup2021_Women3m_final::55,test,official_test,source_fit,FINADivingWorldCup2021_Women3m_final,5154b,3.4,59.5,5.833333333333334,0.28867513459481287,False,61.85714464187622,64.21742477416991,62.632483005523675,64.0897993505001,6.260152161121368,63.85355204343795,1.9964074015617328,2.5309755e-06,0.13396665,5,False,0.0,10.53865441224167,2.357144641876218,4.353552043437951,-1.9964074015617328,6.208094,6.2601523,0.089256525,-0.16656137,0.12936306,flight,entry,False,0.15922975540161133,0.17554187774658203,0.11293426,0.5,-0.14406411,6.208094,6.277606,6.0366716,6.0846105,6.293749,6.419382,6.1486807,6.2601523,False,0.7151702786377709,phase boundary ambiguity,1.9964074015617328
FINADivingWorldCup2021_Women3m_final::58,test,official_test,source_fit,FINADivingWorldCup2021_Women3m_final,5152b,3.0,73.5,8.166666666666666,0.2886751345948129,False,70.44149494171143,70.54803228378296,69.18950843811035,70.1105056554079,7.774239502847195,69.96815552562475,0.47333941608667374,2.602339e-07,0.065748446,5,False,0.0,9.904660348299398,3.058505058288574,3.531844474375248,-0.47333941608667374,7.6589437,7.7742395,0.19734342,0.08226498,-0.16431253,takeoff,takeoff,True,0.2030963897705078,0.1495189666748047,0.86760557,1.0,0.5016871,7.6589437,7.8504,7.73226,7.9237585,7.4797034,7.6831603,7.571143,7.7742395,False,0.42724458204334365,routine automatic scoring,0.47333941608667374
FINADivingWorldCup2021_Women3m_semifinal_r1::1,test,official_test,source_fit,FINADivingWorldCup2021_Women3m_semifinal,5152b,3.0,58.5,6.5,0.0,False,59.72428894042969,61.16598701477051,61.80025005340576,61.059055119752884,6.768205419182777,60.913848772645,1.1895598322153091,7.707698e-07,0.3503051,5,False,0.0,12.549221664225776,1.2242889404296875,2.4138487726449966,-1.1895598322153091,6.627272,6.7682056,-0.09597739,0.14015763,0.09675328,flight,flight,True,0.1291213035583496,0.11952495574951172,0.45149347,0.0,0.3355453,6.627272,6.553493,6.777117,6.6515355,6.7027593,6.6390843,6.8877306,6.7682056,False,0.5758513931888545,routine automatic scoring,1.1895598322153091
FINADivingWorldCup2021_Women3m_semifinal_r1::5,test,official_test,source_fit,FINADivingWorldCup2021_Women3m_semifinal,405b,3.0,58.5,6.5,0.0,False,61.59744930267334,62.80578660964966,62.935523986816406,61.33744052052498,6.816802807152271,61.35122526437044,0.2462240383028984,1.7037095e-07,0.22118005,5,False,0.0,11.349182524065961,3.09744930267334,2.8512252643704414,0.2462240383028984,6.8762984,6.816803,-0.034813564,-0.07212893,0.047447044,flight,flight,True,0.07466411590576172,0.05313873291015625,0.7150603,0.5,0.81810737,6.8762984,6.854761,6.805513,6.7636642,6.916862,6.891467,6.8660846,6.816803,False,0.2260061919504644,routine automatic scoring,-0.2462240383028984
FINADivingWorldCup2021_Women3m_semifinal_r1::6,test,official_test,source_fit,FINADivingWorldCup2021_Women3m_semifinal,405b,3.0,64.5,7.166666666666667,0.28867513459481287,False,64.60628271102905,65.4397759437561,63.20071077346802,63.529268100857735,7.100937359035015,63.908436231315136,0.6978464797139168,6.706877e-07,0.4027839,5,False,0.0,13.036939563648463,0.10628271102905273,0.591563768684864,-0.4852810576558113,7.003027,7.1009374,0.12368337,-0.013413985,-0.012358983,takeoff,takeoff,True,0.11285829544067383,0.016039371490478516,0.72897583,0.5,0.088914916,7.003027,7.138389,6.993092,7.1158967,6.994122,7.1169767,6.988079,7.1009374,False,0.6099071207430341,routine automatic scoring,0.4852810576558113
FINADivingWorldCup2021_Women3m_semifinal_r1::10,test,official_test,source_fit,FINADivingWorldCup2021_Women3m_semifinal,5152b,3.0,63.0,7.0,0.0,False,66.13446807861328,66.77758026123047,65.4604868888855,66.04707822203636,7.34468150138855,66.10213351249695,0.03233456611633301,5.7709303e-07,0.43162745,5,False,0.0,13.30500055468959,3.1344680786132812,3.1021335124969482,0.03233456611633301,7.177763,7.3446817,-0.07987181,-0.040445488,0.28723606,entry,entry,True,0.30579042434692383,0.06909608840942383,0.9261795,1.0,0.9955305,7.177763,7.0944986,7.128136,7.0388913,7.453828,7.3685627,7.413778,7.3446817,False,0.6377708978328174,routine automatic scoring,-0.03233456611633301
FINADivingWorldCup2021_Women3m_semifinal_r1::17,test,official_test,source_fit,FINADivingWorldCup2021_Women3m_semifinal,405b,3.0,69.0,7.666666666666667,0.28867513459481287,False,61.99128341674805,63.15055561065674,64.6484899520874,62.37057626992464,6.92127700150013,62.29149301350117,0.3002095967531204,4.408747e-08,0.26721796,5,False,0.0,11.777041356046144,7.008716583251953,6.708506986498833,0.3002095967531204,6.581002,6.921277,0.047079563,0.033288717,0.25990653,entry,entry,True,0.26474952697753906,0.03371286392211914,0.89661044,1.0,0.9969013,6.581002,6.6370225,6.6169033,6.6565275,6.8391023,6.887564,6.8801017,6.921277,False,0.4551083591331269,routine automatic scoring,-0.3002095967531204
FINADivingWorldCup2021_Women3m_semifinal_r2::0,test,official_test,source_fit,FINADivingWorldCup2021_Women3m_semifinal,107c,2.8,50.4,6.000000000000001,0.0,False,43.70975074768066,46.55440864562988,44.83187656402587,46.54556715488433,5.564494788646698,46.741756224632255,3.0320054769515963,5.887488e-05,0.22865036,5,False,0.0,11.418608738961725,6.69024925231934,3.658243775367744,3.0320054769515963,6.11341,5.5644946,-0.109817505,0.08744478,-0.52654266,entry,entry,True,0.5103597640991211,0.06402873992919922,0.90253824,1.0,0.93137336,6.11341,6.0310903,6.2256393,6.0748544,5.572053,5.500466,5.7004414,5.5644946,False,0.7925696594427245,routine automatic scoring,-3.0320054769515963
FINADivingWorldCup2021_Women3m_semifinal_r2::3,test,official_test,source_fit,FINADivingWorldCup2021_Women3m_semifinal,107b,3.1,41.85,4.5,0.0,False,55.17266578674317,57.477483987808235,56.31295294761658,56.63101888597012,6.109698936343193,56.8202001079917,1.6475343212485356,3.6523494e-07,0.46225423,5,False,0.0,13.58963413179597,13.322665786743165,14.970200107991701,-1.6475343212485356,6.194811,6.109699,-0.10408425,-0.011128426,0.030100584,takeoff,takeoff,True,0.10799932479858398,0.10799932479858398,0.49829626,1.0,0.6425779,6.194811,6.0964065,6.185535,6.0842,6.231278,6.120915,6.217698,6.109699,False,0.6408668730650154,routine automatic scoring,1.6475343212485356
FINADivingWorldCup2021_Women3m_semifinal_r2::13,test,official_test,source_fit,FINADivingWorldCup2021_Women3m_semifinal,107b,3.1,69.75,7.499999999999999,0.0,False,69.42330851554871,69.95276699066163,68.97978343963624,68.56292990148069,7.404924638569355,68.86579913869501,0.5575093768537016,8.2913466e-08,0.31086788,5,False,0.0,12.18270702054515,0.32669148445128826,0.8842008613049899,-0.5575093768537016,7.962095,7.404925,-0.10009289,-0.20227695,-0.25480008,entry,entry,True,0.22976303100585938,0.17897748947143555,0.32624614,1.0,-0.44633526,7.962095,7.8774233,7.7406974,7.634688,7.6864367,7.5839024,7.51626,7.404925,False,0.39009287925696595,phase boundary ambiguity,0.5575093768537016
FINADivingWorldCup2021_Women3m_semifinal_r2::16,test,official_test,source_fit,FINADivingWorldCup2021_Women3m_semifinal,205b,3.0,75.0,8.333333333333334,0.2886751345948129,False,72.17029666900635,72.06145477294922,71.98940849304199,70.59120820462704,7.927005417644978,71.3430487588048,0.8272479102015495,1.9763193e-07,0.35770807,5,False,0.0,12.61802192366892,2.8297033309936523,3.656951241195202,-0.8272479102015495,7.8190084,7.9270053,-0.021416426,-0.14028716,0.26970053,entry,entry,True,0.28801488876342773,0.28801488876342773,0.99753505,1.0,0.99617976,7.8190084,7.7953424,7.6609607,7.6389904,8.069337,8.05059,7.94723,7.9270053,False,0.47368421052631576,routine automatic scoring,0.8272479102015495
FINADivingWorldCup2021_Women3m_semifinal_r3::3,test,official_test,source_fit,FINADivingWorldCup2021_Women3m_semifinal,205b,3.0,64.5,7.166666666666667,0.28867513459481287,False,67.49939918518066,67.97246360778809,66.0030312538147,66.14699520170689,7.396474488079548,66.56827039271593,0.9311287924647331,1.3239999e-07,0.1729325,5,False,0.0,10.90078819866828,2.999399185180664,2.068270392715931,0.9311287924647331,7.3388925,7.3964744,0.027482986,-0.13681555,0.16691446,entry,entry,True,0.24511051177978516,0.019348621368408203,0.15376575,0.5,0.9399664,7.3388925,7.373602,7.1284018,7.151364,7.426703,7.4605227,7.3771257,7.3964744,False,0.5479876160990712,phase boundary ambiguity,-0.9311287924647331
FINADivingWorldCup2021_Women3m_semifinal_r3::12,test,official_test,source_fit,FINADivingWorldCup2021_Women3m_semifinal,205b,3.0,54.0,6.0,0.0,False,63.2196364402771,64.22588109970093,62.64124917984009,62.75473853945732,7.002212055027485,63.019908495247364,0.19972794502973557,1.8645332e-07,0.3814821,5,False,0.0,12.83896868804289,9.2196364402771,9.019908495247364,0.19972794502973557,6.9801674,7.002212,-0.037512857,-0.0020888646,0.061646383,entry,entry,True,0.0664987564086914,0.031755924224853516,0.86954975,1.0,-0.7070635,6.9801674,6.9369917,6.981076,6.9357133,7.0370555,7.007204,7.033968,7.002212,False,0.2260061919504644,routine automatic scoring,-0.19972794502973557
FINADivingWorldCup2021_Women3m_semifinal_r3::14,test,official_test,source_fit,FINADivingWorldCup2021_Women3m_semifinal,107b,3.1,74.4,8.0,0.0,False,70.38346281051636,70.79330277442932,68.88968596458436,69.43523103743792,7.49539066106081,69.70713314786553,0.6763296626508293,0.0,0.33470792,5,False,0.0,12.40426727665697,4.016537189483643,4.692866852134472,-0.6763296626508293,7.8324237,7.495391,-0.02579546,-0.04706478,-0.26417255,entry,entry,True,0.26523303985595703,0.0318303108215332,0.98700005,1.0,0.96240866,7.8324237,7.812816,7.771173,7.760624,7.5694647,7.5281167,7.527221,7.495391,False,0.5758513931888545,routine automatic scoring,0.6763296626508293
FINADivingWorldCup2021_Women3m_semifinal_r3::15,test,official_test,source_fit,FINADivingWorldCup2021_Women3m_semifinal,305b,3.0,61.5,6.833333333333333,0.28867513459481287,False,53.106154918670654,55.37234687805176,53.538724422454834,54.48552703857422,6.1092484295368195,54.983235865831375,1.8770809471607208,7.7327945e-07,0.21350272,5,False,0.0,11.277832327067713,8.393845081329346,6.516764134168625,1.8770809471607208,6.6623583,6.1092486,0.033183176,-0.29047528,-0.29581752,entry,flight,False,0.27484750747680664,0.27484750747680664,0.9401782,0.5,0.87549376,6.6623583,6.7055984,6.352826,6.384096,6.338287,6.387951,6.093406,6.1092486,False,0.6996904024767802,routine automatic scoring,-1.8770809471607208
FINADivingWorldCup2021_Women3m_semifinal_r3::17,test,official_test,source_fit,FINADivingWorldCup2021_Women3m_semifinal,305b,3.0,76.5,8.5,0.0,False,66.20522689819336,66.83951997756958,65.40133666992188,66.38557286560535,7.37477221339941,66.37294992059469,0.16772302240133286,5.758554e-07,0.55942565,5,False,0.0,14.492708372432809,10.29477310180664,10.127050079405308,0.16772302240133286,6.8468065,7.374772,0.07032156,-0.002617836,0.46026182,entry,entry,True,0.46913909912109375,0.0002346038818359375,0.96237487,1.0,-0.6799882,6.8468065,6.9224544,6.840875,6.905633,7.2972608,7.3750067,7.310707,7.374772,False,0.8854489164086687,wide prediction interval; predicted high judge disagreement,-0.16772302240133286
FINADivingWorldCup2021_Women3m_semifinal_r4::7,test,official_test,source_fit,FINADivingWorldCup2021_Women3m_semifinal,205b,3.0,51.0,5.666666666666667,0.28867513459481287,False,54.398383140563965,56.503586769104004,55.38155651092529,55.47586277872324,6.172291606664658,55.55062445998192,1.1522413194179535,7.4623784e-07,0.3652635,5,False,0.0,12.688239168995073,3.398383140563965,4.550624459981918,-1.1522413194179535,6.0715365,6.1722918,-0.035509825,0.011470795,0.124794245,entry,entry,True,0.1193532943725586,0.01003885269165039,0.90797496,1.0,0.9471432,6.0715365,6.0389566,6.0841613,6.0529385,6.2014937,6.162253,6.2110095,6.1722918,False,0.5634674922600619,routine automatic scoring,1.1522413194179535
FINADivingWorldCup2021_Women3m_semifinal_r4::8,test,official_test,source_fit,FINADivingWorldCup2021_Women3m_semifinal,205b,3.0,57.0,6.333333333333333,0.28867513459481287,False,41.002517223358154,44.77659559249878,41.70812273025513,44.69308340549469,5.002365410327911,45.0212886929512,4.018771469593048,8.065113e-06,0.5021057,5,False,0.0,13.959998678481647,15.997482776641846,11.978711307048798,4.018771469593048,5.145669,5.0023656,0.08445462,-0.03453819,-0.19321983,entry,entry,True,0.1953721046447754,0.10012149810791016,0.9122657,1.0,0.57127565,5.145669,5.206467,5.13049,5.1977377,4.946612,5.0642524,4.902244,5.0023656,False,0.8111455108359134,wide prediction interval; teacher-adapter difference,-4.018771469593048
FINADivingWorldCup2021_Women3m_semifinal_r4::11,test,official_test,source_fit,FINADivingWorldCup2021_Women3m_semifinal,205b,3.0,58.5,6.5,0.0,False,57.86705017089844,59.54012632369995,59.28263854980469,58.922119081020355,6.53892744332552,58.850346989929676,0.9832968190312386,5.9507425e-07,0.46893573,5,False,0.0,13.65172946663867,0.6329498291015625,0.35034698992967606,0.28260283917188644,6.2334304,6.5389276,0.042672236,-0.031065384,0.29389033,entry,entry,True,0.3050727844238281,0.03209257125854492,0.98909044,1.0,-0.9707574,6.2334304,6.289499,6.207888,6.233855,6.520634,6.57102,6.5051556,6.5389276,False,0.7089783281733746,routine automatic scoring,-0.28260283917188644
FINADivingWorldCup2021_Women3m_semifinal_r4::14,test,official_test,source_fit,FINADivingWorldCup2021_Women3m_semifinal,205b,3.0,63.0,7.0,0.0,False,61.510404109954834,62.729586124420166,59.53474044799805,60.91202004253864,6.820554502308369,61.38499052077532,0.12541358917951584,3.418733e-07,0.34026325,5,False,0.0,12.455896414754728,1.489595890045166,1.6150094792246819,-0.12541358917951584,7.1764026,6.8205547,-0.0859286,-0.04507796,-0.22484128,entry,entry,True,0.22919750213623047,0.09616518020629883,0.59392786,0.5,-0.33454293,7.1764026,7.101502,7.1480618,7.049752,6.956709,6.8815784,6.91672,6.8205547,False,0.4117647058823529,routine automatic scoring,0.12541358917951584
FINADivingWorldCup2021_Women3m_semifinal_r4::17,test,official_test,source_fit,FINADivingWorldCup2021_Women3m_semifinal,107b,3.1,74.4,8.0,0.0,False,69.89272270202638,70.36369786262513,68.45725178718567,69.44103674143554,7.465022437274456,69.42470866665245,0.46801403537392616,-2.5635158e-08,0.33262208,5,False,0.0,12.384882322597962,4.50727729797363,4.975291333347556,-0.46801403537392616,7.7432694,7.4650226,0.08328589,-0.071457066,-0.2900757,entry,entry,True,0.29037046432495117,0.29037046432495117,0.9896602,1.0,0.99940455,7.7432694,7.8336964,7.6652184,7.755393,7.45193,7.531444,7.390436,7.4650226,False,0.4551083591331269,routine automatic scoring,0.46801403537392616
FINADivingWorldCup2021_Women3m_semifinal_r5::4,test,official_test,source_fit,FINADivingWorldCup2021_Women3m_semifinal,5152b,3.0,58.5,6.5,0.0,False,60.495065689086914,61.84074068069458,59.19661045074463,61.75607541203499,6.816754132509232,61.350787192583084,0.85572150349617,9.921266e-07,0.20859165,5,False,0.0,11.232190757542842,1.995065689086914,2.850787192583084,-0.85572150349617,6.8799887,6.8167543,0.14639299,-0.09335407,-0.11627325,takeoff,takeoff,True,0.14693546295166016,0.14693546295166016,0.522193,0.0,0.43479162,6.8799887,7.0236564,6.8077874,6.9461555,6.7746606,6.933444,6.669819,6.8167543,False,0.5170278637770898,routine automatic scoring,0.85572150349617
FINADivingWorldCup2021_Women3m_semifinal_r5::7,test,official_test,source_fit,FINADivingWorldCup2021_Women3m_semifinal,305b,3.0,63.0,7.0,0.0,False,73.78867721557617,73.4782190322876,74.07511138916016,73.09754517674446,8.16672983020544,73.50056847184896,0.2881087437272072,1.4057158e-06,0.40870163,5,False,0.0,13.091936674447036,10.788677215576172,10.500568471848965,0.2881087437272072,7.760481,8.16673,-0.08413116,-0.04124872,0.5316289,entry,entry,True,0.546417236328125,0.029990196228027344,0.96692353,1.0,0.9841685,7.760481,7.669968,7.708609,7.6203127,8.277957,8.19672,8.243844,8.16673,False,0.8111455108359134,predicted high judge disagreement,-0.2881087437272072
FINADivingWorldCup2021_Women3m_semifinal_r5::11,test,official_test,source_fit,FINADivingWorldCup2021_Women3m_semifinal,5152b,3.0,67.5,7.5,0.0,False,72.99935245513916,72.78722190856934,71.71854400634766,73.32457680255175,8.120525605976582,73.08473045378923,0.085377998650074,4.68598e-07,0.25844127,5,False,0.0,11.695474098112523,5.49935245513916,5.584730453789234,-0.085377998650074,7.808311,8.120525,0.14537008,-0.070658125,0.23750241,entry,entry,True,0.2416849136352539,0.2416849136352539,0.9324505,1.0,0.96799195,7.808311,7.961212,7.7351413,7.8788404,8.042119,8.188184,7.982198,8.120525,False,0.19195046439628483,routine automatic scoring,0.085377998650074
FINADivingWorldCup2021_Women3m_semifinal_r5::12,test,official_test,source_fit,FINADivingWorldCup2021_Women3m_semifinal,5152b,3.0,60.0,6.666666666666667,0.28867513459481287,False,72.39793682098389,72.2607364654541,70.87716293334961,71.95767809450626,8.024420119822025,72.21978107839823,0.17815574258565903,7.878688e-07,0.27368975,5,False,0.0,11.837187642871111,12.397936820983887,12.219781078398228,0.17815574258565903,7.802287,8.02442,-0.06822387,-0.059196156,0.34955272,entry,entry,True,0.3587484359741211,0.056842803955078125,0.99913913,1.0,0.9966321,7.802287,7.7340565,7.740124,7.6656713,8.142031,8.081263,8.09325,8.02442,False,0.5170278637770898,routine automatic scoring,-0.17815574258565903
FINAWorldChampionships2019_Men10mSynchronised_final_r1::2,test,official_test,source_test,FINAWorldChampionships2019_Men10mSynchronised_final,401b,2.0,46.2,7.7,0.4472135954999579,False,45.62856674194336,45.86558532714844,46.77280139923096,45.99974573403597,7.632697872817516,45.7961872369051,0.1676204949617386,5.264636e-07,0.19906947,5,False,0.0,11.143695197543051,0.5714332580566435,0.4038127630949049,0.1676204949617386,7.5311813,7.632698,0.05845666,-0.045463324,0.08852339,entry,entry,True,0.10066604614257812,0.0823812484741211,0.7961667,1.0,0.75816035,7.5311813,7.5667105,7.4593787,7.532032,7.608559,7.650825,7.550317,7.632698,False,0.19195046439628483,routine automatic scoring,-0.1676204949617386
FINAWorldChampionships2019_Men10mSynchronised_final_r1::8,test,official_test,source_test,FINAWorldChampionships2019_Men10mSynchronised_final,103b,2.0,52.8,8.799999999999999,0.27386127875258304,False,49.595008850097656,49.33788299560547,49.45681571960449,50.087286829948425,8.324122495949268,49.94473497569561,0.3497261255979538,6.4209996e-07,0.46685123,5,False,0.0,13.632356976294423,3.204991149902341,2.855265024304387,0.3497261255979538,8.457298,8.324122,0.060231525,0.031787712,-0.2251951,entry,entry,True,0.21527576446533203,0.21527576446533203,0.93955904,1.0,-0.9700745,8.457298,8.515432,8.47293,8.539398,8.222125,8.2762375,8.261852,8.324122,False,0.631578947368421,routine automatic scoring,-0.3497261255979538
FINAWorldChampionships2019_Men10mSynchronised_final_r1::9,test,official_test,source_test,FINAWorldChampionships2019_Men10mSynchronised_final,401b,2.0,54.6,9.1,0.22360679774997896,False,54.13949775695801,53.31621551513672,52.36328315734863,55.91153919696808,9.25211238861084,55.51267433166504,1.3731765747070312,4.7180747e-06,0.68838304,5,False,0.0,15.691189271275618,0.4605022430419936,0.9126743316650376,-0.45217208862304403,8.532417,9.252112,0.030578136,0.036496162,0.6526208,entry,entry,True,0.6788606643676758,0.04766559600830078,0.9915972,1.0,0.9980619,8.532417,8.561611,8.560518,8.573252,9.161572,9.204447,9.217376,9.252112,False,0.9411764705882353,wide prediction interval; predicted high judge disagreement,0.45217208862304403
FINAWorldChampionships2019_Men10mSynchronised_final_r1::10,test,official_test,source_test,FINAWorldChampionships2019_Men10mSynchronised_final,301b,2.0,52.8,8.799999999999999,0.27386127875258304,False,50.138671875,49.813819885253906,49.90128707885742,50.67577421665192,8.430180713534355,50.58108428120613,0.442412406206131,3.0074e-07,0.2721891,5,False,0.0,11.823241299992468,2.661328124999997,2.218915718793866,0.442412406206131,8.27261,8.430181,-0.006169796,0.28434896,-0.12060833,flight,flight,True,0.31041717529296875,0.10910987854003906,-0.5007557,0.0,0.87992954,8.27261,8.250194,8.531921,8.53929,8.141534,8.119763,8.419073,8.430181,False,0.5789473684210527,phase boundary ambiguity,-0.442412406206131
FINAWorldChampionships2019_Men10mSynchronised_final_r1::11,test,official_test,source_test,FINAWorldChampionships2019_Men10mSynchronised_final,101b,2.0,53.4,8.9,0.22360679774997896,False,53.016849517822266,52.333431243896484,53.74530029296875,54.40834477543831,9.030044257640839,54.18026554584503,1.1634160280227661,5.2221217e-06,0.21261291,5,False,0.0,11.269562790807159,0.38315048217773295,0.7802655458450332,-0.3971150636673002,7.879928,9.030045,-0.009891748,0.009979248,1.150029,entry,entry,True,1.1753044128417969,1.1753044128417969,0.9997393,1.0,0.9999984,7.879928,7.8550158,7.8876576,7.85474,9.007235,9.015263,9.022363,9.030045,False,0.9102167182662538,predicted high judge disagreement,0.3971150636673002
FINAWorldChampionships2019_Men10mSynchronised_final_r2::0,test,official_test,source_test,FINAWorldChampionships2019_Men10mSynchronised_final,301b,2.0,46.2,7.7,0.2738612787525831,False,46.647674560546875,46.75773239135742,46.400075912475586,48.08070927858353,7.917695626616478,47.50617375969887,0.8584991991519928,2.500441e-07,0.3504928,5,False,0.0,12.550966030349935,0.44767456054687216,1.306173759698865,-0.8584991991519928,7.527112,7.9176955,0.045133192,0.0015157064,0.34393463,entry,entry,True,0.3184185028076172,0.05006074905395508,0.63663626,0.5,0.9870339,7.527112,7.563954,7.5530963,7.599277,7.893199,7.944012,7.867635,7.9176955,False,0.7120743034055728,routine automatic scoring,0.8584991991519928
FINAWorldChampionships2019_Men10mSynchronised_final_r2::5,test,official_test,source_test,FINAWorldChampionships2019_Men10mSynchronised_final,5132d,2.0,43.2,7.2,0.4472135954999579,False,44.91213798522949,45.23841190338135,46.423516273498535,45.86826914548874,7.643331453204155,45.85998871922493,0.9478507339954376,1.4651805e-05,1.0462832,5,False,0.0,19.01737750683135,1.7121379852294893,2.659988719224927,-0.9478507339954376,7.6025567,7.6433315,0.022128979,-0.07470616,0.093352,entry,flight,False,0.07526397705078125,0.07526397705078125,0.6325447,0.0,0.98168784,7.6025567,7.6225357,7.535047,7.5680676,7.7131057,7.7261252,7.6199436,7.6433315,False,0.8606811145510835,wide prediction interval; predicted high judge disagreement,0.9478507339954376
FINAWorldChampionships2019_Men10mSynchronised_final_r2::6,test,official_test,source_test,FINAWorldChampionships2019_Men10mSynchronised_final,301b,2.0,48.0,8.0,0.6123724356957945,False,54.27180862426758,53.43204116821289,52.30650329589844,55.96117401123047,9.234265446662903,55.40559267997742,1.1337840557098389,3.7703492e-06,0.15045908,5,False,0.0,10.691928744872966,6.271808624267578,7.405592679977417,-1.1337840557098389,8.191239,9.234265,-0.013083617,-0.01851813,1.0746278,entry,entry,True,1.1098384857177734,0.0018243789672851562,0.998028,1.0,0.99847245,8.191239,8.143284,8.148204,8.124427,9.226481,9.232441,9.216652,9.234265,False,0.8854489164086687,predicted high judge disagreement,1.1337840557098389
FINAWorldChampionships2019_Men10mSynchronised_final_r2::10,test,official_test,source_test,FINAWorldChampionships2019_Men10mSynchronised_final,5231d,2.0,54.0,9.0,0.0,False,53.36714172363281,52.64008140563965,54.00156211853027,54.903076171875,9.10746343433857,54.64478060603142,1.2776388823986053,2.263605e-05,0.6114221,5,False,0.0,14.975943766083287,0.6328582763671875,0.6447806060314178,-0.011922329664230347,7.926358,9.107464,0.01032861,0.1864794,0.9842976,entry,entry,True,0.887272834777832,0.887272834777832,0.99552554,1.0,0.99662375,7.926358,7.9439154,8.227727,8.220191,9.007991,9.035563,9.1040535,9.107464,False,0.9442724458204335,wide prediction interval; predicted high judge disagreement,0.011922329664230347
FINAWorldChampionships2019_Men10mSynchronised_final_r2::11,test,official_test,source_test,FINAWorldChampionships2019_Men10mSynchronised_final,401b,2.0,56.4,9.4,0.22360679774997896,False,50.31463050842285,49.967857360839844,49.22651481628418,51.597824692726135,8.527347654104233,51.1640859246254,0.8494554162025452,4.1574705e-07,0.29541087,5,False,0.0,12.039055506626395,6.085369491577147,5.235914075374602,0.8494554162025452,7.7522783,8.527348,0.037688572,0.05654939,0.68083125,entry,entry,True,0.6994752883911133,0.6994752883911133,0.9995329,1.0,0.9988548,7.7522783,7.788869,7.8113165,7.8278723,8.415003,8.47275,8.488024,8.527348,False,0.826625386996904,predicted high judge disagreement,-0.8494554162025452
FINAWorldChampionships2019_Men10mSynchronised_final_r3::0,test,official_test,source_test,FINAWorldChampionships2019_Men10mSynchronised_final,5253b,3.2,67.2,6.999999999999999,0.4183300132670378,False,75.43950347900392,75.51552886962892,74.29655914306642,75.71775512695314,7.876120485365391,75.61075665950776,0.17125318050383953,1.1807442e-07,0.3312897,5,False,0.0,12.37249976046511,8.239503479003915,8.410756659507754,-0.17125318050383953,7.5773873,7.8761206,0.07072806,0.2756939,-0.047688723,flight,flight,True,0.2841353416442871,0.040154457092285156,0.47290942,0.5,-0.4882152,7.5773873,7.647479,7.846637,7.916275,7.5241613,7.591985,7.802759,7.8761206,False,0.5510835913312694,routine automatic scoring,0.17125318050383953
FINAWorldChampionships2019_Men10mSynchronised_final_r3::2,test,official_test,source_test,FINAWorldChampionships2019_Men10mSynchronised_final,107b,3.1,66.6,7.161290322580644,0.5477225575051662,False,56.056922149658206,58.251580810546876,57.06432695388794,59.02619814276696,6.299678057432175,58.587005934119226,2.53008378446102,2.3212458e-07,0.4075304,5,False,0.0,13.081051696886004,10.543077850341788,8.012994065880768,2.53008378446102,6.5126414,6.299678,0.07869204,0.0018354257,-0.29349104,entry,entry,True,0.26496124267578125,0.11163711547851562,0.94498724,1.0,0.68384147,6.5126414,6.5597224,6.477218,6.564639,6.1919546,6.2592497,6.1880407,6.299678,False,0.7306501547987616,routine automatic scoring,-2.53008378446102
FINAWorldChampionships2019_Men10mSynchronised_final_r3::3,test,official_test,source_test,FINAWorldChampionships2019_Men10mSynchronised_final,5253b,3.2,69.12,7.199999999999999,0.4472135954999579,False,71.69477691650391,72.23732757568361,70.31146545410158,69.66075911521912,7.332866013050079,70.39551372528078,1.2992631912231332,8.2062215e-08,0.336161,5,False,0.0,12.417771573118634,2.5747769165039074,1.2755137252807742,1.2992631912231332,7.503149,7.332866,-0.087660156,0.13398163,-0.2166043,entry,entry,True,0.5016517639160156,0.20534229278564453,0.36274973,0.0,0.9889981,7.503149,7.4850464,7.8760653,7.834518,7.5234675,7.485944,7.5382085,7.332866,False,0.5882352941176471,routine automatic scoring,-1.2992631912231332
FINAWorldChampionships2019_Men10mSynchronised_final_r4::0,test,official_test,source_test,FINAWorldChampionships2019_Men10mSynchronised_final,407c,3.2,76.8,7.999999999999998,0.0,False,80.13496398925783,79.6260223388672,77.18135375976564,80.63762272596361,8.39227195456624,80.56581076383591,0.43084677457808596,7.520679e-08,0.34794578,5,False,0.0,12.52729494326912,3.3349639892578296,3.7658107638359155,-0.43084677457808596,8.539452,8.392272,-0.04190572,-0.0019467672,-0.10332712,entry,entry,True,0.11737442016601562,0.11737442016601562,-0.12003031,0.0,-0.89636165,8.539452,8.5072365,8.556267,8.509646,8.450125,8.413028,8.443915,8.392272,False,0.44272445820433437,phase boundary ambiguity,0.43084677457808596
FINAWorldChampionships2019_Men10mSynchronised_final_r4::2,test,official_test,source_test,FINAWorldChampionships2019_Men10mSynchronised_final,407c,3.2,58.56,6.1,0.651920240520265,False,60.92449951171876,62.808819580078136,61.60870056152345,62.96720352172853,6.513407111167908,62.528708267211925,1.6042087554931683,2.2104727e-07,0.4796551,5,False,0.0,13.751351107837326,2.364499511718755,3.968708267211923,-1.6042087554931683,6.614725,6.513407,0.03849554,-0.0535748,-0.08623862,entry,entry,True,0.12152290344238281,0.07945680618286133,0.5227809,0.5,0.9272029,6.614725,6.645107,6.5892143,6.63493,6.565953,6.592864,6.464616,6.513407,False,0.628482972136223,routine automatic scoring,1.6042087554931683
FINAWorldChampionships2019_Men10mSynchronised_final_r4::5,test,official_test,source_test,FINAWorldChampionships2019_Men10mSynchronised_final,307c,3.4,74.46,7.3,0.44721359549995787,False,66.74566440582275,68.49692659378051,67.90543270111084,68.7839957177639,6.718413844704628,68.5278212159872,1.7821568101644516,7.887459e-07,0.5189201,5,False,0.0,14.116265410542185,7.714335594177243,5.932178784012791,1.7821568101644516,7.043718,6.718414,-0.1784424,-0.02461044,-0.12225119,takeoff,takeoff,True,0.18130779266357422,0.02345752716064453,0.7647945,0.5,0.90357834,7.043718,6.874641,7.0244546,6.8204713,6.907773,6.7418714,6.8997216,6.718414,False,0.6501547987616099,wide prediction interval,-1.7821568101644516
FINAWorldChampionships2019_Men10mSynchronised_final_r4::6,test,official_test,source_test,FINAWorldChampionships2019_Men10mSynchronised_final,207c,3.3,66.33,6.700000000000001,0.6708203932499369,False,64.44412579536437,66.18604073524475,64.86040077209472,66.49826585054397,6.673284620046616,66.06551773846148,1.6213919430971089,3.150868e-07,0.37939087,5,False,0.0,12.819533602153381,1.885874204635627,0.26448226153851806,1.6213919430971089,6.753677,6.6732845,0.10030111,0.1085914,-0.28928486,entry,entry,True,0.3174934387207031,0.06638288497924805,0.9736588,1.0,0.9859196,6.753677,6.8663745,6.914506,6.990778,6.5026298,6.6069016,6.5753508,6.6732845,False,0.6408668730650154,routine automatic scoring,-1.6213919430971089
FINAWorldChampionships2019_Men10mSynchronised_final_r4::7,test,official_test,source_test,FINAWorldChampionships2019_Men10mSynchronised_final,207b,3.6,72.36,6.699999999999999,0.758287544405155,False,62.918979263305665,65.73912506103517,62.9866533279419,65.88482372760774,6.069823056459427,65.55408900976181,2.635109746456145,8.045205e-06,0.52511084,5,False,0.0,14.173799579723942,9.441020736694334,6.805910990238189,2.635109746456145,6.4025545,6.0698233,-0.16538882,-0.15663815,-0.010704279,takeoff,takeoff,True,0.1545886993408203,0.004874706268310547,0.8705054,0.5,0.69647026,6.4025545,6.222158,6.1970096,6.0649486,6.3720636,6.181762,6.224412,6.0698233,False,0.7337461300309598,wide prediction interval,-2.635109746456145
FINAWorldChampionships2019_Men10mSynchronised_final_r5::8,test,official_test,source_test,FINAWorldChampionships2019_Men10mSynchronised_final,307c,3.4,58.14,5.7,1.3038404810405297,False,62.85302438735962,65.08923540115356,62.16588506698608,66.20997523069381,6.391307100653648,65.1913324266672,2.3383080393075844,7.085961e-07,0.29686174,5,False,0.0,12.052539307201554,4.713024387359617,7.0513324266672015,-2.3383080393075844,6.797783,6.391307,0.036232393,0.030989805,-0.47369823,entry,entry,True,0.4733848571777344,0.014050483703613281,0.9426316,1.0,-0.18982933,6.797783,6.8472805,6.8300347,6.8646917,6.3148546,6.370496,6.3772564,6.391307,False,0.7275541795665634,routine automatic scoring,2.3383080393075844
FINAWorldChampionships2019_Men10mSynchronised_final_r6::3,test,official_test,source_test,FINAWorldChampionships2019_Men10mSynchronised_final,5255b,3.6,86.4,8.0,0.0,False,90.31315841674805,89.72050437927247,89.91470489501954,90.66523673236371,8.38762878626585,90.58639089167119,0.27323247492313385,1.1445488e-06,0.28618264,5,False,0.0,11.953291854417275,3.913158416748047,4.186390891671181,-0.27323247492313385,8.4086685,8.387629,-0.16291444,-0.06689612,0.20877059,entry,entry,True,0.22851943969726562,0.0741872787475586,0.80434173,0.5,0.9961089,8.4086685,8.252184,8.346171,8.159109,8.594798,8.461816,8.559865,8.387629,False,0.21052631578947367,routine automatic scoring,0.27323247492313385
FINAWorldChampionships2019_Men10mSynchronised_final_r6::4,test,official_test,source_test,FINAWorldChampionships2019_Men10mSynchronised_final,5253b,3.2,71.04,7.3999999999999995,0.22360679774997896,False,68.30412139892579,69.26908264160157,67.60988159179689,70.10149927139284,7.182359725236893,68.95065336227418,0.6465319633483944,1.9484665e-07,0.15079483,5,False,0.0,10.695049105107127,2.7358786010742193,2.089346637725825,0.6465319633483944,7.144951,7.1823597,0.0037446816,0.23899205,-0.20532791,flight,flight,True,0.35301876068115234,0.09985923767089844,0.66120386,1.0,0.99367297,7.144951,7.1489005,7.2712274,7.282219,6.8354654,6.829341,7.177509,7.1823597,False,0.47368421052631576,routine automatic scoring,-0.6465319633483944
FINAWorldChampionships2019_Men10mSynchronised_final_r6::6,test,official_test,source_test,FINAWorldChampionships2019_Men10mSynchronised_final,5253b,3.2,71.04,7.3999999999999995,0.4183300132670378,False,65.91953430175782,67.18157043457032,67.4370071411133,67.14721126556397,6.953223079442978,66.7509415626526,0.8314072608947782,1.5763652e-07,0.4966867,5,False,0.0,13.909636407746845,5.120465698242185,4.289058437347407,0.8314072608947782,7.0104327,6.953223,-0.011475007,0.18934639,-0.23508088,entry,entry,True,0.2857480049133301,0.10761070251464844,0.9757088,1.0,0.9957554,7.0104327,7.032733,7.2805486,7.238971,6.8250527,6.8456125,6.9994397,6.953223,False,0.5325077399380805,wide prediction interval,-0.8314072608947782
FINAWorldChampionships2019_Men10mSynchronised_final_r6::9,test,official_test,source_test,FINAWorldChampionships2019_Men10mSynchronised_final,5255b,3.6,88.56,8.2,0.27386127875258304,False,86.42074356079102,86.31300888061524,86.78837013244629,86.42204598784447,8.003130957484245,86.43381434082985,0.013070780038830776,1.0886558e-06,0.34598964,5,False,0.0,12.509115368913559,2.139256439208978,2.1261856591701473,0.013070780038830776,8.413474,8.003131,-0.19880724,-0.08412838,-0.12740755,takeoff,takeoff,True,0.2297821044921875,0.11053276062011719,0.34201804,0.0,0.3503519,8.413474,8.246277,8.356385,8.13452,8.290683,8.113664,8.232913,8.003131,False,0.2848297213622291,phase boundary ambiguity,-0.013070780038830776
FINAWorldChampionships2019_Men10m_final_r1::0,test,official_test,source_fit,FINAWorldChampionships2019_Men10m_final,107b,3.0,81.0,9.0,0.0,False,69.03969955444336,69.32087230682373,70.32117319107056,69.30034395307302,7.692869089543819,69.23582180589437,0.19612225145101547,1.3290833e-07,0.24104622,5,False,0.0,11.533811131501814,11.96030044555664,11.764178194105625,0.19612225145101547,7.9193196,7.692869,0.105780125,-0.059070587,-0.27315998,entry,entry,True,0.26179981231689453,0.028472900390625,0.57394475,0.5,0.90870035,7.9193196,8.006701,7.827158,7.954669,7.632306,7.721342,7.571184,7.692869,False,0.32507739938080493,routine automatic scoring,-0.19612225145101547
FINAWorldChampionships2019_Men10m_final_r1::2,test,official_test,source_fit,FINAWorldChampionships2019_Men10m_final,407c,3.2,76.8,7.999999999999998,0.0,False,84.37146606445313,83.33474121093751,86.72404174804689,86.15285224914552,8.93268059194088,85.75373368263246,1.382267618179327,5.5079244e-07,0.35233918,5,False,0.0,12.568125518894874,7.5714660644531335,8.95373368263246,-1.382267618179327,8.71957,8.93268,-0.007551829,0.010156472,0.21050532,entry,entry,True,0.22209453582763672,0.02035999298095703,0.3918694,0.5,0.9750877,8.71957,8.701433,8.71795,8.710586,8.916913,8.91232,8.93122,8.93268,False,0.6965944272445821,routine automatic scoring,1.382267618179327
FINAWorldChampionships2019_Men10m_final_r1::3,test,official_test,source_fit,FINAWorldChampionships2019_Men10m_final,407c,3.2,81.6,8.499999999999998,0.0,False,71.92653808593751,72.44021301269532,71.96192779541016,72.6712115764618,7.541968479752541,72.4028974056244,0.4763593196868925,4.879914e-08,0.23668477,5,False,0.0,11.493277469258892,9.673461914062486,9.197102594375593,0.4763593196868925,7.5448146,7.5419683,0.06601683,-0.07847675,0.009613673,flight,flight,True,0.10498189926147461,0.018304824829101562,-0.039600763,0.0,-0.7643313,7.5448146,7.68929,7.528434,7.560273,7.6179376,7.6469502,7.5188193,7.5419683,False,0.38699690402476783,phase boundary ambiguity,-0.4763593196868925
FINAWorldChampionships2019_Men10m_final_r2::5,test,official_test,source_fit,FINAWorldChampionships2019_Men10m_final,305c,2.8,74.2,8.833333333333336,0.2886751345948129,False,66.32737255096434,66.35430107116699,66.41619300842284,66.65398631393909,7.931008875370026,66.62047455310821,0.2931020021438684,2.9829303e-07,0.45647335,5,False,0.0,13.535908873846259,7.872627449035662,7.579525446891793,0.2931020021438684,7.814571,7.931009,0.03133901,0.047888596,0.037210304,flight,entry,False,0.027009010314941406,0.013780593872070312,0.5787908,0.5,-0.37286088,7.814571,7.872828,7.946717,7.96535,7.9326925,7.958018,7.917228,7.931009,False,0.11764705882352941,routine automatic scoring,-0.2931020021438684
FINAWorldChampionships2019_Men10m_final_r3::0,test,official_test,source_fit,FINAWorldChampionships2019_Men10m_final,207c,3.3,84.15,8.500000000000002,0.0,False,79.4468542098999,79.3197166442871,79.18578600883482,80.35209464281796,8.061298437416553,79.80685453042386,0.3600003205239659,3.3090103e-07,0.37121797,5,False,0.0,12.743577785578196,4.703145790100109,4.343145469576143,0.3600003205239659,7.484928,8.061298,0.06179897,0.06609575,0.4484755,entry,entry,True,0.41689205169677734,0.04395580291748047,0.96322083,1.0,0.99927986,7.484928,7.5664797,7.6039877,7.6444063,7.9668965,8.046257,8.017343,8.061298,False,0.7089783281733746,routine automatic scoring,-0.3600003205239659
FINAWorldChampionships2019_Men10m_final_r3::4,test,official_test,source_fit,FINAWorldChampionships2019_Men10m_final,107b,3.0,75.0,8.333333333333334,0.2886751345948129,False,78.03652381896973,77.19685935974121,79.21915054321289,78.97158037126064,8.739815324544907,78.65833792090416,0.621814101934433,4.4786353e-07,0.19691111,5,False,0.0,11.12363623348672,3.0365238189697266,3.6583379209041595,-0.621814101934433,8.426349,8.739816,0.04014762,0.030372938,0.24294646,entry,entry,True,0.2530984878540039,0.2530984878540039,0.87982297,1.0,0.97366387,8.426349,8.461573,8.445435,8.486717,8.659467,8.697832,8.694421,8.739816,False,0.4458204334365325,routine automatic scoring,0.621814101934433
FINAWorldChampionships2019_Men10m_final_r3::6,test,official_test,source_fit,FINAWorldChampionships2019_Men10m_final,407c,3.2,76.8,7.999999999999998,0.0,False,76.31108551025392,76.27852935791017,75.43600616455079,77.18322000503541,8.01392536610365,76.93368351459505,0.6225980043411283,5.077866e-08,0.48107943,5,False,0.0,13.764588403831587,0.48891448974607954,0.1336835145950488,0.35523097515103075,8.081368,8.013926,0.08033911,0.00076715153,-0.14854915,entry,entry,True,0.15021610260009766,0.0006103515625,0.83775353,1.0,0.98779595,8.081368,8.163785,8.081535,8.164142,7.9325085,8.014536,7.9376416,8.013926,False,0.5170278637770898,routine automatic scoring,-0.35523097515103075
FINAWorldChampionships2019_Men10m_final_r4::0,test,official_test,source_fit,FINAWorldChampionships2019_Men10m_final,307c,3.4,68.0,6.666666666666667,0.28867513459481287,False,69.69352798461914,71.07754383087158,65.84373264312744,71.2437675833702,6.914605922996998,70.52898041456938,0.8354524299502373,2.1193888e-07,0.3749801,5,False,0.0,12.778541552178563,1.6935279846191378,2.528980414569375,-0.8354524299502373,7.1874113,6.914606,0.061980646,-0.0021861393,-0.33259973,entry,entry,True,0.3405189514160156,0.014644622802734375,0.93473256,1.0,0.92246914,7.1874113,7.257692,7.1923594,7.255125,6.8574066,6.9292507,6.8662496,6.914606,False,0.6811145510835913,routine automatic scoring,0.8354524299502373
FINAWorldChampionships2019_Men10m_final_r4::6,test,official_test,source_fit,FINAWorldChampionships2019_Men10m_final,307c,3.4,76.5,7.500000000000001,0.0,False,72.95771942138671,73.93507804870605,71.01641635894775,74.05933806896209,7.194085501134396,73.37967211157083,0.4219526901841135,2.3027462e-07,0.16338731,5,False,0.0,10.812078816717419,3.542280578613287,3.1203278884291734,0.4219526901841135,6.9854546,7.1940856,0.14804332,-0.39941868,0.4600064,entry,entry,True,0.4863567352294922,0.4863567352294922,0.13674638,0.0,0.6517374,6.9854546,7.1175933,6.3959413,6.707729,7.358358,7.4641623,7.0908904,7.1940856,False,0.4582043343653251,phase boundary ambiguity,-0.4219526901841135
FINAWorldChampionships2019_Men10m_final_r4::9,test,official_test,source_fit,FINAWorldChampionships2019_Men10m_final,626b,3.5,84.0,8.0,0.0,False,76.63973307609558,77.4544529914856,77.95988345146179,76.96605969965458,7.299898259341717,76.64893172308803,0.009198646992444992,1.6723288e-05,0.36712185,5,False,0.0,12.70551000005858,7.360266923904419,7.351068276911974,0.009198646992444992,8.420989,7.299898,-0.21238644,-0.36862478,-0.54007965,entry,entry,True,0.5135397911071777,0.20691823959350586,0.9406632,1.0,0.9660659,8.420989,8.237135,8.0755205,7.813438,7.88837,7.6576786,7.5068164,7.299898,False,0.6965944272445821,routine automatic scoring,-0.009198646992444992
FINAWorldChampionships2019_Men10m_final_r4::11,test,official_test,source_fit,FINAWorldChampionships2019_Men10m_final,626b,3.5,96.25,9.166666666666666,0.2886751345948129,False,92.95464420318604,91.73683261871338,96.22713232040405,95.34019258618355,9.048918008804321,95.01363909244537,2.0589948892593384,2.8402226e-06,0.252198,5,False,0.0,11.637451628283438,3.295355796813965,1.2363609075546265,2.0589948892593384,8.808974,9.048918,-0.15504949,-0.01686255,0.41185555,entry,entry,True,0.4440650939941406,0.4440650939941406,0.9929366,1.0,0.99271214,8.808974,8.629903,8.766274,8.604853,9.191885,9.036678,9.176681,9.048918,False,0.7120743034055728,routine automatic scoring,-2.0589948892593384
FINAWorldChampionships2019_Men10m_final_r5::1,test,official_test,source_fit,FINAWorldChampionships2019_Men10m_final,307c,3.4,71.4,7.000000000000001,0.0,False,66.90237894058227,68.63411808013916,67.24083681106566,69.55907660722733,6.763284385204315,68.98550072908401,2.0831217885017423,8.823099e-07,0.4871919,5,False,0.0,13.821395246013973,4.497621059417739,2.4144992709159965,2.0831217885017423,6.96505,6.763284,-0.004293283,-0.07109531,-0.12637742,entry,entry,True,0.23368310928344727,0.05316352844238281,0.41761494,0.5,0.9375119,6.96505,6.996121,7.0208178,6.9969673,6.932472,6.9747486,6.8164477,6.763284,False,0.6934984520123839,routine automatic scoring,-2.0831217885017423
FINAWorldChampionships2019_Men10m_final_r6::1,test,official_test,source_fit,FINAWorldChampionships2019_Men10m_final,5253b,3.2,81.6,8.499999999999998,0.0,False,75.86696777343751,75.88974151611329,74.02235870361329,76.73302845954896,7.915403053164482,75.98786931037904,0.12090153694153116,1.0751589e-07,0.21470873,5,False,0.0,11.289040530298305,5.733032226562486,5.612130689620955,0.12090153694153116,8.036467,7.915403,-0.007740418,-0.04548685,-0.06783644,entry,entry,True,0.0847783088684082,0.029047489166259766,0.3109842,0.5,-0.37876767,8.036467,8.045062,8.006757,8.000181,7.980601,7.981638,7.9444504,7.915403,False,0.14241486068111456,phase boundary ambiguity,-0.12090153694153116
FINAWorldChampionships2019_Men3mSynchronised_final_r1::2,test,official_test,source_fit,FINAWorldChampionships2019_Men3mSynchronised_final,201b,2.0,46.2,7.7,0.4472135954999579,False,49.367454528808594,49.138675689697266,48.24632263183594,48.83298423886299,8.157277576625347,48.94366545975208,0.4237890690565109,1.4637182e-07,0.27297938,5,False,0.0,11.830585751646053,3.167454528808591,2.74366545975208,0.4237890690565109,8.194311,8.157277,-0.05341212,0.011205991,0.005172094,takeoff,takeoff,True,0.08185386657714844,0.014857292175292969,0.2302793,0.0,0.08311655,8.194311,8.168852,8.2310915,8.156898,8.203787,8.172134,8.239131,8.157277,False,0.34674922600619196,phase boundary ambiguity,-0.4237890690565109
FINAWorldChampionships2019_Men3mSynchronised_final_r1::9,test,official_test,source_fit,FINAWorldChampionships2019_Men3mSynchronised_final,103b,2.0,50.4,8.4,0.4183300132670378,False,49.9921989440918,49.68558883666992,49.315704345703125,48.955016165971756,8.215001367032528,49.29000820219517,0.7021907418966293,2.5389002e-06,0.5123248,5,False,0.0,14.054971077101689,0.4078010559082017,1.109991797804831,-0.7021907418966293,7.394184,8.215001,0.16657996,0.2761712,0.37806582,entry,entry,True,0.32425832748413086,0.19594478607177734,0.057005372,0.0,0.9928436,7.394184,7.6261067,7.7543488,7.890743,7.8298244,8.019056,8.109997,8.215001,False,0.7275541795665634,wide prediction interval; phase boundary ambiguity,0.7021907418966293
FINAWorldChampionships2019_Men3mSynchronised_final_r2::3,test,official_test,source_fit,FINAWorldChampionships2019_Men3mSynchronised_final,301b,2.0,46.8,7.8,0.2738612787525831,False,46.475998878479004,46.60744571685791,46.1628942489624,46.790039733052254,7.791293989866972,46.74776393920183,0.2717650607228279,1.6987795e-07,0.646593,5,False,0.0,15.302808286412079,0.32400112152099325,0.05223606079816534,0.2717650607228279,7.915992,7.791294,0.09450396,-0.023307482,-0.19589417,entry,entry,True,0.19084978103637695,0.09869146347045898,0.3705858,0.5,0.98253065,7.915992,8.003178,7.893447,7.982144,7.7119226,7.818495,7.6926026,7.791294,False,0.7337461300309598,wide prediction interval,-0.2717650607228279
FINAWorldChampionships2019_Men3mSynchronised_final_r2::6,test,official_test,source_fit,FINAWorldChampionships2019_Men3mSynchronised_final,401b,2.0,49.2,8.200000000000001,0.27386127875258304,False,50.17808532714844,49.848323822021484,48.075016021728516,50.083512380719185,8.346817098557949,50.080902591347694,0.0971827358007431,3.0459825e-07,0.21076864,5,False,0.0,11.252422828748683,0.9780853271484347,0.8809025913476916,0.0971827358007431,8.221027,8.346817,0.008716266,-0.09174045,0.20881383,entry,entry,True,0.21864795684814453,0.012760162353515625,0.9921149,1.0,0.93764883,8.221027,8.251874,8.1419115,8.128169,8.420661,8.450528,8.359577,8.346817,False,0.2260061919504644,routine automatic scoring,-0.0971827358007431
FINAWorldChampionships2019_Men3mSynchronised_final_r3::3,test,official_test,source_fit,FINAWorldChampionships2019_Men3mSynchronised_final,5154b,3.4,76.5,7.500000000000001,0.3535533905932738,False,73.99705181121826,74.84492797851561,75.55064678192139,74.83575147092341,7.3686951249837875,75.16069027483462,1.1636384636163655,9.2990706e-07,0.45920664,5,False,0.0,13.561311032422148,2.502948188781744,1.3393097251653785,1.1636384636163655,6.9071374,7.3686953,0.21002643,0.093855776,0.15767567,takeoff,takeoff,True,0.17675209045410156,0.17675209045410156,0.8969042,0.5,0.8563608,6.9071374,7.1511354,7.0218096,7.2283587,7.0828495,7.2949586,7.191943,7.3686953,False,0.544891640866873,routine automatic scoring,-1.1636384636163655
FINAWorldChampionships2019_Men3mSynchronised_final_r3::10,test,official_test,source_fit,FINAWorldChampionships2019_Men3mSynchronised_final,205b,3.0,67.5,7.5,0.6123724356957945,False,64.71535634994507,65.53526258468628,64.72314548492432,64.20540726184845,7.133668772876263,64.20301895588636,0.5123373940587044,1.8040186e-07,0.16275938,5,False,0.0,10.80624302849322,2.7846436500549316,3.296981044113636,-0.5123373940587044,6.8522263,7.133669,0.0056495667,0.055894375,0.2198987,entry,entry,True,0.22226476669311523,0.22226476669311523,0.53087795,0.5,-0.9286272,6.8522263,6.854529,6.903533,6.911404,7.070663,7.072283,7.1237683,7.133669,False,0.4117647058823529,routine automatic scoring,0.5123373940587044
FINAWorldChampionships2019_Men3mSynchronised_final_r4::4,test,official_test,source_fit,FINAWorldChampionships2019_Men3mSynchronised_final,307c,3.5,71.4,6.800000000000001,0.6708203932499369,False,73.97333192825317,75.12023735046387,76.17155814170837,74.47489941492677,7.136518016457558,74.93343917280436,0.9601072445511818,4.760783e-07,0.065929145,5,False,0.0,9.906339695378202,2.573331928253168,3.53343917280435,-0.9601072445511818,8.019963,7.136518,-0.047902346,-0.7373214,-0.09822154,flight,flight,True,0.5870451927185059,0.5870451927185059,0.56465685,0.5,0.8166742,8.019963,7.9691644,7.1369367,7.094325,7.785898,7.723563,7.176953,7.136518,False,0.6718266253869969,routine automatic scoring,0.9601072445511818
FINAWorldChampionships2019_Men3mSynchronised_final_r4::6,test,official_test,source_fit,FINAWorldChampionships2019_Men3mSynchronised_final,5337d,3.5,70.35,6.699999999999999,0.4472135954999579,False,73.7116870880127,74.89118671417236,73.9625973701477,75.05503595620394,7.146646037697792,75.03978339582682,1.3280963078141212,6.459334e-06,0.32980302,5,False,0.0,12.358683040220019,3.361687088012701,4.689783395826822,-1.3280963078141212,7.6237397,7.146646,0.13669117,0.1175371,-0.731322,entry,entry,True,0.6817631721496582,0.14041709899902344,0.982754,1.0,0.949468,7.6237397,7.746195,7.7270675,7.828409,6.832349,7.0254097,7.006229,7.146646,False,0.826625386996904,predicted high judge disagreement,1.3280963078141212
FINAWorldChampionships2019_Men3mSynchronised_final_r4::10,test,official_test,source_fit,FINAWorldChampionships2019_Men3mSynchronised_final,305b,3.0,71.1,7.8999999999999995,0.4183300132670378,False,63.46570873260498,64.44129467010498,63.177120208740234,63.8074414730072,7.0821109637618065,63.73899867385626,0.2732899412512779,5.6876615e-07,0.33784652,5,False,0.0,12.433436246806147,7.634291267395014,7.361001326143736,0.2732899412512779,7.3904085,7.082111,0.0061152778,-0.106645025,-0.20776789,entry,entry,True,0.1993556022644043,0.11052179336547852,0.50589204,0.5,0.9167853,7.3904085,7.404031,7.2880726,7.2814665,7.1746607,7.1926327,7.0830703,7.082111,False,0.4179566563467492,routine automatic scoring,-0.2732899412512779
FINAWorldChampionships2019_Men3mSynchronised_final_r4::11,test,official_test,source_fit,FINAWorldChampionships2019_Men3mSynchronised_final,5154b,3.4,82.62,8.100000000000001,0.651920240520265,False,76.23200311660766,76.80144481658935,73.16111612319946,76.00000337362289,7.424296073615551,75.72781995087861,0.5041831657290459,1.05936024e-07,0.15794703,5,False,0.0,10.761518926860742,6.387996883392347,6.892180049121393,-0.5041831657290459,7.099909,7.424296,0.061395485,0.05033191,0.21265967,entry,entry,True,0.19620180130004883,0.19620180130004883,0.72319424,0.5,0.9347035,7.099909,7.1782994,7.158625,7.228094,7.3278675,7.3835073,7.3810544,7.424296,False,0.4086687306501548,routine automatic scoring,0.5041831657290459
FINAWorldChampionships2019_Men3mSynchronised_final_r5::3,test,official_test,source_fit,FINAWorldChampionships2019_Men3mSynchronised_final,407c,3.4,77.52,7.6000000000000005,0.651920240520265,False,74.57500991821288,75.35088329315185,72.13385553359984,74.53326011449099,7.312910586595535,74.59168798327445,0.016678065061569214,6.6982174e-08,0.56710386,5,False,0.0,14.564066740088515,2.944990081787111,2.928312016725542,0.016678065061569214,7.162004,7.3129106,-0.107454695,-0.031205812,0.28956708,entry,entry,True,0.2907242774963379,0.2907242774963379,0.39899337,0.0,0.095658034,7.162004,7.0644155,7.144516,7.0221863,7.4516897,7.3565583,7.4289556,7.3129106,False,0.7678018575851393,wide prediction interval,-0.016678065061569214
FINAWorldChampionships2019_Men3mSynchronised_final_r5::5,test,official_test,source_fit,FINAWorldChampionships2019_Men3mSynchronised_final,407c,3.4,74.46,7.3,0.5700877125495689,False,82.3970890045166,82.19847335815429,82.90842361450194,80.90590477287769,7.973758198320866,81.33233362287282,1.0647553816437778,2.3414691e-07,0.264325,5,False,0.0,11.750155184498956,7.937089004516608,6.87233362287283,1.0647553816437778,7.984547,7.973758,-0.10595735,0.025108734,0.070059694,takeoff,entry,False,0.08470582962036133,0.06238412857055664,0.45820314,0.5,-0.01715802,7.984547,7.860271,7.975313,7.88657,8.040411,7.911374,8.058464,7.973758,False,0.5634674922600619,routine automatic scoring,-1.0647553816437778
FINAWorldChampionships2019_Men3mSynchronised_final_r6::0,test,official_test,source_fit,FINAWorldChampionships2019_Men3mSynchronised_final,307c,3.5,76.65,7.300000000000001,0.4472135954999579,False,87.96262407302856,87.36672592163086,89.0262565612793,86.1397420540452,8.266627050936222,86.79958403483033,1.1630400381982327,1.82247e-07,0.38142374,5,False,0.0,12.838426377964911,11.312624073028559,10.149584034830326,1.1630400381982327,8.204967,8.266627,-0.035549957,0.110901035,-0.013690312,flight,flight,True,0.08490943908691406,0.02875804901123047,0.6373532,0.5,-0.9104449,8.204967,8.16096,8.340195,8.305126,8.21442,8.181718,8.295385,8.266627,False,0.5634674922600619,routine automatic scoring,-1.1630400381982327
FINAWorldChampionships2019_Men3mSynchronised_final_r6::7,test,official_test,source_fit,FINAWorldChampionships2019_Men3mSynchronised_final,109c,3.8,58.14,5.1000000000000005,1.2942179105544784,False,79.56298742294311,80.90174617767333,80.3172245979309,80.73816326111555,7.079862706363201,80.71043485254049,1.1474474295973778,7.3011626e-07,0.23815595,5,False,0.0,11.506950025869873,21.42298742294311,22.570434852540487,-1.1474474295973778,7.268917,7.0798626,0.01294446,-0.17905521,-0.022943735,flight,flight,True,0.12235879898071289,0.12235879898071289,-0.14175488,0.0,0.6554619,7.268917,7.3148966,7.047945,7.0153956,7.173342,7.2022214,7.0851736,7.0798626,False,0.5789473684210527,phase boundary ambiguity,1.1474474295973778
FINAWorldChampionships2019_Men3m_final_r1::0,test,official_test,source_validation,FINAWorldChampionships2019_Men3m_final,5154b,3.4,78.2,7.666666666666668,0.28867513459481287,False,75.40579004287719,76.07816305160522,73.37196893692015,75.45075698196888,7.377909116446972,75.25467298775911,0.15111705511807827,1.5030675e-07,0.2627475,5,False,0.0,11.735494532278587,2.794209957122817,2.945327012240895,-0.15111705511807827,7.3670716,7.377909,0.09687853,-0.30314302,0.21710205,flight,entry,False,0.23034238815307617,0.2672915458679199,-0.258521,0.5,0.94102097,7.3670716,7.4593935,6.981966,7.1106176,7.524822,7.6082516,7.285636,7.377909,False,0.39628482972136225,phase boundary ambiguity,0.15111705511807827
FINAWorldChampionships2019_Men3m_final_r1::3,test,official_test,source_validation,FINAWorldChampionships2019_Men3m_final,205b,3.0,69.0,7.666666666666667,0.28867513459481287,False,56.41368770599365,58.267823696136475,59.354483127593994,58.11872197687626,6.498578608036041,58.48720747232437,2.073519766330719,1.8761967e-06,0.40566218,5,False,0.0,13.06368918827612,12.586312294006348,10.512792527675629,2.073519766330719,6.4311814,6.4985785,0.15654771,0.08267132,-0.1718219,entry,entry,True,0.1852273941040039,0.09164142608642578,0.67860067,0.5,0.789148,6.4311814,6.581748,6.509814,6.683806,6.277696,6.406937,6.3311186,6.4985785,False,0.7058823529411765,routine automatic scoring,-2.073519766330719
FINAWorldChampionships2019_Men3m_final_r1::9,test,official_test,source_validation,FINAWorldChampionships2019_Men3m_final,5154b,3.4,88.4,8.666666666666668,0.2886751345948129,False,76.82621583938598,77.32163143157959,73.90020990371704,76.55092167556285,7.481135778129101,76.30758493691683,0.5186309024691553,1.5192738e-07,0.19475925,5,False,0.0,11.103637649204135,11.573784160614025,12.09241506308318,-0.5186309024691553,7.36625,7.481136,-0.018735012,-0.1365021,0.27012292,entry,entry,True,0.29356813430786133,0.29356813430786133,0.6258876,0.5,0.97051126,7.36625,7.3419127,7.2079062,7.1875677,7.613581,7.595143,7.493615,7.481136,False,0.4024767801857585,routine automatic scoring,0.5186309024691553
FINAWorldChampionships2019_Men3m_final_r1::10,test,official_test,source_validation,FINAWorldChampionships2019_Men3m_final,407c,3.4,81.6,8.0,0.0,False,81.14405364990233,81.10154943466186,82.98914222717285,81.27276034355162,7.982545085251331,81.42195986956358,0.2779062196612472,6.113921e-08,0.4992426,5,False,0.0,13.933390032316547,0.45594635009766193,0.17804013043641476,0.2779062196612472,7.982633,7.982545,0.091878094,-0.0045412383,-0.087425075,takeoff,entry,False,0.07943105697631836,0.07943105697631836,0.90168893,0.0,0.806431,7.982633,8.087784,7.9961762,8.072121,7.8981843,8.004345,7.903114,7.982545,False,0.2848297213622291,wide prediction interval,-0.2779062196612472
FINAWorldChampionships2019_Men3m_final_r2::1,test,official_test,source_validation,FINAWorldChampionships2019_Men3m_final,407c,3.4,76.5,7.500000000000001,0.0,False,62.01385917663574,64.35461626052856,61.758819293975826,63.9864078104496,6.257252901792526,63.82397959828376,1.8101204216480227,3.820797e-07,0.4858397,5,False,0.0,13.808828497874043,14.48614082336426,12.676020401716237,1.8101204216480227,6.5105963,6.2572527,0.062222797,-0.12084786,-0.19471852,entry,entry,True,0.2023911476135254,0.1562962532043457,0.79109746,1.0,0.92184335,6.5105963,6.602747,6.422983,6.459644,6.3213367,6.413549,6.2271714,6.2572527,False,0.6625386996904025,routine automatic scoring,-1.8101204216480227
FINAWorldChampionships2019_Men3m_final_r2::8,test,official_test,source_validation,FINAWorldChampionships2019_Men3m_final,107b,3.1,79.05,8.499999999999998,0.0,False,71.18371925354005,71.49386086463929,72.9850878238678,71.41274682059884,7.682232089340687,71.44475843086839,0.2610391773283425,2.0014589e-07,0.4377354,5,False,0.0,13.361765574184654,7.86628074645995,7.605241569131607,0.2610391773283425,7.7495937,7.682232,-0.06414366,0.07691598,-0.08013415,entry,entry,True,0.09092521667480469,0.05330610275268555,0.95750034,0.5,0.77248776,7.7495937,7.6740766,7.825272,7.773157,7.6797147,7.6046143,7.735538,7.682232,False,0.10835913312693499,routine automatic scoring,-0.2610391773283425
FINAWorldChampionships2019_Men3m_final_r3::3,test,official_test,source_validation,FINAWorldChampionships2019_Men3m_final,5154b,3.4,76.5,7.500000000000001,0.0,False,77.90433654785156,78.26543998718262,77.40098819732665,78.394328007102,7.654945500195026,78.08044410198926,0.17610755413770107,2.3549036e-07,0.30421454,5,False,0.0,12.120873423712506,1.4043365478515568,1.5804441019892579,-0.17610755413770107,7.6103463,7.6549454,0.14184093,-0.3284359,0.23119402,flight,entry,False,0.20004940032958984,0.342710018157959,-0.16808814,0.0,-0.7292914,7.6103463,7.7419906,7.1477456,7.3122354,7.724246,7.854995,7.508686,7.6549454,False,0.48606811145510836,phase boundary ambiguity,0.17610755413770107
FINAWorldChampionships2019_Men3m_final_r3::5,test,official_test,source_validation,FINAWorldChampionships2019_Men3m_final,109c,3.8,83.6,7.333333333333334,0.28867513459481287,False,79.38212814331054,80.74341888427733,80.57480134963988,80.07501339018344,7.015450522303581,79.97613595426081,0.5940078109502736,3.5424213e-07,0.24707983,5,False,0.0,11.589885245741764,4.217871856689456,3.6238640457391824,0.5940078109502736,7.0205345,7.0154505,-0.020771027,-0.25485206,0.27053905,entry,entry,True,0.3327450752258301,0.19822072982788086,0.0663885,1.0,-0.31319225,7.0205345,7.007048,6.716282,6.6827054,7.2360983,7.213671,7.0362754,7.0154505,False,0.42105263157894735,phase boundary ambiguity,-0.5940078109502736
FINAWorldChampionships2019_Men3m_final_r3::7,test,official_test,source_validation,FINAWorldChampionships2019_Men3m_final,207c,3.6,61.2,5.666666666666667,0.28867513459481287,False,61.35054874420167,64.36608982086182,66.49733619689943,64.87298548221588,6.024481892585754,65.06440443992615,3.713855695724483,3.0957142e-06,0.32656118,5,False,0.0,12.328554641005415,0.15054874420166442,3.8644044399261475,-3.713855695724483,7.2380757,6.024482,0.031715393,-0.41255045,-0.8327589,entry,entry,True,0.858858585357666,0.06895065307617188,0.8209829,0.5,0.98539543,7.2380757,7.2187686,6.823101,6.8833404,6.4176292,6.4483953,5.955531,6.024482,False,0.8792569659442725,teacher-adapter difference; predicted high judge disagreement,3.713855695724483
FINAWorldChampionships2019_Men3m_final_r3::8,test,official_test,source_validation,FINAWorldChampionships2019_Men3m_final,5154b,3.4,76.5,7.500000000000001,0.0,False,76.16101198196411,76.73930082321166,73.26610479354858,76.34436293542385,7.4511683359742165,76.00191702693701,0.15909495502710058,8.5062474e-08,0.2728681,5,False,0.0,11.829551540292035,0.3389880180358915,0.4980829730629921,-0.15909495502710058,7.144223,7.4511685,0.13607652,-0.029869715,0.2007385,entry,entry,True,0.19064998626708984,0.19064998626708984,0.9353573,0.0,0.9535721,7.144223,7.291755,7.112709,7.2605186,7.351688,7.482756,7.32991,7.4511685,False,0.17956656346749225,routine automatic scoring,0.15909495502710058
FINAWorldChampionships2019_Men3m_final_r4::0,test,official_test,source_validation,FINAWorldChampionships2019_Men3m_final,307c,3.5,64.75,6.166666666666667,0.28867513459481287,False,62.77716779708862,65.31890487670898,64.5831971168518,65.22103714942932,6.24179482460022,65.53884565830231,2.761677861213684,1.4867435e-06,0.33330572,5,False,0.0,12.391235770442046,1.972832202911377,0.7888456583023071,1.1839865446090698,7.373208,6.2417946,0.01004688,-0.27814326,-0.8633171,entry,entry,True,0.9376583099365234,0.9376583099365234,0.8635596,0.5,0.9800462,7.373208,7.396681,7.194458,7.179453,6.5903974,6.613166,6.2390084,6.2417946,False,0.8854489164086687,predicted high judge disagreement,-1.1839865446090698
FINAWorldChampionships2019_Men3m_final_r4::7,test,official_test,source_validation,FINAWorldChampionships2019_Men3m_final,109c,3.8,83.6,7.333333333333334,0.28867513459481287,False,74.61112546920775,76.56679315567015,72.59915227890014,76.42291477024554,6.701515287160873,76.39727427363395,1.7861488044262046,8.103395e-07,0.35346323,5,False,0.0,12.578572050667637,8.988874530792245,7.20272572636604,1.7861488044262046,6.9481807,6.701515,0.2502365,-0.02751255,-0.46938944,entry,entry,True,0.5430865287780762,0.10145092010498047,0.97653955,1.0,0.9356108,6.9481807,7.1596093,7.0113897,7.2446017,6.5692716,6.802966,6.3956876,6.701515,False,0.6718266253869969,routine automatic scoring,-1.7861488044262046
FINAWorldChampionships2019_Men3m_final_r4::10,test,official_test,source_validation,FINAWorldChampionships2019_Men3m_final,207c,3.6,95.4,8.833333333333334,0.2886751345948129,False,82.46037139892579,82.84602756500244,81.84373455047609,82.54435710310936,7.64054860919714,82.51792497932911,0.05755358040332226,2.4503862e-07,0.38871172,5,False,0.0,12.906158081595574,12.939628601074219,12.882075020670896,0.05755358040332226,7.8045173,7.6405487,-0.05207038,0.007413864,-0.11931205,entry,entry,True,0.11526679992675781,0.05705118179321289,0.8500008,1.0,0.7679889,7.8045173,7.7585335,7.810519,7.7558155,7.6822658,7.630617,7.6976,7.6405487,False,0.3746130030959752,routine automatic scoring,-0.05755358040332226
FINAWorldChampionships2019_Men3m_final_r4::11,test,official_test,source_validation,FINAWorldChampionships2019_Men3m_final,307c,3.5,89.25,8.5,0.0,False,67.44788718223572,69.40774011611938,70.33782148361206,70.36241671442986,6.671575546264648,70.05154323577881,2.603656053543091,1.0876627e-06,0.49281517,5,False,0.0,13.873655878993128,21.802112817764282,19.19845676422119,2.603656053543091,7.316391,6.6715755,0.10536472,-0.89212734,0.1419472,flight,flight,True,0.9390344619750977,0.12810230255126953,0.4642497,0.5,0.97868335,7.316391,7.4080224,6.480175,6.603377,7.541091,7.61061,6.5434732,6.6715755,False,0.934984520123839,predicted high judge disagreement,-2.603656053543091
FINAWorldChampionships2019_Men3m_final_r5::9,test,official_test,source_validation,FINAWorldChampionships2019_Men3m_final,109c,3.8,102.6,9.0,0.0,False,90.76108016967773,90.70476922988891,89.3609224319458,90.36776077151298,7.903045199811459,90.09471527785061,0.666364891827115,8.15861e-08,0.18321216,5,False,0.0,10.996323403252804,11.838919830322268,12.505284722149383,-0.666364891827115,7.8522744,7.903045,-0.14063422,-0.27083126,0.46223626,entry,entry,True,0.6248607635498047,0.26937150955200195,0.9545454,1.0,0.9657293,7.8522744,7.6543202,7.6006427,7.2781844,8.172545,8.172417,7.9657,7.903045,False,0.47058823529411764,routine automatic scoring,0.666364891827115
FINAWorldChampionships2019_Men3m_final_r6::7,test,official_test,source_validation,FINAWorldChampionships2019_Men3m_final,5156b,3.9,93.6,8.0,0.0,False,93.79873495101928,93.660063457489,93.56511454582214,93.60884846001863,8.007026597857475,93.68221119493245,0.11652375608683485,1.2472285e-06,0.3236087,5,False,0.0,12.301115357494119,0.19873495101928995,0.0822111949324551,0.11652375608683485,7.69666,8.007027,0.023185968,0.19780064,0.089380026,flight,flight,True,0.19930648803710938,0.03391408920288086,0.91184986,1.0,0.56400186,7.69666,7.7121477,7.8959846,7.911469,7.782892,7.80772,7.9731126,8.007027,False,0.32507739938080493,routine automatic scoring,-0.11652375608683485
FINAWorldChampionships2019_Women10mSynchronised_final_r1::0,test,official_test,source_fit,FINAWorldChampionships2019_Women10mSynchronised_final,301b,2.0,46.8,7.8,0.2738612787525831,False,47.216546058654785,47.255733489990234,46.16765785217285,47.87818202376366,7.953350856900215,47.72010514140129,0.5035590827465057,7.716319e-08,0.38013214,5,False,0.0,12.826422712760904,0.416546058654788,0.9201051414012937,-0.5035590827465057,7.9354844,7.953351,0.061192513,-0.015250444,-0.028075457,takeoff,takeoff,True,0.056104183197021484,0.029365062713623047,0.45181832,0.5,0.08145981,7.9354844,7.9995794,7.9241815,7.982716,7.9065127,7.974735,7.897247,7.953351,False,0.33126934984520123,routine automatic scoring,0.5035590827465057
FINAWorldChampionships2019_Women10mSynchronised_final_r1::1,test,official_test,source_fit,FINAWorldChampionships2019_Women10mSynchronised_final,301b,2.0,44.4,7.3999999999999995,0.5477225575051662,False,46.40386962890625,46.5443000793457,46.156365394592285,46.978056102991104,7.792465761303902,46.75479456782341,0.35092493891716003,1.502301e-07,0.3504873,5,False,0.0,12.55091479063368,2.0038696289062514,2.3547945678234115,-0.35092493891716003,7.8596807,7.7924657,0.028252045,-0.0065439544,-0.08892306,entry,entry,True,0.07781696319580078,0.07781696319580078,0.20732437,0.5,-0.5715942,7.8596807,7.888724,7.84266,7.8702826,7.75724,7.7909446,7.7674165,7.7924657,False,0.4179566563467492,phase boundary ambiguity,0.35092493891716003
FINAWorldChampionships2019_Women10mSynchronised_final_r2::3,test,official_test,source_fit,FINAWorldChampionships2019_Women10mSynchronised_final,301b,2.0,46.2,7.7,0.44721359549995787,False,40.987961769104004,41.80311298370361,43.46402835845947,42.28037738800049,6.952661395072937,41.71596837043762,0.7280066013336182,2.9727846e-06,0.25111693,5,False,0.0,11.627404489326022,5.212038230895999,4.484031629562381,0.7280066013336182,7.084573,6.9526615,-0.013943116,-0.028992334,-0.088975824,entry,entry,True,0.06891345977783203,0.004155635833740234,0.811176,0.5,0.96825075,7.084573,7.06781,7.028055,7.021575,6.972846,6.956817,6.9664736,6.9526615,False,0.47987616099071206,routine automatic scoring,-0.7280066013336182
FINAWorldChampionships2019_Women10mSynchronised_final_r2::4,test,official_test,source_fit,FINAWorldChampionships2019_Women10mSynchronised_final,301b,2.0,45.6,7.6000000000000005,0.22360679774997896,False,39.66873264312744,40.64823532104492,43.16422748565674,41.284393429756165,6.813532769680023,40.88119661808014,1.2124639749526978,4.309831e-06,0.45514023,5,False,0.0,13.523519387427427,5.93126735687256,4.718803381919862,1.2124639749526978,6.9278073,6.813533,-0.003815015,-0.07833084,-0.03212865,flight,flight,True,0.08890151977539062,0.08890151977539062,0.2361263,0.5,0.58364445,6.9278073,6.9307485,6.8637795,6.840882,6.8946314,6.9024343,6.8203716,6.813533,False,0.56656346749226,phase boundary ambiguity,-1.2124639749526978
FINAWorldChampionships2019_Women10mSynchronised_final_r2::7,test,official_test,source_fit,FINAWorldChampionships2019_Women10mSynchronised_final,201b,2.0,48.6,8.1,0.5477225575051662,False,46.136738777160645,46.31044864654541,46.45723628997803,45.82033422589302,7.658902667462826,45.953416004776955,0.18332277238368988,1.7155867e-07,0.20860253,5,False,0.0,11.232291852118156,2.463261222839357,2.6465839952230468,-0.18332277238368988,7.859266,7.6589026,-0.0006226699,-0.023976246,-0.17576425,entry,entry,True,0.2291111946105957,0.001132965087890625,0.8646485,1.0,0.99020475,7.859266,7.8564515,7.8881874,7.888014,7.7341466,7.7384787,7.6600356,7.6589026,False,0.42105263157894735,routine automatic scoring,0.18332277238368988
FINAWorldChampionships2019_Women10mSynchronised_final_r2::8,test,official_test,source_fit,FINAWorldChampionships2019_Women10mSynchronised_final,201b,2.0,46.8,7.8,0.2738612787525831,False,45.505173683166504,45.757564544677734,46.68614673614502,45.83455212414265,7.624177619814873,45.74506571888924,0.23989203572273254,1.8025649e-07,0.15721415,5,False,0.0,10.754707783713359,1.2948263168334933,1.0549342811107607,0.23989203572273254,7.984012,7.6241775,0.029025396,-0.029897848,-0.3589622,entry,entry,True,0.3586587905883789,0.3586587905883789,0.9882398,1.0,-0.2538459,7.984012,8.009253,7.945191,7.9828362,7.6191053,7.650793,7.597008,7.6241775,False,0.48606811145510836,routine automatic scoring,-0.23989203572273254
FINAWorldChampionships2019_Women10mSynchronised_final_r3::0,test,official_test,source_fit,FINAWorldChampionships2019_Women10mSynchronised_final,405b,2.8,59.64,7.100000000000001,0.22360679774997896,False,51.19521446228026,53.10732765197753,51.515905380249016,53.14807441234588,6.287873834371567,52.818140208721154,1.6229257464408917,1.1180019e-06,0.6705383,5,False,0.0,15.525347082618637,8.444785537719738,6.821859791278847,1.6229257464408917,6.290589,6.2878737,0.18231241,0.02477614,-0.20980366,entry,takeoff,False,0.2105846405029297,0.23411989212036133,0.9986776,1.0,0.90747863,6.290589,6.4123187,6.269696,6.4984584,6.072791,6.226204,6.053754,6.2878737,False,0.6625386996904025,wide prediction interval,-1.6229257464408917
FINAWorldChampionships2019_Women10mSynchronised_final_r3::2,test,official_test,source_fit,FINAWorldChampionships2019_Women10mSynchronised_final,407c,3.2,60.48,6.299999999999999,0.44721359549995787,False,53.46551513671876,56.27908630371095,54.52342529296876,57.410282707214364,5.9938517808914185,57.540977096557626,4.075461959838869,8.52141e-07,0.63193995,5,False,0.0,15.166628631008951,7.01448486328124,2.939022903442371,4.075461959838869,6.446341,5.9938517,0.029337803,0.105348505,-0.58717567,entry,entry,True,0.45761919021606445,0.04713630676269531,0.95866936,1.0,0.93079156,6.446341,6.468173,6.4563384,6.451471,5.7399015,5.7828593,5.9467154,5.9938517,False,0.913312693498452,wide prediction interval; teacher-adapter difference; predicted high judge disagreement,-4.075461959838869
FINAWorldChampionships2019_Women10mSynchronised_final_r3::3,test,official_test,source_fit,FINAWorldChampionships2019_Women10mSynchronised_final,107b,3.0,63.0,7.0,0.3535533905932738,False,65.33845710754395,66.08073377609253,66.3065414428711,65.7896147556603,7.294546522200108,65.65091869980097,0.31246159225702286,1.0407129e-07,0.34862307,5,False,0.0,12.53358939619665,2.3384571075439453,2.650918699800968,-0.31246159225702286,7.661155,7.2945466,0.0013321241,-0.011047284,-0.35689345,entry,entry,True,0.3540687561035156,0.02115154266357422,0.91692346,1.0,0.852871,7.661155,7.6439276,7.6340704,7.6486154,7.3026967,7.2882967,7.273395,7.2945466,False,0.7678018575851393,routine automatic scoring,0.31246159225702286
FINAWorldChampionships2019_Women10mSynchronised_final_r3::6,test,official_test,source_fit,FINAWorldChampionships2019_Women10mSynchronised_final,107b,3.0,66.6,7.3999999999999995,0.4183300132670378,False,62.990331172943115,64.02514028549194,61.055604457855225,63.17190954834223,6.999330714344978,62.993976429104805,0.0036452561616897583,1.6289795e-07,0.16575724,5,False,0.0,10.834104001020718,3.609668827056879,3.6060235708951893,0.0036452561616897583,7.0347586,6.9993305,0.06817293,-0.0023639202,-0.10123706,entry,takeoff,False,0.0888667106628418,0.027213573455810547,0.49874586,0.5,0.33321834,7.0347586,7.081216,7.009416,7.088197,6.92775,6.972117,6.902843,6.9993305,False,0.08978328173374613,routine automatic scoring,-0.0036452561616897583
FINAWorldChampionships2019_Women10mSynchronised_final_r3::10,test,official_test,source_fit,FINAWorldChampionships2019_Women10mSynchronised_final,5253b,3.2,73.92,7.699999999999999,0.2738612787525831,False,74.85605621337892,75.00476989746095,75.05093536376954,75.49541516304018,7.876302652060986,75.61250545978547,0.7564492464065466,1.8951302e-07,0.6957721,5,False,0.0,15.75986046202809,0.9360562133789188,1.6925054597854654,-0.7564492464065466,7.854286,7.8763027,0.0575037,-0.017781973,-0.017705202,takeoff,takeoff,True,0.06348800659179688,0.013414382934570312,0.39727348,0.0,-0.47881788,7.854286,7.9042516,7.8225718,7.889717,7.830736,7.881706,7.8128147,7.8763027,False,0.6718266253869969,wide prediction interval,0.7564492464065466
FINAWorldChampionships2019_Women10mSynchronised_final_r4::0,test,official_test,source_fit,FINAWorldChampionships2019_Women10mSynchronised_final,205b,2.9,64.38,7.4,0.5477225575051661,False,67.16924600601196,67.38736910820006,66.05532431602478,66.47370313256978,7.661181502044201,66.65227906778455,0.5169669382274122,1.228127e-07,0.22229967,5,False,0.0,11.359587787094279,2.7892460060119646,2.2722790677845524,0.5169669382274122,7.75244,7.6611814,0.046990395,0.14143085,-0.27967978,entry,flight,False,0.15825939178466797,0.2631373405456543,0.2015639,0.5,0.37072918,7.75244,7.7951655,7.7712927,7.819441,7.350468,7.398044,7.610798,7.6611814,False,0.4024767801857585,phase boundary ambiguity,-0.5169669382274122
FINAWorldChampionships2019_Women10mSynchronised_final_r4::9,test,official_test,source_fit,FINAWorldChampionships2019_Women10mSynchronised_final,407c,3.2,74.88,7.799999999999998,0.2738612787525831,False,77.8188446044922,77.59844970703126,74.29078674316408,78.22430634498598,8.136667639017105,78.11200933456422,0.2931647300720215,2.0484816e-07,0.2911618,5,False,0.0,11.999566303680743,2.9388446044922034,3.232009334564225,-0.2931647300720215,8.2255125,8.136667,-0.034612656,-0.013212681,-0.041019917,entry,entry,True,0.036548614501953125,0.00112152099609375,0.5944738,1.0,0.86873394,8.2255125,8.183416,8.2006035,8.173216,8.180416,8.137789,8.163402,8.136667,False,0.21052631578947367,routine automatic scoring,0.2931647300720215
FINAWorldChampionships2019_Women10mSynchronised_final_r4::10,test,official_test,source_fit,FINAWorldChampionships2019_Women10mSynchronised_final,207c,3.3,66.33,6.700000000000001,1.2549900398011133,False,61.97592830657958,64.02533469200134,63.02051739692687,65.05053355693816,6.469936937093735,64.05237567722797,2.0764473706483884,1.962593e-06,0.31026956,5,False,0.0,12.177146541931528,4.354071693420416,2.277624322772027,2.0764473706483884,6.610192,6.469937,0.030039549,0.13927698,-0.3095715,entry,flight,False,0.1645045280456543,0.1645045280456543,0.9752641,1.0,0.8910276,6.610192,6.61297,6.623663,6.6344414,6.1574507,6.2029567,6.4107385,6.469937,False,0.7058823529411765,routine automatic scoring,-2.0764473706483884
FINAWorldChampionships2019_Women10mSynchronised_final_r4::11,test,official_test,source_fit,FINAWorldChampionships2019_Women10mSynchronised_final,407c,3.2,75.84,7.8999999999999995,0.6519202405202649,False,67.03248596191408,68.15587005615235,71.4943313598633,68.23696746826172,7.077472873032093,67.9437395811081,0.9112536191940279,1.5195144e-07,0.30288276,5,False,0.0,12.108496401008438,8.807514038085927,7.896260418891899,0.9112536191940279,7.183888,7.0774727,-0.014944951,0.031353552,-0.12282387,entry,entry,True,0.11443471908569336,0.11443471908569336,0.77376163,0.5,0.18941657,7.183888,7.187939,7.2256775,7.1919074,7.051513,7.057717,7.1125755,7.0774727,False,0.5015479876160991,routine automatic scoring,-0.9112536191940279
FINAWorldChampionships2019_Women10mSynchronised_final_r5::1,test,official_test,source_fit,FINAWorldChampionships2019_Women10mSynchronised_final,5253b,3.2,55.68,5.799999999999999,0.758287544405155,False,60.172242736816415,62.15028076171876,62.2829818725586,61.48593320846558,6.390132263302803,61.34526972770692,1.1730269908905058,6.439071e-07,0.18351793,5,False,0.0,10.999165130219119,4.492242736816415,5.665269727706921,-1.1730269908905058,6.476795,6.3901324,0.06810681,-0.1061879,-0.04858168,flight,flight,True,0.14186334609985352,0.14186334609985352,0.9031855,0.5,0.8533248,6.476795,6.592818,6.4059997,6.4322624,6.4214787,6.531996,6.3702245,6.3901324,False,0.5913312693498453,routine automatic scoring,1.1730269908905058
FINAWorldChampionships2019_Women10mSynchronised_final_r5::4,test,official_test,source_fit,FINAWorldChampionships2019_Women10mSynchronised_final,5253b,3.2,64.32,6.699999999999998,0.4472135954999579,False,65.21937561035158,66.56863861083986,66.11162109375,66.53274364471436,6.887084074318409,66.11600711345673,0.896631503105155,5.2619963e-08,0.40617633,5,False,0.0,13.068467499545406,0.8993756103515835,1.7960071134567386,-0.896631503105155,7.0045915,6.887084,0.05198431,-0.0014977455,-0.16799402,entry,entry,True,0.14734792709350586,0.14734792709350586,0.46198344,0.5,0.45050493,7.0045915,7.0505123,6.9918065,7.034432,6.8241696,6.8690763,6.820818,6.887084,False,0.5944272445820433,routine automatic scoring,0.896631503105155
FINAWorldChampionships2019_Women10mSynchronised_final_r5::5,test,official_test,source_fit,FINAWorldChampionships2019_Women10mSynchronised_final,5253b,3.2,68.16,7.099999999999999,0.5477225575051662,False,63.15120391845704,64.75811920166016,61.64226837158204,65.04986858367921,6.693128257989883,64.25403127670289,1.1028273582458468,3.6720766e-07,0.4793814,5,False,0.0,13.748807679111042,5.008796081542954,3.905968723297107,1.1028273582458468,6.5041814,6.693128,0.031565826,0.05157749,0.10580341,entry,entry,True,0.08297586441040039,0.03380537033081055,0.72364384,0.5,0.75325567,6.5041814,6.526196,6.5635505,6.6101522,6.6255007,6.656654,6.6593227,6.693128,False,0.5201238390092879,routine automatic scoring,-1.1028273582458468
FINAWorldChampionships2019_Women10mSynchronised_final_r5::8,test,official_test,source_fit,FINAWorldChampionships2019_Women10mSynchronised_final,5253b,3.2,69.12,7.199999999999999,0.2738612787525831,False,68.77347564697267,69.67996215820314,67.1831268310547,68.86842362880708,7.142568700015545,68.56865952014924,0.20481612682343098,1.8982098e-07,0.09554796,5,False,0.0,10.18160568295327,0.3465243530273341,0.5513404798507651,-0.20481612682343098,6.6639857,7.1425686,0.029300213,0.010406256,0.4388764,entry,entry,True,0.45839691162109375,0.45839691162109375,0.9966881,1.0,0.72507703,6.6639857,6.689836,6.6519938,6.6841717,7.0842104,7.1088953,7.1089497,7.1425686,False,0.5325077399380805,routine automatic scoring,0.20481612682343098
FINAWorldChampionships2019_Women10mSynchronised_final_r5::10,test,official_test,source_fit,FINAWorldChampionships2019_Women10mSynchronised_final,407c,3.2,62.4,6.499999999999999,0.3535533905932738,False,55.98788452148438,58.48721466064454,54.145550537109386,60.300634002685555,6.157052218914032,59.107701301574714,3.119816780090332,7.4742154e-08,0.27154505,5,False,0.0,11.817255670219655,6.4121154785156165,3.2922986984252844,3.119816780090332,5.7436485,6.157052,0.24565037,0.20973308,-0.04197995,takeoff,takeoff,True,0.45776844024658203,0.41443872451782227,0.7914218,0.5,0.76654893,5.7436485,5.7992887,5.770784,5.9958415,5.520586,5.7426133,5.6992836,6.157052,False,0.7647058823529411,routine automatic scoring,-3.119816780090332
FINAWorldChampionships2019_Women10m_final_r1::6,test,official_test,source_fit,FINAWorldChampionships2019_Women10m_final,107b,3.0,63.0,7.0,0.28867513459481287,False,68.08458852767944,68.48474836349487,69.18616962432861,67.79515738785267,7.549169324338436,67.94252391904593,0.14206460863351822,1.2051363e-07,0.12601064,5,False,0.0,10.464714255315348,5.084588527679443,4.942523919045925,0.14206460863351822,7.198404,7.5491695,0.035127718,0.085438095,0.23019989,entry,entry,True,0.2477707862854004,0.0838785171508789,0.95308477,1.0,0.973984,7.198404,7.2307544,7.2990866,7.3013988,7.424718,7.465291,7.4975796,7.5491695,False,0.21052631578947367,routine automatic scoring,-0.14206460863351822
FINAWorldChampionships2019_Women10m_final_r2::0,test,official_test,source_fit,FINAWorldChampionships2019_Women10m_final,207c,3.3,69.3,7.000000000000001,0.0,False,59.477202129364,61.837904834747306,61.14887323379516,62.857414680719366,6.312860876321793,62.497322675585735,3.020120546221733,2.0148627e-06,0.32213864,5,False,0.0,12.287453187312106,9.822797870635995,6.802677324414262,3.020120546221733,6.2993574,6.312861,0.08088732,-0.032019377,-0.03536439,takeoff,takeoff,True,0.09213018417358398,0.03140974044799805,0.5505746,0.5,0.4372347,6.2993574,6.3814983,6.2964587,6.3442707,6.272535,6.3615046,6.220731,6.312861,False,0.7523219814241486,routine automatic scoring,-3.020120546221733
FINAWorldChampionships2019_Women10m_final_r2::2,test,official_test,source_fit,FINAWorldChampionships2019_Women10m_final,107b,3.0,72.0,8.0,0.0,False,69.12825536727905,69.39839458465576,71.32868385314941,69.92050514370203,7.73077979311347,69.57701813802123,0.44876277074217796,9.877597e-08,0.17535996,5,False,0.0,10.923348076334978,2.8717446327209473,2.4229818619787693,0.44876277074217796,7.4285564,7.7307796,9.997686e-05,0.032304604,0.26981863,entry,entry,True,0.27074384689331055,0.025072574615478516,0.9884707,1.0,0.9961936,7.4285564,7.4278517,7.466247,7.460036,7.695604,7.705707,7.731721,7.7307796,False,0.4613003095975232,routine automatic scoring,-0.44876277074217796
FINAWorldChampionships2019_Women10m_final_r2::8,test,official_test,source_fit,FINAWorldChampionships2019_Women10m_final,107b,3.0,72.0,8.0,0.0,False,69.6672248840332,69.8702187538147,70.70720529556274,70.06635887548327,7.809572339057922,70.2861510515213,0.6189261674880981,6.8196954e-07,0.24746954,5,False,0.0,11.59350706276662,2.332775115966797,1.7138489484786987,0.6189261674880981,7.5449233,7.809572,0.016763529,-0.056179207,0.3040646,entry,entry,True,0.32016611099243164,0.32016611099243164,0.98471755,1.0,0.98978543,7.5449233,7.565494,7.4820843,7.489406,7.832362,7.859616,7.79714,7.809572,False,0.5108359133126935,routine automatic scoring,-0.6189261674880981
FINAWorldChampionships2019_Women10m_final_r2::11,test,official_test,source_fit,FINAWorldChampionships2019_Women10m_final,407c,3.2,88.0,9.166666666666666,0.2886751345948129,False,82.74465637207032,81.91060180664064,81.36533203125,84.55881900787355,8.755940154194832,84.0570254802704,1.3123691082000732,2.7179678e-07,0.31560743,5,False,0.0,12.226754619437354,5.255343627929676,3.942974519729603,1.3123691082000732,8.507841,8.75594,0.08496841,0.00700744,0.15612347,entry,entry,True,0.16237640380859375,0.015326499938964844,0.98182327,1.0,0.96685636,8.507841,8.592059,8.507638,8.593564,8.65882,8.740614,8.669113,8.75594,False,0.5944272445820433,routine automatic scoring,-1.3123691082000732
FINAWorldChampionships2019_Women10m_final_r3::8,test,official_test,source_fit,FINAWorldChampionships2019_Women10m_final,207c,3.3,72.6,7.333333333333334,0.28867513459481287,False,63.38285379409789,65.2569857597351,64.42809906005859,65.19180869758128,6.54812815785408,64.82646876275538,1.4436149686574922,9.0777684e-07,0.3102628,5,False,0.0,12.177083669414827,9.217146205902104,7.773531237244612,1.4436149686574922,6.6106224,6.548128,0.103524365,-0.19666989,0.03065125,flight,flight,True,0.19576168060302734,0.13399124145507812,0.8487847,1.0,0.63622034,6.6106224,6.6986084,6.427973,6.50773,6.6464553,6.74389,6.414137,6.548128,False,0.628482972136223,routine automatic scoring,-1.4436149686574922
FINAWorldChampionships2019_Women10m_final_r3::9,test,official_test,source_fit,FINAWorldChampionships2019_Women10m_final,407c,3.2,72.0,7.499999999999999,0.0,False,77.26241455078126,77.11133422851563,73.41433410644532,78.25810518264771,8.117609903216362,77.92905507087708,0.6666405200958252,4.2749707e-07,0.26059067,5,False,0.0,11.715449832251373,5.2624145507812585,5.929055070877084,-0.6666405200958252,7.8845367,8.11761,0.03473695,-0.023657003,0.22199328,entry,entry,True,0.22026586532592773,0.04144859313964844,0.9768024,1.0,0.9620695,7.8845367,7.9107633,7.8557744,7.897344,8.106459,8.13796,8.076161,8.11761,False,0.43962848297213625,routine automatic scoring,0.6666405200958252
FINAWorldChampionships2019_Women10m_final_r4::2,test,official_test,source_fit,FINAWorldChampionships2019_Women10m_final,305c,2.8,67.2,8.000000000000002,0.0,False,63.63595848083495,63.99818973541259,64.53884296417235,64.46901845633982,7.6433482095599174,64.20412496030329,0.5681664794683385,8.0289874e-07,0.29037714,5,False,0.0,11.99227392265773,3.564041519165052,2.9958750396967133,0.5681664794683385,7.47429,7.643348,0.010450999,-0.1144534,0.2730607,entry,entry,True,0.2823929786682129,0.10205221176147461,0.2324825,0.5,0.95590425,7.47429,7.4767513,7.3481684,7.360955,7.7387514,7.7454004,7.6241746,7.643348,False,0.4984520123839009,phase boundary ambiguity,-0.5681664794683385
FINAWorldChampionships2019_Women10m_final_r4::7,test,official_test,source_fit,FINAWorldChampionships2019_Women10m_final,407c,3.2,67.2,6.999999999999999,0.0,False,63.85182037353517,65.37145385742188,66.64866027832032,65.74489288330079,6.796015441417694,65.24174823760987,1.3899278640747,1.4783879e-07,0.3636041,5,False,0.0,12.672817399259747,3.348179626464834,1.9582517623901339,1.3899278640747,6.976331,6.7960153,0.05431207,-0.07998506,-0.15464298,entry,entry,True,0.1288466453552246,0.1288466453552246,0.41113573,0.5,0.97795105,6.976331,7.0360265,6.882596,6.924862,6.795219,6.862923,6.7477593,6.7960153,False,0.6099071207430341,routine automatic scoring,-1.3899278640747
FINAWorldChampionships2019_Women10m_final_r5::0,test,official_test,source_fit,FINAWorldChampionships2019_Women10m_final,5253b,3.2,67.2,6.999999999999999,0.0,False,54.07700958251954,56.81439971923829,56.230906677246104,58.04435806274415,5.997414022684097,57.575174617767345,3.4981650352478084,2.046774e-06,0.29549533,5,False,0.0,12.039840443685124,13.122990417480466,9.624825382232657,3.4981650352478084,6.54615,5.997414,0.01738874,0.075210966,-0.6413358,entry,entry,True,0.5739049911499023,0.1517491340637207,0.45523265,0.5,-0.76009846,6.54615,6.521185,6.5767794,6.571319,5.86934,5.845665,5.905715,5.997414,False,0.8328173374613003,predicted high judge disagreement,-3.4981650352478084
FINAWorldChampionships2019_Women10m_final_r5::6,test,official_test,source_fit,FINAWorldChampionships2019_Women10m_final,5253b,3.2,72.0,7.499999999999999,0.0,False,74.84459381103517,74.99473571777345,71.72212829589844,74.96766901016237,7.794621519744396,74.82836658954622,0.016227221488946952,9.6684516e-08,0.27958867,5,False,0.0,11.892009984691542,2.8445938110351676,2.8283665895462207,0.016227221488946952,7.686163,7.7946215,0.056953747,0.021392187,0.030112585,takeoff,takeoff,True,0.0582585334777832,0.02319049835205078,0.7536547,0.0,-0.8205879,7.686163,7.742131,7.7125783,7.771431,7.723517,7.777933,7.736363,7.7946215,False,0.06501547987616099,routine automatic scoring,-0.016227221488946952
FINAWorldChampionships2019_Women10m_final_r5::11,test,official_test,source_fit,FINAWorldChampionships2019_Women10m_final,5253b,3.2,86.4,9.0,0.0,False,75.84293518066407,75.86870269775392,74.83669738769532,75.80821974277498,7.89322791993618,75.77498803138734,0.0679471492767334,1.929649e-07,0.2473341,5,False,0.0,11.5922482275754,10.557064819335935,10.625011968612668,-0.0679471492767334,7.8410225,7.893228,-0.0024132729,0.025966883,0.028651953,entry,entry,True,0.027784347534179688,0.005499839782714844,0.5075507,0.5,-0.16851981,7.8410225,7.842583,7.8749948,7.8654437,7.8714294,7.874379,7.898728,7.893228,False,0.08978328173374613,routine automatic scoring,0.0679471492767334
FINAWorldChampionships2019_Women3mSynchronised_final_r1::1,test,official_test,source_fit,FINAWorldChampionships2019_Women3mSynchronised_final,101b,2.0,45.6,7.6000000000000005,0.4183300132670378,False,43.90503787994385,44.35677623748779,44.91739082336426,43.56224584579468,7.264289550483227,43.58573730289936,0.319300577044487,1.3536604e-05,0.35302675,5,False,0.0,12.574515526968936,1.6949621200561538,2.0142626971006408,-0.319300577044487,8.386334,7.2642894,-0.031466324,0.11158172,-1.2021605,entry,entry,True,1.1441540718078613,0.025897979736328125,0.876904,1.0,1.0,8.386334,8.350978,8.450698,8.408443,7.127846,7.1038113,7.2901874,7.2642894,False,0.9380804953560371,predicted high judge disagreement,0.319300577044487
FINAWorldChampionships2019_Women3mSynchronised_final_r1::2,test,official_test,source_fit,FINAWorldChampionships2019_Women3mSynchronised_final,101b,2.0,47.4,7.8999999999999995,0.22360679774997896,False,44.5427942276001,44.91508197784424,45.55434608459473,44.37881299853325,7.392374448478222,44.35424669086933,0.1885475367307663,1.0637131e-05,0.35297513,5,False,0.0,12.574035812436222,2.857205772399901,3.045753309130667,-0.1885475367307663,7.886262,7.3923745,0.034577608,-0.17357945,-0.35488558,entry,entry,True,0.37101268768310547,0.01331472396850586,0.8509388,1.0,1.0,7.886262,7.942406,7.763322,7.763387,7.547807,7.6162896,7.37906,7.3923745,False,0.5572755417956656,routine automatic scoring,0.1885475367307663
FINAWorldChampionships2019_Women3mSynchronised_final_r1::7,test,official_test,source_fit,FINAWorldChampionships2019_Women3mSynchronised_final,401b,2.0,48.0,8.0,0.3535533905932738,False,47.06647968292236,47.12436103820801,48.839195251464844,47.0690348893404,7.848358176648617,47.0901490598917,0.023669376969337463,4.9158064e-07,0.33032897,5,False,0.0,12.363571032179234,0.9335203170776367,0.9098509401082993,0.023669376969337463,7.9791665,7.848358,0.015260458,0.0037565231,-0.14982533,entry,entry,True,0.15343093872070312,0.010643959045410156,0.97387606,1.0,0.99939024,7.9791665,7.998945,7.989308,8.001789,7.8328485,7.8510847,7.837714,7.848358,False,0.5851393188854489,routine automatic scoring,-0.023669376969337463
FINAWorldChampionships2019_Women3mSynchronised_final_r1::9,test,official_test,source_fit,FINAWorldChampionships2019_Women3mSynchronised_final,201b,2.0,46.8,7.8,0.758287544405155,False,44.44284439086914,44.82758331298828,45.39670944213867,44.22686541080475,7.372888706624508,44.23733223974705,0.2055121511220932,3.387533e-07,0.34516063,5,False,0.0,12.501410854388999,2.3571556091308565,2.5626677602529497,-0.2055121511220932,7.997943,7.3728886,0.0033878486,0.06998769,-0.6984299,entry,entry,True,0.5552563667297363,0.5552563667297363,0.91611826,1.0,0.8557509,7.997943,7.9855924,7.9376225,7.928145,7.1458926,7.1830397,7.364209,7.3728886,False,0.8699690402476781,predicted high judge disagreement,0.2055121511220932
FINAWorldChampionships2019_Women3mSynchronised_final_r1::10,test,official_test,source_fit,FINAWorldChampionships2019_Women3mSynchronised_final,201b,2.0,49.8,8.299999999999999,0.27386127875258304,False,48.52566719055176,48.40176200866699,48.22859573364258,48.35219058394432,8.075925171375275,48.45555102825165,0.07011616230010986,1.8100324e-07,0.3194622,5,False,0.0,12.262579490242233,1.2743328094482393,1.3444489717483492,-0.07011616230010986,7.965844,8.075925,0.009488344,-0.006888628,0.107481,entry,entry,True,0.10888862609863281,0.10888862609863281,0.20480391,0.5,-0.08542208,7.965844,7.980353,7.9608197,7.9670362,8.0721,8.084496,8.071275,8.075925,False,0.5851393188854489,phase boundary ambiguity,0.07011616230010986
FINAWorldChampionships2019_Women3mSynchronised_final_r1::11,test,official_test,source_fit,FINAWorldChampionships2019_Women3mSynchronised_final,101b,2.0,53.4,8.9,0.22360679774997896,False,45.82093620300293,46.03399085998535,46.830488204956055,45.11278948187828,7.581963114440441,45.49177868664265,0.3291575163602829,6.2089352e-06,0.35287416,5,False,0.0,12.573097433200171,7.579063796997069,7.908221313357352,-0.3291575163602829,8.374435,7.581963,-0.03813569,-0.13578884,-0.61854786,entry,entry,True,0.5314545631408691,0.5314545631408691,0.9695007,1.0,1.0,8.374435,8.324401,8.174518,8.113418,7.6731143,7.649303,7.60388,7.581963,False,0.7987616099071208,routine automatic scoring,0.3291575163602829
FINAWorldChampionships2019_Women3mSynchronised_final_r2::0,test,official_test,source_fit,FINAWorldChampionships2019_Women3mSynchronised_final,301b,2.0,45.0,7.5,0.3535533905932738,False,47.60508155822754,47.595863342285156,46.80879306793213,47.48443615436554,7.889415122568607,47.336490735411644,0.2685908228158951,1.4291538e-07,0.33930936,5,False,0.0,12.447031389899868,2.605081558227539,2.336490735411644,0.2685908228158951,7.855529,7.8894153,0.008711179,-0.12576716,0.1509424,entry,entry,True,0.24723339080810547,0.007595539093017578,0.6817118,1.0,0.905666,7.855529,7.8636174,7.6377597,7.642182,7.908442,7.9249187,7.8818197,7.8894153,False,0.21362229102167182,routine automatic scoring,-0.2685908228158951
FINAWorldChampionships2019_Women3mSynchronised_final_r2::1,test,official_test,source_fit,FINAWorldChampionships2019_Women3mSynchronised_final,301b,2.0,46.2,7.7,0.2738612787525831,False,46.95541477203369,47.02713489532471,45.45130920410156,46.9712955057621,7.810935795307159,46.86561477184296,0.08980000019073486,1.1852511e-07,0.37595937,5,False,0.0,12.787642556699632,0.7554147720336886,0.6656147718429537,0.08980000019073486,7.902369,7.810936,0.0412968,-0.020213524,-0.11251632,entry,entry,True,0.1072540283203125,0.1072540283203125,0.43574572,0.5,0.9743676,7.902369,7.945459,7.8795557,7.91819,7.7835007,7.8296394,7.772522,7.810936,False,0.3715170278637771,routine automatic scoring,-0.08980000019073486
FINAWorldChampionships2019_Women3mSynchronised_final_r2::8,test,official_test,source_fit,FINAWorldChampionships2019_Women3mSynchronised_final,301b,2.0,43.8,7.3,0.2738612787525831,False,48.46278762817383,48.34671592712402,47.96505260467529,48.37942385673523,8.070999145507812,48.425994873046875,0.036792755126953125,2.7942588e-07,0.48942387,5,False,0.0,13.842138468010875,4.662787628173831,4.625994873046878,0.036792755126953125,7.928092,8.070999,0.0772686,0.109808445,-0.044169903,flight,takeoff,False,0.0788583755493164,0.0788583755493164,0.7566083,0.5,0.86307085,7.928092,7.9928045,8.065899,8.149027,7.9148283,7.992141,7.984126,8.070999,False,0.28792569659442724,routine automatic scoring,-0.036792755126953125
FINAWorldChampionships2019_Women3mSynchronised_final_r2::9,test,official_test,source_fit,FINAWorldChampionships2019_Women3mSynchronised_final,301b,2.0,47.4,7.8999999999999995,0.22360679774997896,False,48.92160415649414,48.748374938964844,48.05398178100586,48.576603680849075,8.10605251044035,48.6363150626421,0.28528909385204315,4.860908e-07,0.49410656,5,False,0.0,13.885657605397064,1.521604156494142,1.236315062642099,0.28528909385204315,8.016132,8.106052,-0.006980499,0.35244098,-0.25554046,flight,flight,True,0.38373899459838867,0.38373899459838867,0.42259634,0.5,0.9853744,8.016132,8.000453,8.334143,8.33119,7.7270565,7.7223134,8.107467,8.106052,False,0.6965944272445821,routine automatic scoring,-0.28528909385204315
FINAWorldChampionships2019_Women3mSynchronised_final_r3::3,test,official_test,source_fit,FINAWorldChampionships2019_Women3mSynchronised_final,5152b,3.0,63.0,7.0,0.5,False,65.76831007003784,66.4570369720459,62.91434097290039,65.15294601023197,7.227678023278713,65.04910220950842,0.7192078605294228,3.376403e-07,0.12180566,5,False,0.0,10.42563476237115,2.768310070037842,2.049102209508419,0.7192078605294228,7.014501,7.227678,-0.07113186,0.06548389,0.2188247,entry,entry,True,0.20588445663452148,0.08481407165527344,0.30740502,0.5,0.98478,7.014501,6.953001,7.085254,7.0217934,7.2422156,7.1715136,7.312492,7.227678,False,0.5015479876160991,phase boundary ambiguity,-0.7192078605294228
FINAWorldChampionships2019_Women3mSynchronised_final_r3::9,test,official_test,source_fit,FINAWorldChampionships2019_Women3mSynchronised_final,107b,3.1,64.17,6.8999999999999995,0.5477225575051661,False,68.45677728652954,69.1066436290741,68.8303379058838,68.53694420009852,7.348829559981823,68.34411490783096,0.11266237869858742,2.78986e-08,0.36655122,5,False,0.0,12.700206827911986,4.286777286529542,4.174114907830955,0.11266237869858742,7.493943,7.3488297,-0.2805977,0.36759973,-0.2321155,flight,flight,True,0.3683347702026367,0.3683347702026367,0.7217289,0.5,0.8527733,7.493943,7.186455,7.848952,7.562613,7.2316394,6.980495,7.6143928,7.3488297,False,0.5386996904024768,routine automatic scoring,-0.11266237869858742
FINAWorldChampionships2019_Women3mSynchronised_final_r3::11,test,official_test,source_fit,FINAWorldChampionships2019_Women3mSynchronised_final,205b,3.0,81.0,9.0,0.3535533905932738,False,69.22879314422607,69.48640966415405,69.14297103881836,68.07836928963661,7.585660271346569,68.27094244211912,0.9578507021069527,1.3898949e-07,0.21147616,5,False,0.0,11.258998269201296,11.771206855773926,12.729057557880878,-0.9578507021069527,7.653687,7.5856605,0.021173159,0.018344799,-0.107544504,entry,entry,True,0.10149908065795898,0.03370523452758789,0.21202444,0.5,0.873857,7.653687,7.6620636,7.656186,7.6871595,7.539612,7.551955,7.552176,7.5856605,False,0.5386996904024768,phase boundary ambiguity,0.9578507021069527
FINAWorldChampionships2019_Women3mSynchronised_final_r4::1,test,official_test,source_fit,FINAWorldChampionships2019_Women3mSynchronised_final,5152b,3.0,51.3,5.699999999999999,0.9082951062292475,False,52.596492290496826,54.92617750167847,56.41561031341553,55.007122814655304,6.070947140455246,54.638524264097214,2.0420319736003876,7.3557735e-06,0.2710241,5,False,0.0,11.81241420946223,1.296492290496829,3.3385242640972166,-2.0420319736003876,7.2524834,6.070947,-0.03630845,-0.77287143,-0.37235633,flight,flight,True,0.798670768737793,0.03655815124511719,0.7795305,0.5,0.9828966,7.2524834,7.2125707,6.5015574,6.4698563,6.902826,6.869618,6.1075053,6.070947,False,0.8111455108359134,predicted high judge disagreement,2.0420319736003876
FINAWorldChampionships2019_Women3mSynchronised_final_r4::2,test,official_test,source_fit,FINAWorldChampionships2019_Women3mSynchronised_final,5152b,3.0,64.8,7.199999999999999,0.4472135954999579,False,50.39557456970215,52.999454498291016,54.24075508117676,53.708810806274414,5.962134897708893,53.659214079380035,3.263639509677887,1.1702826e-05,0.37202013,5,False,0.0,12.751032748836025,14.404425430297849,11.140785920619962,3.263639509677887,6.12631,5.962135,0.054453213,0.0008979638,-0.21952622,entry,entry,True,0.23510026931762695,0.015533447265625,0.8927695,1.0,0.8915169,6.12631,6.1736956,6.1467953,6.197235,5.9255137,5.9776683,5.897458,5.962135,False,0.7770897832817337,routine automatic scoring,-3.263639509677887
FINAWorldChampionships2019_Women3mSynchronised_final_r4::3,test,official_test,source_fit,FINAWorldChampionships2019_Women3mSynchronised_final,107b,3.1,60.45,6.5,0.8660254037844386,False,53.489926815032966,56.00438117980958,56.757852745056155,56.46868672370911,6.056678354740143,56.32710869908333,2.8371818840503664,3.551781e-07,0.26860347,5,False,0.0,11.789917758255111,6.960073184967037,4.12289130091667,2.8371818840503664,6.2450876,6.0566783,0.03730909,-0.03350814,-0.19221027,entry,entry,True,0.18625736236572266,0.18625736236572266,0.96539056,1.0,0.64311194,6.2450876,6.2819576,6.202311,6.2429357,6.0451007,6.0827417,6.020754,6.0566783,False,0.739938080495356,routine automatic scoring,-2.8371818840503664
FINAWorldChampionships2019_Women3mSynchronised_final_r4::10,test,official_test,source_fit,FINAWorldChampionships2019_Women3mSynchronised_final,107b,3.1,74.4,8.0,0.3535533905932738,False,67.11247701644898,67.92981991767884,67.82330560684204,67.31738944575191,7.24099400639534,67.34124425947667,0.22876724302768991,2.0435664e-07,0.3957339,5,False,0.0,12.971419476959905,7.287522983551028,7.058755740523338,0.22876724302768991,7.7118053,7.240994,-0.10538244,-0.07767129,-0.28775764,entry,entry,True,0.22803640365600586,0.22803640365600586,0.6292433,0.5,0.023624495,7.7118053,7.6020308,7.553184,7.4690304,7.371521,7.2305207,7.3347898,7.240994,False,0.5572755417956656,routine automatic scoring,-0.22876724302768991
FINAWorldChampionships2019_Women3mSynchronised_final_r5::1,test,official_test,source_fit,FINAWorldChampionships2019_Women3mSynchronised_final,205c,2.8,63.0,7.500000000000001,0.5,False,62.69237880706786,63.17216148376464,64.51441783905028,62.694180750846854,7.483041509985924,62.85754868388175,0.1651698768138914,3.5528046e-05,0.43178025,5,False,0.0,13.30642058725843,0.30762119293213885,0.14245131611824746,0.1651698768138914,6.6631317,7.4830413,0.01716423,-0.06810522,0.87085056,entry,entry,True,0.8812556266784668,0.004642009735107422,0.9984891,1.0,0.99743605,6.6631317,6.7025657,6.5964203,6.6017857,7.5240407,7.552077,7.4876833,7.4830413,False,0.913312693498452,predicted high judge disagreement,-0.1651698768138914
FINAWorldChampionships2019_Women3mSynchronised_final_r5::3,test,official_test,source_fit,FINAWorldChampionships2019_Women3mSynchronised_final,405b,3.0,58.5,6.5,0.7071067811865476,False,54.444602966308594,56.54405164718628,54.597360134124756,56.11280071735382,6.245430007576942,56.20887006819248,1.7642671018838882,2.3698346e-06,0.6782709,5,False,0.0,15.597210646179466,4.055397033691406,2.291129931807518,1.7642671018838882,6.62453,6.24543,0.119897686,0.02639111,-0.52538866,entry,entry,True,0.5123481750488281,0.12898015975952148,0.983798,1.0,0.9523164,6.62453,6.740944,6.635348,6.757778,6.0916996,6.197867,6.11645,6.24543,False,0.9102167182662538,wide prediction interval; predicted high judge disagreement,-1.7642671018838882
FINAWorldChampionships2019_Women3mSynchronised_final_r5::4,test,official_test,source_fit,FINAWorldChampionships2019_Women3mSynchronised_final,5152b,3.0,66.6,7.3999999999999995,0.22360679774997896,False,65.63146591186523,66.33723878860474,62.777621269226074,65.44719815254211,7.231341816484928,65.08207634836435,0.5493895635008812,3.7560895e-07,0.1217987,5,False,0.0,10.425570089540093,0.9685340881347599,1.5179236516356411,-0.5493895635008812,7.1895866,7.231342,-0.025241852,0.4521551,-0.38515806,flight,flight,True,0.5214653015136719,0.03368425369262695,0.90549535,0.5,0.9833016,7.1895866,7.168496,7.5681405,7.539896,6.7235336,6.7098765,7.265026,7.231342,False,0.43962848297213625,routine automatic scoring,0.5493895635008812
FINAWorldChampionships2019_Women3mSynchronised_final_r5::10,test,official_test,source_fit,FINAWorldChampionships2019_Women3mSynchronised_final,405b,3.0,69.3,7.699999999999999,0.4472135954999579,False,50.485949993133545,53.07856893539429,51.35882234573364,52.82468685507774,5.870426714420319,52.83384042978287,2.3478904366493225,7.160581e-07,0.57615113,5,False,0.0,14.648148621718743,18.814050006866452,16.46615957021713,2.3478904366493225,6.0737233,5.8704267,-0.015410264,-0.051750977,-0.13613541,entry,entry,True,0.1486201286315918,0.04010772705078125,0.6824965,1.0,0.8857657,6.0737233,6.0811305,6.040195,6.019047,5.9481926,5.9422803,5.9105344,5.8704267,False,0.7120743034055728,wide prediction interval,-2.3478904366493225
FINAWorldChampionships2019_Women3mSynchronised_final_r5::11,test,official_test,source_fit,FINAWorldChampionships2019_Women3mSynchronised_final,405b,3.0,76.5,8.5,0.0,False,71.7731580734253,71.71379327774048,70.95708847045898,71.07385991513729,7.914265505969524,71.22838955372572,0.5447685196995735,5.1626427e-07,0.35801348,5,False,0.0,12.620860326977965,4.726841926574707,5.2716104462742805,-0.5447685196995735,8.01512,7.9142656,0.025119543,-0.043738842,-0.08223462,entry,entry,True,0.07890033721923828,0.019992828369140625,0.7613801,1.0,0.5517324,8.01512,8.045277,7.973945,7.993166,7.9294615,7.960658,7.894273,7.9142656,False,0.3746130030959752,routine automatic scoring,0.5447685196995735
FINAWorldChampionships2019_Women3m_final_r1::5,test,official_test,source_test,FINAWorldChampionships2019_Women3m_final,205b,3.0,67.5,7.5,0.0,False,56.04495906829834,57.94503164291382,59.24873971939087,56.76391030848026,6.370596200227737,57.33536580204964,1.290406733751297,7.511462e-07,0.40564826,5,False,0.0,13.063559842614008,11.45504093170166,10.164634197950363,1.290406733751297,6.4194074,6.3705964,-0.014347236,0.04939111,-0.08385483,entry,entry,True,0.10079240798950195,0.03728675842285156,0.022281118,0.5,0.64954394,6.4194074,6.419208,6.4788485,6.471389,6.3504357,6.3333097,6.401146,6.3705964,False,0.5789473684210527,phase boundary ambiguity,-1.290406733751297
FINAWorldChampionships2019_Women3m_final_r1::6,test,official_test,source_test,FINAWorldChampionships2019_Women3m_final,405b,3.0,76.5,8.5,0.0,False,72.06564331054688,71.96983909606934,71.24968957901001,70.93940345942974,7.93481007963419,71.4132907167077,0.6523525938391685,5.335642e-07,0.35798314,5,False,0.0,12.620578370052847,4.434356689453125,5.0867092832922935,-0.6523525938391685,8.015106,7.93481,-0.021013021,0.011360407,-0.070643425,entry,entry,True,0.06218290328979492,0.06218290328979492,0.9609148,1.0,-0.105250046,8.015106,7.9986196,8.02771,7.996993,7.9362206,7.9244747,7.960131,7.93481,False,0.4024767801857585,routine automatic scoring,0.6523525938391685
FINAWorldChampionships2019_Women3m_final_r2::2,test,official_test,source_test,FINAWorldChampionships2019_Women3m_final,107b,3.1,58.9,6.333333333333333,0.28867513459481287,False,66.93513793945313,67.77457394599915,65.41891765594482,66.83766228407622,7.194086693227291,66.90500624701382,0.03013169243931202,1.7161732e-07,0.4997706,5,False,0.0,13.938297135305065,8.03513793945313,8.005006247013817,0.03013169243931202,7.4945908,7.1940866,-0.06479192,-0.5346,0.29888773,flight,flight,True,0.4884014129638672,0.061643123626708984,-0.45649326,0.0,0.9505991,7.4945908,7.4140553,6.9011974,6.83049,7.716175,7.682488,7.2557297,7.1940866,False,0.8792569659442725,wide prediction interval; phase boundary ambiguity; predicted high judge disagreement,-0.03013169243931202
FINAWorldChampionships2019_Women3m_final_r2::4,test,official_test,source_test,FINAWorldChampionships2019_Women3m_final,205b,3.0,60.0,6.666666666666667,0.28867513459481287,False,71.99948072433472,71.91192054748535,70.67580842971802,70.43650214374065,7.874107867479324,70.86697080731392,1.1325099170207977,1.0224416e-07,0.18809351,5,False,0.0,11.04168883225278,11.999480724334717,10.866970807313919,1.1325099170207977,7.948438,7.874108,-0.013709068,-0.06501651,0.0043952465,flight,flight,True,0.06564140319824219,0.06564140319824219,0.6246132,0.5,0.157291,7.948438,7.9519296,7.8833785,7.85268,7.935133,7.9397492,7.9056854,7.874108,False,0.5789473684210527,routine automatic scoring,-1.1325099170207977
FINAWorldChampionships2019_Women3m_final_r2::6,test,official_test,source_test,FINAWorldChampionships2019_Women3m_final,107b,3.1,68.2,7.333333333333333,0.28867513459481287,False,72.06742129325868,72.26746988296509,72.72185525894166,71.45404175072909,7.7002990916371346,71.61278155222536,0.4546397410333185,1.1881613e-07,0.27711046,5,False,0.0,11.868978424663867,3.8674212932586727,3.412781552225354,0.4546397410333185,7.8829856,7.7002993,-0.023915133,0.3502032,-0.5089744,entry,entry,True,0.5247659683227539,0.02665567398071289,0.8671853,0.5,0.9868158,7.8829856,7.8561263,8.230716,8.225065,7.384118,7.3533077,7.726955,7.7002993,False,0.6130030959752322,routine automatic scoring,-0.4546397410333185
FINAWorldChampionships2019_Women3m_final_r3::9,test,official_test,source_test,FINAWorldChampionships2019_Women3m_final,305b,3.0,76.5,8.5,0.0,False,71.96614408493042,71.88273811340332,69.57377672195435,71.44520129263401,7.964393116533756,71.6795380488038,0.2866060361266136,1.1448795e-06,0.6848911,5,False,0.0,15.658736527743146,4.53385591506958,4.820461951196194,-0.2866060361266136,7.661354,7.964393,-0.015136719,-0.016605139,0.33478093,entry,entry,True,0.33319568634033203,0.03833818435668945,0.76872563,0.5,0.993091,7.661354,7.668425,7.6628428,7.6311975,7.9967265,8.000086,8.002731,7.964393,False,0.9102167182662538,wide prediction interval; predicted high judge disagreement,0.2866060361266136
FINAWorldChampionships2019_Women3m_final_r4::1,test,official_test,source_test,FINAWorldChampionships2019_Women3m_final,107b,3.1,37.2,4.0,0.0,False,46.54513077735901,49.92477722167969,50.447082710266116,51.57152953147889,5.575367867946625,51.850921171903614,5.305790394544601,2.6794685e-06,0.44743916,5,False,0.0,13.451948582677845,9.34513077735901,14.650921171903612,-5.305790394544601,5.805345,5.575368,-0.16684277,-0.082528435,0.01939408,takeoff,takeoff,True,0.23119878768920898,0.003899097442626953,0.7574815,0.5,0.6433342,5.805345,5.6873794,5.792131,5.579267,5.8325534,5.7426896,5.8065667,5.575368,False,0.8699690402476781,teacher-adapter difference,5.305790394544601
FINAWorldChampionships2019_Women3m_final_r4::3,test,official_test,source_test,FINAWorldChampionships2019_Women3m_final,205b,3.0,57.0,6.333333333333333,0.28867513459481287,False,61.36680507659912,62.60387420654297,61.456931591033936,61.18620014190674,6.808726012706757,61.27853411436081,0.08827096223831177,1.2878073e-07,0.27367872,5,False,0.0,11.837085163438603,4.366805076599121,4.278534114360809,0.08827096223831177,6.9759536,6.808726,-0.05830868,0.03485505,-0.1437741,entry,entry,True,0.13188791275024414,0.05377817153930664,0.9158661,0.5,0.9668702,6.9759536,6.914843,7.016563,6.9406137,6.822022,6.7778964,6.862504,6.808726,False,0.17647058823529413,routine automatic scoring,-0.08827096223831177
FINAWorldChampionships2019_Women3m_final_r4::4,test,official_test,source_test,FINAWorldChampionships2019_Women3m_final,107b,3.1,60.45,6.5,0.0,False,75.33349800109863,75.12665119171143,74.32039031982423,74.28470049798489,7.997322283685207,74.37509723827243,0.9584007628262015,1.10083796e-07,0.20958436,5,False,0.0,11.241416537697274,14.88349800109863,13.925097238272429,0.9584007628262015,8.074184,7.997322,0.028672138,-0.27681527,0.17128079,flight,entry,False,0.17905521392822266,0.020268917083740234,0.46539524,0.0,0.8051297,8.074184,8.109654,7.698004,7.7256703,8.143489,8.176377,7.977053,7.997322,False,0.541795665634675,routine automatic scoring,-0.9584007628262015
FINAWorldChampionships2019_Women3m_final_r4::11,test,official_test,source_test,FINAWorldChampionships2019_Women3m_final,107b,3.1,77.5,8.333333333333332,0.2886751345948129,False,78.57741508483888,77.96644449234009,79.19601316452027,78.20092043280602,8.442625112831593,78.51641354933382,0.06100153550505638,2.2901742e-07,0.3240974,5,False,0.0,12.305657135154316,1.0774150848388757,1.0164135493338193,0.06100153550505638,8.144551,8.442625,-0.008490562,0.15405178,0.15251255,flight,entry,False,0.21244049072265625,0.21244049072265625,0.6629414,0.0,0.2794714,8.144551,8.147986,8.242751,8.222373,8.231861,8.230185,8.460505,8.442625,False,0.16718266253869968,routine automatic scoring,-0.06100153550505638
FINAWorldChampionships2019_Women3m_final_r5::0,test,official_test,source_test,FINAWorldChampionships2019_Women3m_final,5152b,3.0,63.0,7.0,0.0,False,64.15469312667847,65.04444408416748,62.83714056015015,64.30181061476469,7.12140316516161,64.09262848645449,0.06206464022397995,3.3385427e-07,0.19545895,5,False,0.0,11.110140384653956,1.1546931266784668,1.0926284864544868,0.06206464022397995,7.296479,7.121403,-0.10077143,0.059091806,-0.13339639,entry,entry,True,0.1665329933166504,0.10032463073730469,0.93722135,1.0,-0.60930985,7.296479,7.197869,7.384724,7.287936,7.1988273,7.0888567,7.221728,7.121403,False,0.11145510835913312,routine automatic scoring,-0.06206464022397995
FINAWorldChampionships2019_Women3m_final_r5::1,test,official_test,source_test,FINAWorldChampionships2019_Women3m_final,405b,3.0,58.5,6.5,0.0,False,60.67319869995117,61.99668216705322,62.89428663253784,61.39912214130163,6.805442430078983,61.24898187071085,0.5757831707596779,2.9014186e-07,0.36529356,5,False,0.0,12.688518633177239,2.173198699951172,2.7489818707108498,-0.5757831707596779,6.735538,6.8054423,0.04551816,-0.068100214,0.09248638,entry,entry,True,0.09198188781738281,0.07723808288574219,0.75433034,0.5,0.475134,6.735538,6.7840595,6.6785884,6.7134604,6.8305416,6.8826804,6.760915,6.8054423,False,0.38699690402476783,routine automatic scoring,0.5757831707596779
FINAWorldChampionships2019_Women3m_final_r5::2,test,official_test,source_test,FINAWorldChampionships2019_Women3m_final,5152b,3.0,60.0,6.666666666666667,0.28867513459481287,False,61.02834892272949,62.307586669921875,59.31315994262695,61.885456055402756,6.835974834859371,61.52377351373434,0.4954245910048485,5.794831e-07,0.23248036,5,False,0.0,11.454203308014899,1.0283489227294922,1.5237735137343407,-0.4954245910048485,6.818318,6.8359747,0.030207237,-0.0050441422,-0.007506291,takeoff,flight,False,0.005852222442626953,0.005852222442626953,0.4726765,0.5,-0.10523245,6.818318,6.8719897,6.8397245,6.851305,6.817745,6.86836,6.8301225,6.8359747,False,0.39628482972136225,routine automatic scoring,0.4954245910048485
FINAWorldChampionships2019_Women3m_final_r5::3,test,official_test,source_test,FINAWorldChampionships2019_Women3m_final,107b,3.1,60.45,6.5,0.0,False,59.9578097820282,61.66649107933045,58.21237907409668,60.62390455976129,6.518472425639629,60.62179355844856,0.6639837764203591,3.3117757e-07,0.3669401,5,False,0.0,12.703821028222263,0.4921902179718032,0.17179355844855593,0.32039665952324725,6.692443,6.518472,-0.09989953,0.09105778,-0.16512895,entry,entry,True,0.17552423477172852,0.08569622039794922,0.90425146,1.0,0.4218628,6.692443,6.5972524,6.7903438,6.6939964,6.539191,6.432776,6.621599,6.518472,False,0.4024767801857585,routine automatic scoring,-0.32039665952324725
FINAWorldChampionships2019_Women3m_final_r5::6,test,official_test,source_test,FINAWorldChampionships2019_Women3m_final,5152b,3.0,58.5,6.5,0.0,False,63.462584495544434,64.438560962677,61.57650661468506,63.439746759831905,7.0354840233922005,63.319356210529804,0.14322828501462936,9.918447e-08,0.24535486,5,False,0.0,11.573854000354453,4.962584495544434,4.819356210529804,0.14322828501462936,6.9166927,7.035484,-0.012375593,-0.013237715,0.14440441,entry,entry,True,0.14124250411987305,0.02570343017578125,0.9941608,1.0,0.94696814,6.9166927,6.919518,6.9242845,6.8942413,7.066132,7.067678,7.0611873,7.035484,False,0.39628482972136225,routine automatic scoring,-0.14322828501462936
FINAWorldChampionships2019_Women3m_final_r5::9,test,official_test,source_test,FINAWorldChampionships2019_Women3m_final,5152b,3.0,76.5,8.5,0.0,False,76.8658618927002,76.17204093933105,76.03592205047607,76.57048577070236,8.531494863331318,76.78345376998186,0.0824081227183342,1.1818539e-06,0.57968867,5,False,0.0,14.68102513155321,0.3658618927001953,0.2834537699818611,0.0824081227183342,7.9648876,8.531495,-0.041195076,0.15746053,0.45034203,entry,entry,True,0.5389852523803711,0.24179744720458984,0.9360125,1.0,0.9742369,7.9648876,7.931388,8.03921,7.99251,8.3277855,8.289698,8.579186,8.531495,False,0.8390092879256966,wide prediction interval; predicted high judge disagreement,-0.0824081227183342
FullMenSynchronised10mPlatform_Tokyo2020Replays_1::0,test,official_test,source_validation,FullMenSynchronised10mPlatform_Tokyo2020Replays,101b,2.0,48.6,8.1,0.22360679774997896,False,48.52834510803223,48.40410804748535,49.032188415527344,47.93821236491203,8.017289124429226,48.103734746575356,0.42461036145687103,1.1715061e-06,0.31988862,5,False,0.0,12.26654239759448,0.07165489196777486,0.4962652534246459,-0.42461036145687103,8.093458,8.017289,0.014660438,0.054038364,-0.14486782,entry,entry,True,0.1274251937866211,0.1274251937866211,0.9240436,1.0,0.9905293,8.093458,8.120266,8.140473,8.144714,7.927122,7.9602532,8.018802,8.017289,False,0.3281733746130031,routine automatic scoring,0.42461036145687103
FullMenSynchronised10mPlatform_Tokyo2020Replays_1::3,test,official_test,source_validation,FullMenSynchronised10mPlatform_Tokyo2020Replays,401b,2.0,52.8,8.799999999999999,0.27386127875258304,False,49.06363105773926,48.872703552246094,49.59785842895508,49.04590255022049,8.167954407632351,49.007726445794106,0.05590461194515228,1.239593e-07,0.19762278,5,False,0.0,11.130250172969383,3.7363689422607393,3.7922735542058916,-0.05590461194515228,8.203937,8.167954,0.06341282,0.013466041,-0.112861,entry,entry,True,0.0975799560546875,0.0975799560546875,0.24563365,0.5,0.9455096,8.203937,8.2527075,8.190611,8.265534,8.076586,8.126905,8.089108,8.167954,False,0.11145510835913312,phase boundary ambiguity,0.05590461194515228
FullMenSynchronised10mPlatform_Tokyo2020Replays_1::4,test,official_test,source_validation,FullMenSynchronised10mPlatform_Tokyo2020Replays,201b,2.0,51.0,8.5,0.6123724356957945,False,50.463266372680664,50.09797668457031,49.92937088012695,49.908473789691925,8.319086857140064,49.914521142840385,0.5487452298402786,5.9557374e-07,0.061692633,5,False,0.0,9.866967166651316,0.5367336273193359,1.0854788571596146,-0.5487452298402786,8.411473,8.319087,0.026997248,0.04815642,-0.16753991,entry,entry,True,0.1636667251586914,0.1636667251586914,0.96463674,1.0,-0.06711422,8.411473,8.443954,8.457481,8.482754,8.238226,8.270617,8.299408,8.319087,False,0.46439628482972134,routine automatic scoring,0.5487452298402786
FullMenSynchronised10mPlatform_Tokyo2020Replays_1::5,test,official_test,source_validation,FullMenSynchronised10mPlatform_Tokyo2020Replays,101b,2.0,54.0,9.0,0.0,False,50.688520431518555,50.29516410827637,51.417320251464844,50.71942846477032,8.446741536259651,50.68044921755791,0.008071213960647583,1.2587612e-06,0.21261816,5,False,0.0,11.26961153778046,3.3114795684814453,3.319550782442093,-0.008071213960647583,8.246493,8.446741,0.052437466,0.05660264,0.09120766,entry,entry,True,0.08812999725341797,0.08812999725341797,0.59012175,0.5,0.9752376,8.246493,8.28549,8.290913,8.358611,8.338998,8.379736,8.382644,8.446741,False,0.07739938080495357,routine automatic scoring,0.008071213960647583
FullMenSynchronised10mPlatform_Tokyo2020Replays_1::6,test,official_test,source_validation,FullMenSynchronised10mPlatform_Tokyo2020Replays,401b,2.0,52.8,8.799999999999999,0.27386127875258304,False,52.80146026611328,52.14487266540527,50.594364166259766,52.94136509299278,8.786056332290173,52.716337993741035,0.08512227237224579,3.2201121e-06,0.28416172,5,False,0.0,11.934510144152867,0.0014602661132840922,0.0836620062589617,-0.0822017401456776,8.357849,8.7860565,0.13943498,0.19716899,0.091603436,flight,flight,True,0.26164913177490234,0.17667579650878906,0.5021516,0.0,0.90138495,8.357849,8.519256,8.488941,8.609381,8.362783,8.524407,8.67019,8.7860565,False,0.17027863777089783,routine automatic scoring,0.0822017401456776
FullMenSynchronised10mPlatform_Tokyo2020Replays_1::12,test,official_test,source_validation,FullMenSynchronised10mPlatform_Tokyo2020Replays,301b,2.0,52.2,8.700000000000001,0.4472135954999579,False,50.480220794677734,50.11281967163086,49.0850715637207,49.87305128574371,8.333519123494625,50.00111474096775,0.4791060537099838,9.4259286e-07,0.24103582,5,False,0.0,11.53371446846953,1.7197792053222685,2.1988852590322523,-0.4791060537099838,8.45388,8.333519,0.05182028,-0.006602764,-0.16557884,entry,entry,True,0.16051006317138672,0.034221649169921875,0.9424316,1.0,0.95836234,8.45388,8.520777,8.459063,8.494029,8.28071,8.354429,8.299297,8.333519,False,0.38699690402476783,routine automatic scoring,0.4791060537099838
FullMenSynchronised10mPlatform_Tokyo2020Replays_1::14,test,official_test,source_validation,FullMenSynchronised10mPlatform_Tokyo2020Replays,407c,3.2,74.88,7.799999999999998,0.27386127875258304,False,72.11632232666017,72.60635375976564,74.08750762939454,73.30125689506532,7.656909182667732,73.50632815361024,1.3900058269500732,1.072107e-06,0.28355527,5,False,0.0,11.928874052336344,2.763677673339828,1.3736718463897546,1.3900058269500732,7.564933,7.656909,0.1953594,0.032799643,-0.13618286,takeoff,takeoff,True,0.2487049102783203,0.08861637115478516,0.6191062,0.0,0.81866956,7.564933,7.7098565,7.5448256,7.77892,7.417488,7.5682926,7.408204,7.656909,False,0.6222910216718266,routine automatic scoring,-1.3900058269500732
FullMenSynchronised10mPlatform_Tokyo2020Replays_2::11,test,official_test,source_validation,FullMenSynchronised10mPlatform_Tokyo2020Replays,107b,3.0,65.7,7.300000000000001,0.2738612787525831,False,71.7905044555664,71.7289810180664,73.30733871459961,71.6587086841464,7.974501967430115,71.77051770687103,0.019986748695373535,3.3192308e-07,0.3621731,5,False,0.0,12.659518338634545,6.090504455566403,6.07051770687103,0.019986748695373535,7.870998,7.974502,-0.085539974,0.15570958,0.033334572,flight,flight,True,0.25213146209716797,0.25213146209716797,0.7767411,1.0,0.8063301,7.870998,7.72871,7.9661884,7.771128,7.770196,7.7223706,7.9673915,7.974502,False,0.2755417956656347,routine automatic scoring,-0.019986748695373535
FullMenSynchronised10mPlatform_Tokyo2020Replays_2::13,test,official_test,source_validation,FullMenSynchronised10mPlatform_Tokyo2020Replays,307c,3.4,65.28,6.4,0.5477225575051661,False,77.1699119567871,77.62251205444335,76.31228399276733,77.35352190434932,7.577061280608177,77.28602506220341,0.1161131054163036,3.946402e-07,0.3568665,5,False,0.0,12.610200804168453,11.889911956787103,12.006025062203406,-0.1161131054163036,7.346847,7.577061,0.030795097,0.057958603,0.14146042,entry,entry,True,0.16075515747070312,0.16075515747070312,0.33423817,0.5,0.9360175,7.346847,7.3696094,7.368701,7.416306,7.4732156,7.478795,7.5340304,7.577061,False,0.34365325077399383,phase boundary ambiguity,0.1161131054163036
FullMenSynchronised10mPlatform_Tokyo2020Replays_3::9,test,official_test,source_validation,FullMenSynchronised10mPlatform_Tokyo2020Replays,5255b,3.6,89.64,8.299999999999999,0.27386127875258304,False,92.17251892089844,91.3482147216797,93.30222930908204,91.873639190197,8.501378826797009,91.8148913294077,0.35762759149073986,3.4128135e-07,0.2079572,5,False,0.0,11.226294312573458,2.5325189208984398,2.1748913294077,0.35762759149073986,8.509499,8.501379,0.07998053,-0.06557401,-0.022526106,takeoff,takeoff,True,0.07445430755615234,0.02088642120361328,0.6398687,0.0,0.8145346,8.509499,8.597199,8.45068,8.522265,8.487527,8.571514,8.426925,8.501379,False,0.33746130030959753,routine automatic scoring,-0.35762759149073986
FullMenSynchronised10mPlatform_Tokyo2020Replays_3::10,test,official_test,source_validation,FullMenSynchronised10mPlatform_Tokyo2020Replays,5253b,3.2,76.8,7.999999999999998,0.7071067811865476,False,76.83497314453126,76.73714904785157,75.10848541259767,76.61482858657838,7.967867337167263,76.49152643680574,0.3434467077255192,2.0566978e-07,0.17553794,5,False,0.0,10.925002149769952,0.03497314453126421,0.308473563194255,-0.2735004186629908,8.092245,7.9678674,0.036456186,-0.14241664,-0.018417278,flight,flight,True,0.15696954727172852,0.02901458740234375,-0.34403813,0.5,0.9827881,8.092245,8.130205,7.964589,7.996882,8.084633,8.124837,7.9327073,7.9678674,False,0.3498452012383901,phase boundary ambiguity,0.2735004186629908
