clip_uid,analysis_role,valid_reference_count,open_set,reference_distance,reference_dispersion
01::1,official_test,5,False,4.2047094e-07,0.2482483
01::8,official_test,5,False,5.7272796e-06,0.2440639
01::9,official_test,5,False,3.5234447e-07,0.39579472
01::11,official_test,5,False,1.1985098e-07,0.3696825
01::15,official_test,5,False,3.596326e-08,0.4612241
01::17,official_test,5,False,5.229739e-07,0.5796706
01::21,official_test,5,False,1.0632807e-06,0.3757712
01::33,official_test,2,True,0.00031792678,2.4902308
01::45,official_test,5,False,1.8400378e-06,0.5225697
01::54,official_test,5,False,1.3435181e-06,0.21055353
01::56,official_test,4,False,6.762148e-05,0.6092746
01::66,official_test,5,False,6.282837e-07,0.2418704
01::68,official_test,5,False,4.2738301e-07,0.49600637
01::74,official_test,5,False,8.266799e-07,0.27386552
01::77,official_test,5,False,1.6936655e-06,0.34240514
01::80,official_test,5,False,4.8457696e-07,0.48396358
01::90,official_test,5,False,-5.276285e-08,0.2649104
01::100,official_test,5,False,8.685521e-08,0.48192158
01::102,official_test,5,False,6.3512664e-07,0.23645245
01::103,official_test,5,False,2.4699561e-06,0.6115265
01::115,official_test,5,False,1.9269069e-07,0.17519623
01::117,official_test,5,False,1.5511947e-05,0.45754948
01::118,official_test,5,False,1.915934e-09,0.2944266
01::120,official_test,5,False,4.9953513e-07,0.24708003
01::123,official_test,5,False,1.2685868e-07,0.17080946
01::126,official_test,5,False,3.0147373e-06,0.45380706
01::131,official_test,5,False,2.269158e-07,0.0889815
01::133,official_test,5,False,2.1522837e-06,0.3263151
01::135,official_test,5,False,6.364177e-07,0.18975726
01::139,official_test,5,False,4.2428837e-07,0.36785644
01::142,official_test,5,False,2.372436e-05,0.35121682
01::144,official_test,2,True,1.1240712e-06,0.33289447
01::153,official_test,5,False,3.2260268e-06,0.5050984
01::157,official_test,5,False,0.0006926385,0.33911613
01::161,official_test,5,False,1.9828147e-07,0.28619608
01::162,official_test,5,False,3.506635e-07,0.30547917
01::167,official_test,5,False,4.260495e-07,0.31023103
01::169,official_test,5,False,6.896378e-07,0.2711689
01::171,official_test,5,False,3.5421903e-07,0.38031223
01::177,official_test,2,True,3.793418e-05,0.33307567
01::182,official_test,5,False,6.20118e-07,0.29878193
02::5,official_test,5,False,4.7968285e-07,0.17927256
02::6,official_test,5,False,3.2341452e-06,0.10875565
02::14,official_test,5,False,1.4260572e-06,0.1231464
02::18,official_test,5,False,2.9939832e-07,0.4057256
02::19,official_test,5,False,3.448114e-08,0.35672507
02::26,official_test,5,False,2.721137e-07,0.12852387
02::27,official_test,5,False,6.6486535e-08,0.43666568
02::42,official_test,5,False,5.3050456e-07,0.2742077
02::46,official_test,5,False,2.0122215e-07,0.27142608
02::56,official_test,2,True,5.5053765e-06,0.08306348
02::61,official_test,5,False,1.1081403e-07,0.31907764
02::66,official_test,5,False,1.71666e-06,0.123134226
02::67,official_test,5,False,1.42072195e-05,0.39764243
02::69,official_test,5,False,2.6953586e-07,0.23175201
02::86,official_test,5,False,2.1089629e-07,0.3519214
02::89,official_test,5,False,4.534067e-06,0.5546471
02::97,official_test,5,False,1.1806878e-06,0.6858989
02::99,official_test,5,False,2.5177908e-07,0.346014
02::100,official_test,5,False,5.404223e-06,0.30577335
02::108,official_test,5,False,1.1373684e-06,0.4735182
03::4,official_test,5,False,3.494972e-07,0.3530153
03::5,official_test,5,False,1.4852343e-07,0.2661536
03::8,official_test,5,False,2.2247818e-06,0.34412804
03::10,official_test,5,False,2.6165463e-07,0.30511513
03::13,official_test,5,False,9.6655846e-08,0.36295566
03::15,official_test,5,False,1.0491703e-07,0.22426492
03::18,official_test,5,False,1.255923e-07,0.46737534
03::20,official_test,5,False,1.772188e-07,0.37721175
03::23,official_test,5,False,3.7381537e-07,0.39980796
03::31,official_test,5,False,1.325885e-07,0.23911054
03::37,official_test,5,False,7.795817e-08,0.41386452
03::46,official_test,5,False,1.7978753e-07,0.5091172
03::51,official_test,5,False,1.9271808e-07,0.17923196
03::66,official_test,5,False,2.7332734e-07,0.26718572
03::70,official_test,5,False,2.64199e-08,0.3679666
03::71,official_test,5,False,4.078965e-07,0.2619019
04::6,official_test,5,False,7.1226395e-07,0.21438234
04::7,official_test,5,False,9.500566e-08,0.22610152
04::8,official_test,5,False,4.2552432e-07,0.3043933
04::9,official_test,5,False,3.8893304e-06,4.0537316e-16
04::16,official_test,5,False,3.6362493e-07,0.4069996
04::34,official_test,5,False,7.8638936e-07,0.371203
04::36,official_test,5,False,2.901665e-07,0.29153052
04::40,official_test,5,False,4.5257553e-07,0.25320345
04::47,official_test,5,False,1.8855484e-05,0.58941364
04::50,official_test,5,False,2.4177e-05,0.78319395
04::55,official_test,5,False,5.036382e-06,0.48465675
04::59,official_test,5,False,5.0190573e-07,0.50810534
04::60,official_test,5,False,8.164046e-07,0.35217047
04::63,official_test,5,False,0.00011171086,0.75259286
04::66,official_test,5,False,1.4493608e-05,0.49463993
04::67,official_test,5,False,2.3006763e-07,0.30461177
04::68,official_test,5,False,3.2301596e-05,0.6677068
04::69,official_test,5,False,4.407268e-07,0.33204123
04::70,official_test,5,False,0.00014619097,0.4356988
04::74,official_test,5,False,3.4808284e-08,0.1567631
04::78,official_test,5,False,1.2064892e-05,0.42195514
04::95,official_test,5,False,3.4245428e-08,0.48106435
04::96,official_test,2,True,2.55004e-06,0.083278604
04::98,official_test,5,False,3.756938e-06,0.49735716
04::100,official_test,5,False,8.280339e-08,0.4535596
04::101,official_test,5,False,4.8372904e-08,0.28056172
04::103,official_test,5,False,7.9436967e-07,0.18850856
04::111,official_test,5,False,1.5805058e-07,0.19774623
04::113,official_test,5,False,1.0314518e-06,0.22911394
04::114,official_test,5,False,7.5638974e-07,0.4032578
04::117,official_test,5,False,0.00010172214,0.9669432
04::126,official_test,5,False,1.4004947e-07,0.26840618
04::129,official_test,5,False,3.0986892e-05,0.28586113
05::4,official_test,5,False,5.0192934e-08,0.4237275
05::7,official_test,5,False,3.2538352e-07,0.2686099
05::13,official_test,5,False,9.811606e-08,0.43767214
05::14,official_test,5,False,8.158178e-08,0.30938402
05::16,official_test,5,False,1.10146736e-07,0.2629858
05::18,official_test,5,False,2.0130125e-07,0.31009516
05::21,official_test,5,False,6.1923515e-07,0.19766589
05::22,official_test,5,False,1.9723632e-07,0.33013907
05::25,official_test,5,False,9.469451e-06,0.3993084
05::26,official_test,5,False,2.536808e-07,0.52486753
05::32,official_test,5,False,2.2822972e-07,0.1216911
05::35,official_test,5,False,2.9794234e-07,0.37355047
05::44,official_test,5,False,1.4043144e-07,0.19792666
05::51,official_test,5,False,4.3123572e-07,0.31004077
05::55,official_test,5,False,3.536646e-05,0.38952503
05::58,official_test,3,False,6.68871e-06,0.28465277
05::66,official_test,5,False,1.7893375e-07,8.881784e-16
05::75,official_test,5,False,1.2121234e-06,0.4659155
05::85,official_test,5,False,1.65008e-06,0.18708278
05::87,official_test,5,False,1.7039143e-07,0.36248347
05::89,official_test,5,False,1.1917834e-07,0.16255549
05::90,official_test,5,False,3.0170028e-07,0.36251718
06::1,official_test,5,False,1.5287604e-07,0.33719498
06::9,official_test,5,False,6.8533865e-08,0.31973302
06::12,official_test,5,False,1.9968023e-07,0.4440779
06::13,official_test,5,False,6.068369e-08,0.22377475
06::18,official_test,5,False,9.2198235e-07,0.32658225
06::19,official_test,5,False,5.301454e-06,0.3262758
06::21,official_test,5,False,3.3792702e-07,0.3040716
06::22,official_test,5,False,1.4485416e-07,0.36037734
06::23,official_test,5,False,3.352611e-07,0.069361225
06::24,official_test,5,False,1.09245754e-07,0.4094692
06::28,official_test,5,False,4.9313235e-07,0.42559403
06::30,official_test,5,False,6.0836705e-06,0.50926703
06::31,official_test,5,False,0.0,0.30533358
06::34,official_test,5,False,6.65924e-07,0.20943864
06::43,official_test,5,False,1.1478461e-07,0.37203404
06::46,official_test,5,False,2.764709e-05,0.77330625
06::47,official_test,5,False,2.1906383e-06,0.4214517
06::48,official_test,5,False,2.435962e-07,0.4039698
06::55,official_test,5,False,2.1367848e-07,0.28105646
06::57,official_test,5,False,1.4603436e-06,0.18782082
06::58,official_test,5,False,1.6585604e-06,0.38505808
06::60,official_test,5,False,1.2069738e-07,0.18092735
07::3,official_test,1,True,3.33786e-06,0.0
07::7,official_test,5,False,0.0001658638,0.24835218
07::8,official_test,5,False,1.1154571e-05,0.3768306
07::11,official_test,5,False,5.214062e-05,0.3592228
07::12,official_test,5,False,3.208851e-06,0.40640825
07::14,official_test,5,False,1.385405e-05,0.37662807
07::19,official_test,5,False,1.9082467e-05,0.43095154
07::23,official_test,5,False,4.325039e-07,0.21076386
07::24,official_test,5,False,5.8899747e-07,0.3748548
07::25,official_test,5,False,1.03718185e-05,0.43150544
07::36,official_test,3,False,0.00017509228,1.1445948
07::43,official_test,5,False,3.1094908e-06,0.14003511
07::45,official_test,5,False,9.1358316e-07,0.37134594
07::46,official_test,5,False,3.5443037e-07,0.33800876
07::56,official_test,5,False,3.9513643e-06,0.2885592
07::66,official_test,5,False,2.8681163e-06,0.3772471
07::67,official_test,5,False,1.7892386e-07,0.4113145
07::68,official_test,5,False,2.119185e-07,0.21878824
07::70,official_test,5,False,4.601048e-07,0.3339814
07::71,official_test,5,False,1.2921885e-06,0.43217486
07::83,official_test,5,False,8.8956895e-06,0.47874516
07::86,official_test,5,False,1.2396528e-05,0.5190437
07::87,official_test,5,False,1.8699307e-06,0.30447426
07::89,official_test,5,False,3.9931765e-05,0.7923906
07::93,official_test,5,False,1.0723525e-06,0.34977904
07::94,official_test,5,False,2.906748e-06,0.12494971
07::96,official_test,5,False,1.759651e-06,0.3044176
09::4,official_test,5,False,0.00013618862,0.29557857
09::6,official_test,5,False,0.00034958505,0.29446328
09::16,official_test,5,False,6.9594935e-05,0.62818676
09::17,official_test,5,False,6.363896e-06,0.18066894
09::18,official_test,5,False,4.2876245e-06,0.8207933
09::21,official_test,5,False,4.6607597e-06,0.7928736
09::23,official_test,5,False,5.8844034e-07,0.25721458
09::32,official_test,5,False,3.3603148e-05,0.41296035
09::35,official_test,5,False,9.042776e-07,0.28726894
09::46,official_test,5,False,4.7869094e-07,0.43282947
09::54,official_test,4,False,3.1046726e-05,0.39457065
09::61,official_test,5,False,6.541854e-05,0.5614538
09::65,official_test,5,False,3.881835e-07,0.21997996
09::70,official_test,0,True,0.0,0.0
09::73,official_test,5,False,9.903016e-07,0.20222141
09::77,official_test,5,False,7.256172e-07,0.2134927
09::82,official_test,5,False,2.1404292e-06,0.59403735
09::83,official_test,5,False,1.5672072e-06,0.5372101
09::87,official_test,2,True,4.7329188e-05,0.2475438
10::9,official_test,5,False,4.1624878e-07,0.39319023
10::15,official_test,2,True,0.00012055153,0.8319335
10::27,official_test,5,False,2.9350574e-06,0.5881858
10::30,official_test,5,False,0.000116138406,0.7040056
10::35,official_test,5,False,1.1009063e-05,0.5609406
10::38,official_test,1,True,3.129244e-05,0.0
10::41,official_test,5,False,4.0866863e-07,0.22512227
10::43,official_test,5,False,6.5403816e-07,0.4795716
13::9,official_test,5,False,5.0147514e-06,0.30883074
13::11,official_test,5,False,2.0999949e-05,0.5721832
13::12,official_test,5,False,1.9092425e-07,0.50931007
13::17,official_test,5,False,1.4680669e-05,0.46976656
13::20,official_test,5,False,1.6918748e-06,0.35065308
13::23,official_test,5,False,4.3903343e-05,0.42356822
13::26,official_test,5,False,7.6165725e-07,0.5282067
13::28,official_test,5,False,1.10541414e-07,0.3612027
13::30,official_test,5,False,1.1915348e-06,0.40113533
14::2,official_test,3,False,5.086378e-05,0.28406522
14::3,official_test,2,True,9.528129e-06,0.2483693
14::10,official_test,5,False,9.109123e-06,0.430207
14::12,official_test,5,False,2.2461963e-06,0.67437
14::15,official_test,5,False,1.3618592e-06,0.17290525
14::16,official_test,5,False,2.6756925e-06,0.34515724
14::20,official_test,5,False,1.7336797e-06,0.36578274
14::27,official_test,5,False,8.8925134e-07,0.06321874
14::30,official_test,5,False,5.798765e-07,0.39419892
14::34,official_test,5,False,3.0454728e-06,0.3350464
14::40,official_test,5,False,2.887511e-07,0.32373562
14::45,official_test,5,False,0.0005956745,1.3509108
14::49,official_test,5,False,1.4881235e-07,0.27549073
14::51,official_test,5,False,4.2384107e-07,0.121688984
14::52,official_test,5,False,1.2155089e-05,0.5017873
14::56,official_test,5,False,2.6691567e-05,0.34460387
14::60,official_test,5,False,4.744901e-07,0.27305537
14::67,official_test,5,False,6.351995e-06,0.4746419
14::69,official_test,5,False,2.566801e-06,0.4673967
14::70,official_test,5,False,2.474064e-06,0.5403371
14::71,official_test,3,False,9.935635e-06,0.28457788
14::79,official_test,5,False,1.0126477e-06,0.12583905
14::82,official_test,5,False,1.761764e-07,0.34118304
14::83,official_test,5,False,6.7608886e-07,0.20147498
14::85,official_test,5,False,3.057303e-07,0.3826217
14::86,official_test,5,False,2.187266e-07,0.31620595
17::2,official_test,5,False,5.693949e-07,0.26146692
17::6,official_test,5,False,6.936106e-08,0.3634225
17::10,official_test,5,False,2.4595093e-07,0.2690554
17::13,official_test,5,False,2.8331465e-07,0.3033594
17::14,official_test,5,False,7.1164453e-07,0.36249852
17::20,official_test,5,False,4.4954135e-07,0.38401482
17::25,official_test,5,False,7.160933e-08,0.2136338
17::29,official_test,5,False,1.11850426e-07,0.2958404
17::33,official_test,5,False,3.694871e-07,0.20074773
17::43,official_test,5,False,9.281099e-06,0.5610313
17::44,official_test,5,False,1.7199743e-07,0.5283394
17::53,official_test,5,False,5.031389e-07,0.23074487
17::68,official_test,5,False,2.1964779e-07,0.22263084
17::79,official_test,5,False,2.201364e-06,0.48474526
17::80,official_test,5,False,1.468212e-07,0.5099732
17::84,official_test,5,False,5.973781e-07,0.36697876
17::85,official_test,5,False,2.0825516e-07,0.25480887
17::87,official_test,5,False,2.4074955e-08,0.3845891
17::97,official_test,5,False,1.1623709e-07,0.09210378
17::103,official_test,5,False,1.4035267e-07,0.57573277
17::112,official_test,5,False,7.0034524e-08,0.32649213
17::114,official_test,5,False,1.696381e-07,0.6028359
17::125,official_test,5,False,2.0781512e-07,0.3809643
17::138,official_test,5,False,2.3250093e-06,0.43095237
17::150,official_test,5,False,1.3445722e-07,0.10756119
17::151,official_test,5,False,2.6881946e-07,0.28905612
17::153,official_test,5,False,2.298011e-06,0.48478732
17::160,official_test,5,False,1.930767e-07,0.24159722
17::162,official_test,5,False,5.643286e-07,0.54451317
17::163,official_test,5,False,2.2070748e-07,0.23506421
17::164,official_test,5,False,1.3005384e-05,0.33111942
17::169,official_test,5,False,1.6389366e-06,0.5377337
18::13,official_test,5,False,1.1150568e-07,0.20744114
18::20,official_test,5,False,3.4403272e-06,0.36167535
18::28,official_test,5,False,1.0362545e-06,0.2730492
18::37,official_test,5,False,2.1454314e-06,0.36159968
18::38,official_test,5,False,1.4105568e-07,0.2937295
18::42,official_test,5,False,3.368086e-08,0.23326941
18::47,official_test,5,False,1.1795933e-07,0.18966766
18::58,official_test,5,False,1.9110703e-07,0.23982674
18::61,official_test,5,False,2.570502e-07,0.3096059
18::65,official_test,5,False,3.2193955e-06,0.13387808
18::69,official_test,1,True,0.00012075901,0.0
22::5,official_test,5,False,5.4409463e-07,0.17355578
22::11,official_test,5,False,8.347153e-05,0.8311205
22::20,official_test,3,False,2.6883026e-05,0.5280061
22::24,official_test,3,False,4.0085433e-05,0.5250319
22::26,official_test,3,False,6.0071627e-05,0.52362025
22::28,official_test,3,False,0.00013275276,0.5208581
22::30,official_test,3,False,4.954802e-05,0.52943605
22::35,official_test,5,False,0.00046782015,0.3687326
22::36,official_test,5,False,5.569673e-06,0.55659324
22::41,official_test,5,False,9.342539e-06,0.39579234
22::47,official_test,5,False,1.543688e-05,0.37342858
22::48,official_test,0,True,0.0,0.0
26::6,official_test,5,False,1.8436096e-07,0.3229818
26::7,official_test,5,False,9.945575e-07,0.45932338
26::14,official_test,5,False,8.7970835e-07,0.4029106
26::16,official_test,5,False,6.381981e-07,0.45942014
26::19,official_test,5,False,1.0258348e-06,0.4056876
26::25,official_test,5,False,2.906263e-07,0.279742
26::26,official_test,5,False,6.333642e-08,0.25963953
26::30,official_test,5,False,2.7464372e-05,0.5682278
26::33,official_test,5,False,9.3488217e-07,0.55968827
26::39,official_test,5,False,9.105712e-07,0.2765241
26::59,official_test,5,False,5.809347e-07,0.2756604
26::60,official_test,5,False,4.2575095e-05,0.5371383
26::62,official_test,5,False,9.623827e-08,0.39122885
26::69,official_test,5,False,2.1119629e-06,0.42144737
26::73,official_test,5,False,1.1002937e-06,0.54914504
26::77,official_test,5,False,9.992523e-05,0.9770327
26::82,official_test,5,False,1.8133231e-06,0.5026396
26::83,official_test,5,False,1.2735682e-06,0.2759254
26::84,official_test,5,False,3.660897e-05,0.24110414
26::87,official_test,5,False,4.587758e-06,0.66871977
26::89,official_test,5,False,9.002705e-08,0.33458504
26::94,official_test,5,False,3.607007e-08,0.39824754
26::105,official_test,5,False,1.8399224e-06,0.28011763
26::113,official_test,5,False,2.1950055e-07,0.26332602
26::114,official_test,5,False,3.0370904e-07,0.18491803
26::116,official_test,5,False,4.4320477e-05,0.47389588
26::123,official_test,5,False,4.2074677e-07,0.15080012
3mMenSpringboardFinal-EuropeanChampionships2021_1::1,official_test,5,False,1.1603021e-06,0.31675902
3mMenSpringboardFinal-EuropeanChampionships2021_1::2,official_test,5,False,9.127537e-08,0.3204299
3mMenSpringboardFinal-EuropeanChampionships2021_1::4,official_test,5,False,1.4219982e-07,0.2843929
3mMenSpringboardFinal-EuropeanChampionships2021_1::8,official_test,5,False,2.4489262e-07,0.2721277
3mMenSpringboardFinal-EuropeanChampionships2021_1::9,official_test,5,False,1.9205046e-07,0.3230863
3mMenSpringboardFinal-EuropeanChampionships2021_1::15,official_test,5,False,1.4802399e-07,0.21229036
3mMenSpringboardFinal-EuropeanChampionships2021_1::17,official_test,5,False,1.2872007e-07,0.18212715
3mMenSpringboardFinal-EuropeanChampionships2021_2::2,official_test,5,False,4.104445e-06,0.59782344
3mMenSpringboardFinal-EuropeanChampionships2021_2::6,official_test,5,False,1.0953883e-07,0.24223675
3mMenSpringboardFinal-EuropeanChampionships2021_2::10,official_test,5,False,8.657811e-07,0.25757536
3mMenSpringboardFinal-EuropeanChampionships2021_2::11,official_test,5,False,5.423417e-07,0.4155561
3mMenSpringboardFinal-EuropeanChampionships2021_2::12,official_test,5,False,1.2705648e-07,0.1359847
3mMenSpringboardFinal-EuropeanChampionships2021_2::15,official_test,5,False,6.6121066e-07,0.16990907
3mMenSpringboardFinal-EuropeanChampionships2021_3::1,official_test,5,False,3.1047375e-07,0.51117027
3mMenSpringboardFinal-EuropeanChampionships2021_3::2,official_test,5,False,7.007249e-07,0.17106387
3mMenSpringboardFinal-EuropeanChampionships2021_3::3,official_test,5,False,3.701073e-07,0.23562476
3mMenSpringboardFinal-EuropeanChampionships2021_3::5,official_test,5,False,2.9577122e-06,0.38714436
3mMenSpringboardFinal-EuropeanChampionships2021_3::10,official_test,5,False,1.5744861e-05,0.48606646
3mMenSpringboardFinal-EuropeanChampionships2021_3::18,official_test,5,False,1.9010865e-06,0.4933792
3mMenSpringboardFinal-EuropeanChampionships2021_3::19,official_test,5,False,1.3357721e-06,0.102466814
3mMenSpringboardFinal-EuropeanChampionships2021_3::21,official_test,5,False,1.7221651e-05,0.43784934
3mMenSpringboardFinal-EuropeanChampionships2021_4::13,official_test,5,False,1.8928938e-06,0.5092912
Budapest2021Diving10mPlatformWomenFinal_1::2,official_test,5,False,9.867449e-07,0.28894308
Budapest2021Diving10mPlatformWomenFinal_1::6,official_test,5,False,2.4076478e-05,0.48308674
Budapest2021Diving10mPlatformWomenFinal_1::8,official_test,5,False,2.5955244e-06,0.18705423
Budapest2021Diving10mPlatformWomenFinal_1::12,official_test,5,False,0.00022768824,0.78425604
Budapest2021Diving10mPlatformWomenFinal_2::1,official_test,5,False,2.3296589e-06,0.633266
Budapest2021Diving10mPlatformWomenFinal_2::5,official_test,5,False,8.470149e-05,0.97199583
Budapest2021Diving10mPlatformWomenFinal_2::9,official_test,5,False,4.3206575e-07,0.34948716
Budapest2021Diving10mPlatformWomenFinal_2::10,official_test,5,False,1.1379561e-06,0.45884243
Budapest2021Diving10mPlatformWomenFinal_2::11,official_test,5,False,1.4898154e-07,0.31305817
Budapest2021Diving10mPlatformWomenFinal_3::0,official_test,5,False,8.739433e-07,0.435319
Budapest2021Diving10mPlatformWomenFinal_3::3,official_test,5,False,1.1980458e-07,0.29808572
Budapest2021Diving10mPlatformWomenFinal_3::4,official_test,5,False,9.3656223e-07,0.46564925
Budapest2021Diving10mPlatformWomenFinal_3::6,official_test,5,False,6.63308e-07,0.29949868
Budapest2021Diving10mPlatformWomenFinal_3::7,official_test,5,False,2.1471682e-05,0.34265116
Budapest2021Diving10mPlatformWomenFinal_3::8,official_test,5,False,3.056904e-07,0.33203986
Diving_FullWomenSynchronised3mSpringboard-final_Tokyo2020Replays_1::4,official_test,5,False,2.3997595e-06,0.35032818
Diving_FullWomenSynchronised3mSpringboard-final_Tokyo2020Replays_1::5,official_test,5,False,1.1687973e-06,0.28309512
Diving_FullWomenSynchronised3mSpringboard-final_Tokyo2020Replays_2::2,official_test,5,False,9.432455e-08,0.28613272
Diving_FullWomenSynchronised3mSpringboard-final_Tokyo2020Replays_2::8,official_test,5,False,1.5134802e-06,0.6423835
Diving_FullWomenSynchronised3mSpringboard-final_Tokyo2020Replays_2::10,official_test,5,False,1.03896156e-07,0.3408959
Diving_FullWomenSynchronised3mSpringboard-final_Tokyo2020Replays_2::11,official_test,5,False,1.835133e-07,0.19256271
Diving_FullWomenSynchronised3mSpringboard-final_Tokyo2020Replays_3::1,official_test,5,False,8.8290555e-08,0.47699216
Diving_FullWomenSynchronised3mSpringboard-final_Tokyo2020Replays_3::2,official_test,5,False,8.222194e-07,0.67161804
Diving_FullWomenSynchronised3mSpringboard-final_Tokyo2020Replays_3::6,official_test,5,False,1.2887207e-07,0.293176
Diving_FullWomenSynchronised3mSpringboard-final_Tokyo2020Replays_3::8,official_test,5,False,5.252837e-07,0.17940605
Diving_FullWomenSynchronised3mSpringboard-final_Tokyo2020Replays_3::11,official_test,5,False,6.577087e-07,0.35027617
FINADivingWorldCup2021_Men10mSynchronised_final_r1::0,official_test,5,False,1.7823843e-06,0.20429508
FINADivingWorldCup2021_Men10mSynchronised_final_r1::4,official_test,5,False,2.877277e-07,0.06261566
FINADivingWorldCup2021_Men10mSynchronised_final_r2::3,official_test,5,False,9.978115e-08,0.31946528
FINADivingWorldCup2021_Men10mSynchronised_final_r2::5,official_test,5,False,3.8176154e-07,0.3491587
FINADivingWorldCup2021_Men10mSynchronised_final_r2::7,official_test,5,False,1.1930537e-06,0.61904395
FINADivingWorldCup2021_Men10mSynchronised_final_r2::8,official_test,5,False,1.8543712e-07,0.3571208
FINADivingWorldCup2021_Men10mSynchronised_final_r2::11,official_test,5,False,7.285522e-06,0.6094786
FINADivingWorldCup2021_Men10mSynchronised_final_r3::1,official_test,5,False,8.3269256e-08,0.44062564
FINADivingWorldCup2021_Men10mSynchronised_final_r3::3,official_test,5,False,2.7641275e-07,0.47313607
FINADivingWorldCup2021_Men10mSynchronised_final_r4::4,official_test,5,False,1.3228626e-07,0.12830685
FINADivingWorldCup2021_Men10mSynchronised_final_r4::6,official_test,5,False,1.7718291e-07,0.16636452
FINADivingWorldCup2021_Men10mSynchronised_final_r4::9,official_test,5,False,9.088548e-07,0.32679337
FINADivingWorldCup2021_Men10mSynchronised_final_r4::11,official_test,5,False,2.2534921e-07,0.3847611
FINADivingWorldCup2021_Men10mSynchronised_final_r5::6,official_test,5,False,3.897915e-06,0.8241714
FINADivingWorldCup2021_Men10mSynchronised_final_r5::8,official_test,5,False,3.1675394e-05,0.3418965
FINADivingWorldCup2021_Men10m_final_r1::1,official_test,5,False,0.0009501665,0.9748425
FINADivingWorldCup2021_Men10m_final_r1::3,official_test,5,False,4.7584397e-08,0.36295003
FINADivingWorldCup2021_Men10m_final_r1::5,official_test,5,False,2.522994e-06,0.26826665
FINADivingWorldCup2021_Men10m_final_r1::11,official_test,5,False,1.0532225e-07,0.3888728
FINADivingWorldCup2021_Men10m_final_r2::2,official_test,5,False,1.3221924e-07,0.41241354
FINADivingWorldCup2021_Men10m_final_r2::5,official_test,5,False,1.8010307e-07,0.38460666
FINADivingWorldCup2021_Men10m_final_r3::0,official_test,5,False,3.6609558e-06,0.33677945
FINADivingWorldCup2021_Men10m_final_r3::7,official_test,5,False,4.466239e-07,0.18628818
FINADivingWorldCup2021_Men10m_final_r4::0,official_test,5,False,3.3767165e-07,0.4346419
FINADivingWorldCup2021_Men10m_final_r4::4,official_test,5,False,5.6339527e-08,0.34079134
FINADivingWorldCup2021_Men10m_final_r4::5,official_test,5,False,5.081672e-06,0.5541406
FINADivingWorldCup2021_Men10m_final_r5::5,official_test,5,False,1.3071723e-07,0.34744078
FINADivingWorldCup2021_Men10m_final_r5::11,official_test,5,False,1.4294516e-06,0.28617963
FINADivingWorldCup2021_Men10m_final_r6::10,official_test,5,False,1.0300835e-06,0.43056002
FINADivingWorldCup2021_Men10m_semifinal_r1::5,official_test,5,False,1.1315213e-06,0.41284627
FINADivingWorldCup2021_Men10m_semifinal_r1::6,official_test,5,False,6.46915e-07,0.4795582
FINADivingWorldCup2021_Men10m_semifinal_r1::7,official_test,5,False,0.0,0.2988203
FINADivingWorldCup2021_Men10m_semifinal_r1::11,official_test,5,False,8.88685e-07,0.25320977
FINADivingWorldCup2021_Men10m_semifinal_r1::13,official_test,5,False,4.0858077e-07,0.3679111
FINADivingWorldCup2021_Men10m_semifinal_r1::14,official_test,5,False,1.779255e-07,0.30931908
FINADivingWorldCup2021_Men10m_semifinal_r1::17,official_test,5,False,0.0,0.4455564
FINADivingWorldCup2021_Men10m_semifinal_r2::1,official_test,5,False,1.9254999e-06,0.28017434
FINADivingWorldCup2021_Men10m_semifinal_r2::4,official_test,5,False,1.7317353e-06,0.2976773
FINADivingWorldCup2021_Men10m_semifinal_r2::7,official_test,5,False,1.5591591e-07,0.4088307
FINADivingWorldCup2021_Men10m_semifinal_r2::14,official_test,5,False,2.3417418e-07,0.48663658
FINADivingWorldCup2021_Men10m_semifinal_r2::16,official_test,5,False,4.557056e-06,0.5255297
FINADivingWorldCup2021_Men10m_semifinal_r3::0,official_test,5,False,1.30980825e-05,0.22054294
FINADivingWorldCup2021_Men10m_semifinal_r3::3,official_test,5,False,3.6625622e-07,0.43639326
FINADivingWorldCup2021_Men10m_semifinal_r3::4,official_test,5,False,8.745991e-05,1.3214613
FINADivingWorldCup2021_Men10m_semifinal_r3::7,official_test,5,False,6.4335736e-06,0.21579923
FINADivingWorldCup2021_Men10m_semifinal_r3::9,official_test,5,False,6.7408297e-07,0.33414936
FINADivingWorldCup2021_Men10m_semifinal_r3::17,official_test,2,True,5.5528813e-05,0.6658485
FINADivingWorldCup2021_Men10m_semifinal_r4::1,official_test,5,False,3.5764403e-06,0.4539607
FINADivingWorldCup2021_Men10m_semifinal_r4::10,official_test,5,False,1.2020717e-05,0.19750214
FINADivingWorldCup2021_Men10m_semifinal_r4::14,official_test,5,False,5.5299415e-07,0.2580057
FINADivingWorldCup2021_Men10m_semifinal_r4::15,official_test,5,False,2.7933652e-07,0.37194562
FINADivingWorldCup2021_Men10m_semifinal_r5::7,official_test,5,False,2.1178072e-05,0.9985484
FINADivingWorldCup2021_Men10m_semifinal_r5::8,official_test,5,False,1.3135386e-06,0.4834813
FINADivingWorldCup2021_Men10m_semifinal_r5::9,official_test,5,False,8.880909e-08,0.4206451
FINADivingWorldCup2021_Men10m_semifinal_r5::11,official_test,5,False,1.1643278e-07,0.3492176
FINADivingWorldCup2021_Men10m_semifinal_r5::13,official_test,5,False,2.006585e-06,0.2888688
FINADivingWorldCup2021_Men10m_semifinal_r6::0,official_test,5,False,4.2415827e-06,0.41754445
FINADivingWorldCup2021_Men10m_semifinal_r6::2,official_test,5,False,7.411968e-08,0.7248855
FINADivingWorldCup2021_Men10m_semifinal_r6::7,official_test,5,False,4.959619e-06,0.52159613
FINADivingWorldCup2021_Men10m_semifinal_r6::15,official_test,5,False,3.234945e-07,0.25928038
FINADivingWorldCup2021_Men3mSynchronised_final_r1::2,official_test,5,False,8.486442e-07,0.49426618
FINADivingWorldCup2021_Men3mSynchronised_final_r1::9,official_test,5,False,2.8906765e-08,0.111617096
FINADivingWorldCup2021_Men3mSynchronised_final_r2::0,official_test,5,False,3.471301e-07,0.276476
FINADivingWorldCup2021_Men3mSynchronised_final_r2::8,official_test,5,False,1.4380055e-07,0.17345256
FINADivingWorldCup2021_Men3mSynchronised_final_r2::11,official_test,5,False,4.0489203e-07,0.46540704
FINADivingWorldCup2021_Men3mSynchronised_final_r3::3,official_test,5,False,4.6359357e-08,0.12746894
FINADivingWorldCup2021_Men3mSynchronised_final_r3::5,official_test,5,False,1.68538e-07,0.28873992
FINADivingWorldCup2021_Men3mSynchronised_final_r3::7,official_test,5,False,4.0407957e-07,0.12920639
FINADivingWorldCup2021_Men3mSynchronised_final_r3::11,official_test,5,False,7.237429e-08,0.23401372
FINADivingWorldCup2021_Men3mSynchronised_final_r4::2,official_test,5,False,1.3941738e-07,0.4988747
FINADivingWorldCup2021_Men3mSynchronised_final_r4::6,official_test,5,False,7.7127214e-07,0.16594245
FINADivingWorldCup2021_Men3mSynchronised_final_r4::7,official_test,5,False,1.160044e-06,0.51960266
FINADivingWorldCup2021_Men3mSynchronised_final_r5::2,official_test,5,False,1.8893443e-06,0.45824763
FINADivingWorldCup2021_Men3mSynchronised_final_r5::4,official_test,5,False,1.6680498e-07,0.37136263
FINADivingWorldCup2021_Men3mSynchronised_final_r5::9,official_test,5,False,3.46478e-06,0.6082522
FINADivingWorldCup2021_Men3mSynchronised_final_r5::10,official_test,5,False,4.6819747e-07,0.31622687
FINADivingWorldCup2021_Men3mSynchronised_final_r6::0,official_test,5,False,1.04894035e-07,0.27988878
FINADivingWorldCup2021_Men3mSynchronised_final_r6::8,official_test,5,False,1.0156326e-06,0.3605052
FINADivingWorldCup2021_Men3m_final_r1::7,official_test,5,False,1.8084668e-07,0.31723386
FINADivingWorldCup2021_Men3m_final_r1::9,official_test,5,False,1.0166791e-07,0.29940024
FINADivingWorldCup2021_Men3m_final_r1::10,official_test,5,False,1.420748e-07,0.62807965
FINADivingWorldCup2021_Men3m_final_r1::11,official_test,5,False,4.781778e-07,0.105822615
FINADivingWorldCup2021_Men3m_final_r3::5,official_test,5,False,1.6117318e-07,0.2832472
FINADivingWorldCup2021_Men3m_final_r3::6,official_test,5,False,4.0557282e-07,0.67152745
FINADivingWorldCup2021_Men3m_final_r3::7,official_test,5,False,2.8367353e-06,0.25598386
FINADivingWorldCup2021_Men3m_final_r4::0,official_test,5,False,5.7767714e-08,0.5872318
FINADivingWorldCup2021_Men3m_final_r4::5,official_test,5,False,4.9044996e-07,0.26219705
FINADivingWorldCup2021_Men3m_final_r4::8,official_test,5,False,1.9397946e-07,0.2146843
FINADivingWorldCup2021_Men3m_final_r5::1,official_test,5,False,3.4762783e-07,0.49396124
FINADivingWorldCup2021_Men3m_final_r5::2,official_test,5,False,3.0949573e-06,0.32628003
FINADivingWorldCup2021_Men3m_final_r5::3,official_test,5,False,2.1598293e-05,0.434049
FINADivingWorldCup2021_Men3m_final_r5::5,official_test,5,False,1.4085473e-06,0.43211627
FINADivingWorldCup2021_Men3m_final_r5::6,official_test,5,False,2.6958026e-07,0.41817623
FINADivingWorldCup2021_Men3m_final_r5::7,official_test,5,False,7.465833e-08,0.5066078
FINADivingWorldCup2021_Men3m_final_r5::8,official_test,5,False,2.5875914e-07,0.34551272
FINADivingWorldCup2021_Men3m_final_r5::9,official_test,5,False,4.5088296e-07,0.6916169
FINADivingWorldCup2021_Men3m_semifinal_r1::9,official_test,5,False,1.0585416e-07,0.3632672
FINADivingWorldCup2021_Men3m_semifinal_r1::10,official_test,5,False,5.547757e-07,0.47624186
FINADivingWorldCup2021_Men3m_semifinal_r1::11,official_test,5,False,7.187826e-08,0.22199239
FINADivingWorldCup2021_Men3m_semifinal_r1::12,official_test,5,False,9.3620463e-07,0.8839491
FINADivingWorldCup2021_Men3m_semifinal_r1::15,official_test,5,False,4.097723e-07,0.36509812
FINADivingWorldCup2021_Men3m_semifinal_r2::6,official_test,5,False,1.7165907e-07,0.22831166
FINADivingWorldCup2021_Men3m_semifinal_r2::9,official_test,5,False,1.1332416e-07,0.46476275
FINADivingWorldCup2021_Men3m_semifinal_r3::1,official_test,5,False,2.8462537e-07,0.34527177
FINADivingWorldCup2021_Men3m_semifinal_r3::6,official_test,5,False,2.3981688e-06,0.32917988
FINADivingWorldCup2021_Men3m_semifinal_r3::9,official_test,5,False,2.507401e-07,0.123095796
FINADivingWorldCup2021_Men3m_semifinal_r3::10,official_test,5,False,7.5630953e-07,0.5597451
FINADivingWorldCup2021_Men3m_semifinal_r3::12,official_test,5,False,4.2959735e-07,0.34742695
FINADivingWorldCup2021_Men3m_semifinal_r3::13,official_test,5,False,5.634775e-07,0.5445087
FINADivingWorldCup2021_Men3m_semifinal_r3::15,official_test,5,False,3.5429384e-08,0.2395937
FINADivingWorldCup2021_Men3m_semifinal_r4::9,official_test,5,False,3.3159634e-07,0.32563475
FINADivingWorldCup2021_Men3m_semifinal_r4::15,official_test,5,False,2.395881e-07,0.6461706
FINADivingWorldCup2021_Men3m_semifinal_r5::2,official_test,5,False,1.2801544e-06,0.4921528
FINADivingWorldCup2021_Men3m_semifinal_r5::3,official_test,5,False,2.8028212e-06,0.4441687
FINADivingWorldCup2021_Men3m_semifinal_r5::4,official_test,5,False,5.205733e-07,0.30624205
FINADivingWorldCup2021_Men3m_semifinal_r5::8,official_test,5,False,3.0728773e-07,0.19179918
FINADivingWorldCup2021_Men3m_semifinal_r5::9,official_test,5,False,1.3182474e-05,0.31174392
FINADivingWorldCup2021_Men3m_semifinal_r5::11,official_test,5,False,5.346639e-07,0.5041942
FINADivingWorldCup2021_Men3m_semifinal_r5::14,official_test,5,False,9.770074e-07,0.44975135
FINADivingWorldCup2021_Men3m_semifinal_r5::15,official_test,5,False,0.0,0.17351048
FINADivingWorldCup2021_Men3m_semifinal_r5::16,official_test,5,False,4.0990054e-07,0.2886146
FINADivingWorldCup2021_Men3m_semifinal_r6::0,official_test,5,False,2.7690868e-07,0.31328467
FINADivingWorldCup2021_Men3m_semifinal_r6::3,official_test,5,False,3.7208144e-07,0.38589355
FINADivingWorldCup2021_Men3m_semifinal_r6::7,official_test,5,False,1.3704047e-05,0.13621216
FINADivingWorldCup2021_Men3m_semifinal_r6::11,official_test,5,False,1.9388742e-06,0.37300062
FINADivingWorldCup2021_Women10mSynchronised_final_r1::0,official_test,5,False,2.6536945e-05,0.32021934
FINADivingWorldCup2021_Women10mSynchronised_final_r1::1,official_test,5,False,7.219414e-07,0.3951305
FINADivingWorldCup2021_Women10mSynchronised_final_r1::5,official_test,5,False,3.6149348e-07,0.6320291
FINADivingWorldCup2021_Women10mSynchronised_final_r1::8,official_test,5,False,1.5525305e-07,0.427877
FINADivingWorldCup2021_Women10mSynchronised_final_r1::9,official_test,5,False,3.4857035e-07,0.6319682
FINADivingWorldCup2021_Women10mSynchronised_final_r2::2,official_test,5,False,6.048311e-08,0.27583805
FINADivingWorldCup2021_Women10mSynchronised_final_r2::6,official_test,5,False,4.0046098e-07,0.6147588
FINADivingWorldCup2021_Women10mSynchronised_final_r3::9,official_test,5,False,1.6744863e-07,0.12601025
FINADivingWorldCup2021_Women10mSynchronised_final_r4::3,official_test,5,False,4.811731e-07,0.28930596
FINADivingWorldCup2021_Women10mSynchronised_final_r5::8,official_test,5,False,2.449918e-07,0.12054829
FINADivingWorldCup2021_Women10m_final_r1::1,official_test,5,False,2.0512101e-07,0.34817827
FINADivingWorldCup2021_Women10m_final_r1::3,official_test,5,False,3.2872597e-07,0.31268832
FINADivingWorldCup2021_Women10m_final_r1::5,official_test,5,False,1.8090093e-07,0.35431102
FINADivingWorldCup2021_Women10m_final_r2::4,official_test,5,False,4.5761667e-06,0.54912424
FINADivingWorldCup2021_Women10m_final_r2::5,official_test,5,False,1.7028883e-07,0.28576955
FINADivingWorldCup2021_Women10m_final_r3::6,official_test,5,False,2.5094007e-06,0.46478915
FINADivingWorldCup2021_Women10m_final_r3::9,official_test,5,False,6.8652344e-07,0.1976585
FINADivingWorldCup2021_Women10m_final_r3::10,official_test,5,False,3.4582237e-07,0.37889248
FINADivingWorldCup2021_Women10m_final_r4::0,official_test,5,False,9.614664e-08,0.42298147
FINADivingWorldCup2021_Women10m_final_r4::5,official_test,5,False,2.9568278e-06,0.35237554
FINADivingWorldCup2021_Women10m_final_r4::6,official_test,5,False,7.6579575e-08,0.6069706
FINADivingWorldCup2021_Women10m_final_r4::11,official_test,5,False,1.130011e-07,0.16347809
FINADivingWorldCup2021_Women10m_final_r5::0,official_test,5,False,5.4551947e-07,0.24247728
FINADivingWorldCup2021_Women10m_final_r5::6,official_test,5,False,8.2955744e-08,0.6762508
FINADivingWorldCup2021_Women10m_final_r5::11,official_test,5,False,1.8127696e-07,0.33831698
FINADivingWorldCup2021_Women10m_semifinal_r1::0,official_test,5,False,1.9214685e-06,0.7340578
FINADivingWorldCup2021_Women10m_semifinal_r1::1,official_test,5,False,6.340024e-07,0.68430877
FINADivingWorldCup2021_Women10m_semifinal_r1::5,official_test,5,False,1.2712684e-07,0.20642403
FINADivingWorldCup2021_Women10m_semifinal_r1::6,official_test,5,False,4.2066738e-08,0.23505169
FINADivingWorldCup2021_Women10m_semifinal_r1::9,official_test,5,False,3.7664955e-07,0.34571385
FINADivingWorldCup2021_Women10m_semifinal_r1::11,official_test,5,False,2.698298e-07,0.47237194
FINADivingWorldCup2021_Women10m_semifinal_r1::13,official_test,5,False,1.0602643e-06,0.16384839
FINADivingWorldCup2021_Women10m_semifinal_r2::1,official_test,5,False,3.0206615e-05,0.22384536
FINADivingWorldCup2021_Women10m_semifinal_r2::9,official_test,5,False,2.1218703e-07,0.31025463
FINADivingWorldCup2021_Women10m_semifinal_r2::15,official_test,5,False,1.1478497e-05,0.48063105
FINADivingWorldCup2021_Women10m_semifinal_r2::17,official_test,5,False,1.8740162e-05,0.3661134
FINADivingWorldCup2021_Women10m_semifinal_r3::1,official_test,5,False,6.2495906e-06,0.17082648
FINADivingWorldCup2021_Women10m_semifinal_r3::5,official_test,5,False,1.2765925e-08,0.2603812
FINADivingWorldCup2021_Women10m_semifinal_r3::6,official_test,5,False,6.9447964e-08,0.19732358
FINADivingWorldCup2021_Women10m_semifinal_r3::12,official_test,5,False,1.8282091e-06,0.20661294
FINADivingWorldCup2021_Women10m_semifinal_r3::13,official_test,5,False,3.2009055e-07,0.19817652
FINADivingWorldCup2021_Women10m_semifinal_r3::17,official_test,5,False,2.7576305e-06,0.1607837
FINADivingWorldCup2021_Women10m_semifinal_r4::4,official_test,5,False,3.5448272e-07,0.38871422
FINADivingWorldCup2021_Women10m_semifinal_r4::9,official_test,5,False,1.2376279e-07,0.51675344
FINADivingWorldCup2021_Women10m_semifinal_r4::10,official_test,5,False,2.5677116e-07,0.32117406
FINADivingWorldCup2021_Women10m_semifinal_r5::15,official_test,5,False,1.9210273e-07,0.42865855
FINADivingWorldCup2021_Women3mSynchronised_final_r1::3,official_test,5,False,2.0086036e-06,0.19501142
FINADivingWorldCup2021_Women3mSynchronised_final_r1::4,official_test,5,False,4.720743e-07,0.31254122
FINADivingWorldCup2021_Women3mSynchronised_final_r2::1,official_test,5,False,1.09872135e-05,0.1948604
FINADivingWorldCup2021_Women3mSynchronised_final_r2::3,official_test,5,False,1.9587133e-06,0.5498473
FINADivingWorldCup2021_Women3mSynchronised_final_r2::6,official_test,5,False,2.5277262e-07,0.13703029
FINADivingWorldCup2021_Women3mSynchronised_final_r2::7,official_test,5,False,1.3138873e-07,0.29582325
FINADivingWorldCup2021_Women3mSynchronised_final_r2::8,official_test,5,False,1.540753e-06,0.19503736
FINADivingWorldCup2021_Women3mSynchronised_final_r2::11,official_test,5,False,3.9918308e-07,0.16099742
FINADivingWorldCup2021_Women3mSynchronised_final_r3::2,official_test,5,False,4.4517935e-07,0.30306634
FINADivingWorldCup2021_Women3mSynchronised_final_r3::7,official_test,5,False,3.0499348e-07,0.31550044
FINADivingWorldCup2021_Women3mSynchronised_final_r3::8,official_test,5,False,1.800122e-07,0.33677757
FINADivingWorldCup2021_Women3mSynchronised_final_r3::9,official_test,5,False,3.8725221e-07,0.19875349
FINADivingWorldCup2021_Women3mSynchronised_final_r3::10,official_test,5,False,1.9672429e-07,0.39744663
FINADivingWorldCup2021_Women3mSynchronised_final_r3::11,official_test,5,False,1.255324e-06,0.16386312
FINADivingWorldCup2021_Women3mSynchronised_final_r4::3,official_test,5,False,6.7023075e-07,0.1987499
FINADivingWorldCup2021_Women3mSynchronised_final_r5::0,official_test,5,False,1.595386e-07,0.33161178
FINADivingWorldCup2021_Women3m_final::0,official_test,5,False,1.1763137e-07,0.19529976
FINADivingWorldCup2021_Women3m_final::1,official_test,5,False,7.3605065e-07,0.6844277
FINADivingWorldCup2021_Women3m_final::2,official_test,5,False,4.5686943e-07,0.3511135
FINADivingWorldCup2021_Women3m_final::4,official_test,5,False,7.3874057e-06,0.5276201
FINADivingWorldCup2021_Women3m_final::6,official_test,5,False,2.7882754e-07,0.18138908
FINADivingWorldCup2021_Women3m_final::7,official_test,5,False,9.041487e-07,0.39368913
FINADivingWorldCup2021_Women3m_final::8,official_test,5,False,1.1744299e-07,0.3349605
FINADivingWorldCup2021_Women3m_final::9,official_test,5,False,5.190958e-06,0.6210031
FINADivingWorldCup2021_Women3m_final::15,official_test,5,False,4.0826494e-06,0.3808147
FINADivingWorldCup2021_Women3m_final::23,official_test,5,False,1.3606643e-07,0.22806165
FINADivingWorldCup2021_Women3m_final::32,official_test,5,False,6.638752e-07,0.2875701
FINADivingWorldCup2021_Women3m_final::39,official_test,5,False,8.2913346e-07,0.18863742
FINADivingWorldCup2021_Women3m_final::45,official_test,5,False,1.4598457e-07,0.24852523
FINADivingWorldCup2021_Women3m_final::48,official_test,5,False,1.05284606e-07,0.3845862
FINADivingWorldCup2021_Women3m_final::49,official_test,5,False,1.6445867e-05,0.5111
FINADivingWorldCup2021_Women3m_final::51,official_test,5,False,1.4017612e-06,0.38629124
FINADivingWorldCup2021_Women3m_final::52,official_test,5,False,3.3357955e-07,0.20420352
FINADivingWorldCup2021_Women3m_final::55,official_test,5,False,2.5309755e-06,0.13396665
FINADivingWorldCup2021_Women3m_final::58,official_test,5,False,2.602339e-07,0.065748446
FINADivingWorldCup2021_Women3m_semifinal_r1::1,official_test,5,False,7.707698e-07,0.3503051
FINADivingWorldCup2021_Women3m_semifinal_r1::5,official_test,5,False,1.7037095e-07,0.22118005
FINADivingWorldCup2021_Women3m_semifinal_r1::6,official_test,5,False,6.706877e-07,0.4027839
FINADivingWorldCup2021_Women3m_semifinal_r1::10,official_test,5,False,5.7709303e-07,0.43162745
FINADivingWorldCup2021_Women3m_semifinal_r1::17,official_test,5,False,4.408747e-08,0.26721796
FINADivingWorldCup2021_Women3m_semifinal_r2::0,official_test,5,False,5.887488e-05,0.22865036
FINADivingWorldCup2021_Women3m_semifinal_r2::3,official_test,5,False,3.6523494e-07,0.46225423
FINADivingWorldCup2021_Women3m_semifinal_r2::13,official_test,5,False,8.2913466e-08,0.31086788
FINADivingWorldCup2021_Women3m_semifinal_r2::16,official_test,5,False,1.9763193e-07,0.35770807
FINADivingWorldCup2021_Women3m_semifinal_r3::3,official_test,5,False,1.3239999e-07,0.1729325
FINADivingWorldCup2021_Women3m_semifinal_r3::12,official_test,5,False,1.8645332e-07,0.3814821
FINADivingWorldCup2021_Women3m_semifinal_r3::14,official_test,5,False,0.0,0.33470792
FINADivingWorldCup2021_Women3m_semifinal_r3::15,official_test,5,False,7.7327945e-07,0.21350272
FINADivingWorldCup2021_Women3m_semifinal_r3::17,official_test,5,False,5.758554e-07,0.55942565
FINADivingWorldCup2021_Women3m_semifinal_r4::7,official_test,5,False,7.4623784e-07,0.3652635
FINADivingWorldCup2021_Women3m_semifinal_r4::8,official_test,5,False,8.065113e-06,0.5021057
FINADivingWorldCup2021_Women3m_semifinal_r4::11,official_test,5,False,5.9507425e-07,0.46893573
FINADivingWorldCup2021_Women3m_semifinal_r4::14,official_test,5,False,3.418733e-07,0.34026325
FINADivingWorldCup2021_Women3m_semifinal_r4::17,official_test,5,False,-2.5635158e-08,0.33262208
FINADivingWorldCup2021_Women3m_semifinal_r5::4,official_test,5,False,9.921266e-07,0.20859165
FINADivingWorldCup2021_Women3m_semifinal_r5::7,official_test,5,False,1.4057158e-06,0.40870163
FINADivingWorldCup2021_Women3m_semifinal_r5::11,official_test,5,False,4.68598e-07,0.25844127
FINADivingWorldCup2021_Women3m_semifinal_r5::12,official_test,5,False,7.878688e-07,0.27368975
FINAWorldChampionships2019_Men10mSynchronised_final_r1::2,official_test,5,False,5.264636e-07,0.19906947
FINAWorldChampionships2019_Men10mSynchronised_final_r1::8,official_test,5,False,6.4209996e-07,0.46685123
FINAWorldChampionships2019_Men10mSynchronised_final_r1::9,official_test,5,False,4.7180747e-06,0.68838304
FINAWorldChampionships2019_Men10mSynchronised_final_r1::10,official_test,5,False,3.0074e-07,0.2721891
FINAWorldChampionships2019_Men10mSynchronised_final_r1::11,official_test,5,False,5.2221217e-06,0.21261291
FINAWorldChampionships2019_Men10mSynchronised_final_r2::0,official_test,5,False,2.500441e-07,0.3504928
FINAWorldChampionships2019_Men10mSynchronised_final_r2::5,official_test,5,False,1.4651805e-05,1.0462832
FINAWorldChampionships2019_Men10mSynchronised_final_r2::6,official_test,5,False,3.7703492e-06,0.15045908
FINAWorldChampionships2019_Men10mSynchronised_final_r2::10,official_test,5,False,2.263605e-05,0.6114221
FINAWorldChampionships2019_Men10mSynchronised_final_r2::11,official_test,5,False,4.1574705e-07,0.29541087
FINAWorldChampionships2019_Men10mSynchronised_final_r3::0,official_test,5,False,1.1807442e-07,0.3312897
FINAWorldChampionships2019_Men10mSynchronised_final_r3::2,official_test,5,False,2.3212458e-07,0.4075304
FINAWorldChampionships2019_Men10mSynchronised_final_r3::3,official_test,5,False,8.2062215e-08,0.336161
FINAWorldChampionships2019_Men10mSynchronised_final_r4::0,official_test,5,False,7.520679e-08,0.34794578
FINAWorldChampionships2019_Men10mSynchronised_final_r4::2,official_test,5,False,2.2104727e-07,0.4796551
FINAWorldChampionships2019_Men10mSynchronised_final_r4::5,official_test,5,False,7.887459e-07,0.5189201
FINAWorldChampionships2019_Men10mSynchronised_final_r4::6,official_test,5,False,3.150868e-07,0.37939087
FINAWorldChampionships2019_Men10mSynchronised_final_r4::7,official_test,5,False,8.045205e-06,0.52511084
FINAWorldChampionships2019_Men10mSynchronised_final_r5::8,official_test,5,False,7.085961e-07,0.29686174
FINAWorldChampionships2019_Men10mSynchronised_final_r6::3,official_test,5,False,1.1445488e-06,0.28618264
FINAWorldChampionships2019_Men10mSynchronised_final_r6::4,official_test,5,False,1.9484665e-07,0.15079483
FINAWorldChampionships2019_Men10mSynchronised_final_r6::6,official_test,5,False,1.5763652e-07,0.4966867
FINAWorldChampionships2019_Men10mSynchronised_final_r6::9,official_test,5,False,1.0886558e-06,0.34598964
FINAWorldChampionships2019_Men10m_final_r1::0,official_test,5,False,1.3290833e-07,0.24104622
FINAWorldChampionships2019_Men10m_final_r1::2,official_test,5,False,5.5079244e-07,0.35233918
FINAWorldChampionships2019_Men10m_final_r1::3,official_test,5,False,4.879914e-08,0.23668477
FINAWorldChampionships2019_Men10m_final_r2::5,official_test,5,False,2.9829303e-07,0.45647335
FINAWorldChampionships2019_Men10m_final_r3::0,official_test,5,False,3.3090103e-07,0.37121797
FINAWorldChampionships2019_Men10m_final_r3::4,official_test,5,False,4.4786353e-07,0.19691111
FINAWorldChampionships2019_Men10m_final_r3::6,official_test,5,False,5.077866e-08,0.48107943
FINAWorldChampionships2019_Men10m_final_r4::0,official_test,5,False,2.1193888e-07,0.3749801
FINAWorldChampionships2019_Men10m_final_r4::6,official_test,5,False,2.3027462e-07,0.16338731
FINAWorldChampionships2019_Men10m_final_r4::9,official_test,5,False,1.6723288e-05,0.36712185
FINAWorldChampionships2019_Men10m_final_r4::11,official_test,5,False,2.8402226e-06,0.252198
FINAWorldChampionships2019_Men10m_final_r5::1,official_test,5,False,8.823099e-07,0.4871919
FINAWorldChampionships2019_Men10m_final_r6::1,official_test,5,False,1.0751589e-07,0.21470873
FINAWorldChampionships2019_Men3mSynchronised_final_r1::2,official_test,5,False,1.4637182e-07,0.27297938
FINAWorldChampionships2019_Men3mSynchronised_final_r1::9,official_test,5,False,2.5389002e-06,0.5123248
FINAWorldChampionships2019_Men3mSynchronised_final_r2::3,official_test,5,False,1.6987795e-07,0.646593
FINAWorldChampionships2019_Men3mSynchronised_final_r2::6,official_test,5,False,3.0459825e-07,0.21076864
FINAWorldChampionships2019_Men3mSynchronised_final_r3::3,official_test,5,False,9.2990706e-07,0.45920664
FINAWorldChampionships2019_Men3mSynchronised_final_r3::10,official_test,5,False,1.8040186e-07,0.16275938
FINAWorldChampionships2019_Men3mSynchronised_final_r4::4,official_test,5,False,4.760783e-07,0.065929145
FINAWorldChampionships2019_Men3mSynchronised_final_r4::6,official_test,5,False,6.459334e-06,0.32980302
FINAWorldChampionships2019_Men3mSynchronised_final_r4::10,official_test,5,False,5.6876615e-07,0.33784652
FINAWorldChampionships2019_Men3mSynchronised_final_r4::11,official_test,5,False,1.05936024e-07,0.15794703
FINAWorldChampionships2019_Men3mSynchronised_final_r5::3,official_test,5,False,6.6982174e-08,0.56710386
FINAWorldChampionships2019_Men3mSynchronised_final_r5::5,official_test,5,False,2.3414691e-07,0.264325
FINAWorldChampionships2019_Men3mSynchronised_final_r6::0,official_test,5,False,1.82247e-07,0.38142374
FINAWorldChampionships2019_Men3mSynchronised_final_r6::7,official_test,5,False,7.3011626e-07,0.23815595
FINAWorldChampionships2019_Men3m_final_r1::0,official_test,5,False,1.5030675e-07,0.2627475
FINAWorldChampionships2019_Men3m_final_r1::3,official_test,5,False,1.8761967e-06,0.40566218
FINAWorldChampionships2019_Men3m_final_r1::9,official_test,5,False,1.5192738e-07,0.19475925
FINAWorldChampionships2019_Men3m_final_r1::10,official_test,5,False,6.113921e-08,0.4992426
FINAWorldChampionships2019_Men3m_final_r2::1,official_test,5,False,3.820797e-07,0.4858397
FINAWorldChampionships2019_Men3m_final_r2::8,official_test,5,False,2.0014589e-07,0.4377354
FINAWorldChampionships2019_Men3m_final_r3::3,official_test,5,False,2.3549036e-07,0.30421454
FINAWorldChampionships2019_Men3m_final_r3::5,official_test,5,False,3.5424213e-07,0.24707983
FINAWorldChampionships2019_Men3m_final_r3::7,official_test,5,False,3.0957142e-06,0.32656118
FINAWorldChampionships2019_Men3m_final_r3::8,official_test,5,False,8.5062474e-08,0.2728681
FINAWorldChampionships2019_Men3m_final_r4::0,official_test,5,False,1.4867435e-06,0.33330572
FINAWorldChampionships2019_Men3m_final_r4::7,official_test,5,False,8.103395e-07,0.35346323
FINAWorldChampionships2019_Men3m_final_r4::10,official_test,5,False,2.4503862e-07,0.38871172
FINAWorldChampionships2019_Men3m_final_r4::11,official_test,5,False,1.0876627e-06,0.49281517
FINAWorldChampionships2019_Men3m_final_r5::9,official_test,5,False,8.15861e-08,0.18321216
FINAWorldChampionships2019_Men3m_final_r6::7,official_test,5,False,1.2472285e-06,0.3236087
FINAWorldChampionships2019_Women10mSynchronised_final_r1::0,official_test,5,False,7.716319e-08,0.38013214
FINAWorldChampionships2019_Women10mSynchronised_final_r1::1,official_test,5,False,1.502301e-07,0.3504873
FINAWorldChampionships2019_Women10mSynchronised_final_r2::3,official_test,5,False,2.9727846e-06,0.25111693
FINAWorldChampionships2019_Women10mSynchronised_final_r2::4,official_test,5,False,4.309831e-06,0.45514023
FINAWorldChampionships2019_Women10mSynchronised_final_r2::7,official_test,5,False,1.7155867e-07,0.20860253
FINAWorldChampionships2019_Women10mSynchronised_final_r2::8,official_test,5,False,1.8025649e-07,0.15721415
FINAWorldChampionships2019_Women10mSynchronised_final_r3::0,official_test,5,False,1.1180019e-06,0.6705383
FINAWorldChampionships2019_Women10mSynchronised_final_r3::2,official_test,5,False,8.52141e-07,0.63193995
FINAWorldChampionships2019_Women10mSynchronised_final_r3::3,official_test,5,False,1.0407129e-07,0.34862307
FINAWorldChampionships2019_Women10mSynchronised_final_r3::6,official_test,5,False,1.6289795e-07,0.16575724
FINAWorldChampionships2019_Women10mSynchronised_final_r3::10,official_test,5,False,1.8951302e-07,0.6957721
FINAWorldChampionships2019_Women10mSynchronised_final_r4::0,official_test,5,False,1.228127e-07,0.22229967
FINAWorldChampionships2019_Women10mSynchronised_final_r4::9,official_test,5,False,2.0484816e-07,0.2911618
FINAWorldChampionships2019_Women10mSynchronised_final_r4::10,official_test,5,False,1.962593e-06,0.31026956
FINAWorldChampionships2019_Women10mSynchronised_final_r4::11,official_test,5,False,1.5195144e-07,0.30288276
FINAWorldChampionships2019_Women10mSynchronised_final_r5::1,official_test,5,False,6.439071e-07,0.18351793
FINAWorldChampionships2019_Women10mSynchronised_final_r5::4,official_test,5,False,5.2619963e-08,0.40617633
FINAWorldChampionships2019_Women10mSynchronised_final_r5::5,official_test,5,False,3.6720766e-07,0.4793814
FINAWorldChampionships2019_Women10mSynchronised_final_r5::8,official_test,5,False,1.8982098e-07,0.09554796
FINAWorldChampionships2019_Women10mSynchronised_final_r5::10,official_test,5,False,7.4742154e-08,0.27154505
FINAWorldChampionships2019_Women10m_final_r1::6,official_test,5,False,1.2051363e-07,0.12601064
FINAWorldChampionships2019_Women10m_final_r2::0,official_test,5,False,2.0148627e-06,0.32213864
FINAWorldChampionships2019_Women10m_final_r2::2,official_test,5,False,9.877597e-08,0.17535996
FINAWorldChampionships2019_Women10m_final_r2::8,official_test,5,False,6.8196954e-07,0.24746954
FINAWorldChampionships2019_Women10m_final_r2::11,official_test,5,False,2.7179678e-07,0.31560743
FINAWorldChampionships2019_Women10m_final_r3::8,official_test,5,False,9.0777684e-07,0.3102628
FINAWorldChampionships2019_Women10m_final_r3::9,official_test,5,False,4.2749707e-07,0.26059067
FINAWorldChampionships2019_Women10m_final_r4::2,official_test,5,False,8.0289874e-07,0.29037714
FINAWorldChampionships2019_Women10m_final_r4::7,official_test,5,False,1.4783879e-07,0.3636041
FINAWorldChampionships2019_Women10m_final_r5::0,official_test,5,False,2.046774e-06,0.29549533
FINAWorldChampionships2019_Women10m_final_r5::6,official_test,5,False,9.6684516e-08,0.27958867
FINAWorldChampionships2019_Women10m_final_r5::11,official_test,5,False,1.929649e-07,0.2473341
FINAWorldChampionships2019_Women3mSynchronised_final_r1::1,official_test,5,False,1.3536604e-05,0.35302675
FINAWorldChampionships2019_Women3mSynchronised_final_r1::2,official_test,5,False,1.0637131e-05,0.35297513
FINAWorldChampionships2019_Women3mSynchronised_final_r1::7,official_test,5,False,4.9158064e-07,0.33032897
FINAWorldChampionships2019_Women3mSynchronised_final_r1::9,official_test,5,False,3.387533e-07,0.34516063
FINAWorldChampionships2019_Women3mSynchronised_final_r1::10,official_test,5,False,1.8100324e-07,0.3194622
FINAWorldChampionships2019_Women3mSynchronised_final_r1::11,official_test,5,False,6.2089352e-06,0.35287416
FINAWorldChampionships2019_Women3mSynchronised_final_r2::0,official_test,5,False,1.4291538e-07,0.33930936
FINAWorldChampionships2019_Women3mSynchronised_final_r2::1,official_test,5,False,1.1852511e-07,0.37595937
FINAWorldChampionships2019_Women3mSynchronised_final_r2::8,official_test,5,False,2.7942588e-07,0.48942387
FINAWorldChampionships2019_Women3mSynchronised_final_r2::9,official_test,5,False,4.860908e-07,0.49410656
FINAWorldChampionships2019_Women3mSynchronised_final_r3::3,official_test,5,False,3.376403e-07,0.12180566
FINAWorldChampionships2019_Women3mSynchronised_final_r3::9,official_test,5,False,2.78986e-08,0.36655122
FINAWorldChampionships2019_Women3mSynchronised_final_r3::11,official_test,5,False,1.3898949e-07,0.21147616
FINAWorldChampionships2019_Women3mSynchronised_final_r4::1,official_test,5,False,7.3557735e-06,0.2710241
FINAWorldChampionships2019_Women3mSynchronised_final_r4::2,official_test,5,False,1.1702826e-05,0.37202013
FINAWorldChampionships2019_Women3mSynchronised_final_r4::3,official_test,5,False,3.551781e-07,0.26860347
FINAWorldChampionships2019_Women3mSynchronised_final_r4::10,official_test,5,False,2.0435664e-07,0.3957339
FINAWorldChampionships2019_Women3mSynchronised_final_r5::1,official_test,5,False,3.5528046e-05,0.43178025
FINAWorldChampionships2019_Women3mSynchronised_final_r5::3,official_test,5,False,2.3698346e-06,0.6782709
FINAWorldChampionships2019_Women3mSynchronised_final_r5::4,official_test,5,False,3.7560895e-07,0.1217987
FINAWorldChampionships2019_Women3mSynchronised_final_r5::10,official_test,5,False,7.160581e-07,0.57615113
FINAWorldChampionships2019_Women3mSynchronised_final_r5::11,official_test,5,False,5.1626427e-07,0.35801348
FINAWorldChampionships2019_Women3m_final_r1::5,official_test,5,False,7.511462e-07,0.40564826
FINAWorldChampionships2019_Women3m_final_r1::6,official_test,5,False,5.335642e-07,0.35798314
FINAWorldChampionships2019_Women3m_final_r2::2,official_test,5,False,1.7161732e-07,0.4997706
FINAWorldChampionships2019_Women3m_final_r2::4,official_test,5,False,1.0224416e-07,0.18809351
FINAWorldChampionships2019_Women3m_final_r2::6,official_test,5,False,1.1881613e-07,0.27711046
FINAWorldChampionships2019_Women3m_final_r3::9,official_test,5,False,1.1448795e-06,0.6848911
FINAWorldChampionships2019_Women3m_final_r4::1,official_test,5,False,2.6794685e-06,0.44743916
FINAWorldChampionships2019_Women3m_final_r4::3,official_test,5,False,1.2878073e-07,0.27367872
FINAWorldChampionships2019_Women3m_final_r4::4,official_test,5,False,1.10083796e-07,0.20958436
FINAWorldChampionships2019_Women3m_final_r4::11,official_test,5,False,2.2901742e-07,0.3240974
FINAWorldChampionships2019_Women3m_final_r5::0,official_test,5,False,3.3385427e-07,0.19545895
FINAWorldChampionships2019_Women3m_final_r5::1,official_test,5,False,2.9014186e-07,0.36529356
FINAWorldChampionships2019_Women3m_final_r5::2,official_test,5,False,5.794831e-07,0.23248036
FINAWorldChampionships2019_Women3m_final_r5::3,official_test,5,False,3.3117757e-07,0.3669401
FINAWorldChampionships2019_Women3m_final_r5::6,official_test,5,False,9.918447e-08,0.24535486
FINAWorldChampionships2019_Women3m_final_r5::9,official_test,5,False,1.1818539e-06,0.57968867
FullMenSynchronised10mPlatform_Tokyo2020Replays_1::0,official_test,5,False,1.1715061e-06,0.31988862
FullMenSynchronised10mPlatform_Tokyo2020Replays_1::3,official_test,5,False,1.239593e-07,0.19762278
FullMenSynchronised10mPlatform_Tokyo2020Replays_1::4,official_test,5,False,5.9557374e-07,0.061692633
FullMenSynchronised10mPlatform_Tokyo2020Replays_1::5,official_test,5,False,1.2587612e-06,0.21261816
FullMenSynchronised10mPlatform_Tokyo2020Replays_1::6,official_test,5,False,3.2201121e-06,0.28416172
FullMenSynchronised10mPlatform_Tokyo2020Replays_1::12,official_test,5,False,9.4259286e-07,0.24103582
FullMenSynchronised10mPlatform_Tokyo2020Replays_1::14,official_test,5,False,1.072107e-06,0.28355527
FullMenSynchronised10mPlatform_Tokyo2020Replays_2::11,official_test,5,False,3.3192308e-07,0.3621731
FullMenSynchronised10mPlatform_Tokyo2020Replays_2::13,official_test,5,False,3.946402e-07,0.3568665
FullMenSynchronised10mPlatform_Tokyo2020Replays_3::9,official_test,5,False,3.4128135e-07,0.2079572
FullMenSynchronised10mPlatform_Tokyo2020Replays_3::10,official_test,5,False,2.0566978e-07,0.17553794
01::2,fit,5,False,2.5909364e-07,0.17962942
01::3,fit,5,False,7.353209e-08,0.3638938
01::4,fit,5,False,1.7373918e-07,0.22601655
01::5,fit,5,False,2.2717421e-07,0.2592991
01::6,fit,5,False,1.1573563e-08,0.30648056
01::7,fit,5,False,1.7695167e-07,0.26359937
01::10,fit,5,False,4.325651e-08,0.30553165
01::12,fit,5,False,1.4540194e-07,0.3547676
01::13,fit,5,False,9.4551257e-07,0.32557857
01::14,fit,5,False,2.147789e-07,0.36792243
01::16,fit,5,False,3.5362584e-07,0.5266858
01::18,fit,5,False,7.069352e-07,0.52667695
01::19,fit,5,False,1.0679303e-05,0.50126904
01::20,fit,5,False,7.2577717e-07,0.35018125
01::22,fit,5,False,2.0354041e-07,0.24363604
01::23,fit,5,False,4.032785e-07,0.19054268
01::25,fit,5,False,1.1184681e-05,0.24412124
01::26,fit,5,False,7.202902e-08,0.25385624
01::27,fit,5,False,2.5082835e-07,0.38006514
01::28,fit,5,False,1.2487619e-08,0.31400257
01::29,fit,5,False,8.138078e-06,0.500438
01::30,fit,5,False,3.862888e-06,0.519648
01::31,fit,5,False,1.0742928e-07,0.26364097
01::32,fit,5,False,4.271219e-06,0.5626034
01::34,fit,5,False,1.1920929e-07,0.4858966
01::35,fit,5,False,1.264818e-07,0.36694086
01::36,fit,5,False,2.4989995e-07,0.17080551
01::37,fit,5,False,0.00021619209,0.8268177
01::38,fit,5,False,4.708865e-07,0.3943869
01::39,fit,5,False,2.2744034e-07,0.24288662
01::40,fit,5,False,2.3329359e-07,0.21640307
01::41,fit,5,False,4.033327e-07,0.17963126
01::42,fit,5,False,8.3496225e-08,0.35823917
01::43,fit,5,False,4.4106423e-07,0.088396706
01::46,fit,5,False,5.4328376e-07,0.22274177
01::47,fit,5,False,4.2082735e-07,0.483976
01::48,fit,5,False,1.7364586e-07,0.37399966
01::49,fit,5,False,2.3992993e-07,0.32876655
01::50,fit,5,False,9.290155e-08,0.27025276
01::51,fit,5,False,4.004208e-07,0.32430872
01::53,fit,5,False,4.925677e-08,0.088981844
01::55,fit,5,False,0.0020524946,0.3206907
01::57,fit,5,False,2.3406644e-08,0.32285112
01::58,fit,5,False,6.145791e-06,0.1977501
01::59,fit,5,False,6.013527e-08,0.18798749
01::60,fit,5,False,2.1692608e-07,0.44735327
01::61,fit,5,False,1.4358353e-07,0.26194832
01::62,fit,5,False,6.146215e-07,0.22013548
01::63,fit,5,False,3.830579e-07,0.23706682
01::65,fit,5,False,6.0682844e-08,0.49623445
01::67,fit,5,False,2.0769046e-06,0.46260482
01::69,fit,5,False,6.438802e-07,0.33586198
01::70,fit,5,False,0.00038062682,0.74647564
01::71,fit,5,False,6.999817e-08,0.25548244
01::72,fit,5,False,4.1815116e-07,0.36969054
01::73,fit,5,False,2.0782943e-05,0.3393336
01::75,fit,5,False,3.672877e-05,0.73812544
01::76,fit,5,False,6.366405e-08,0.24691834
01::78,fit,5,False,9.683724e-08,0.19232976
01::79,fit,5,False,1.9321713e-07,0.21069533
01::81,fit,5,False,1.0938371e-07,0.2768133
01::82,fit,5,False,3.3893514e-06,0.2013415
01::83,fit,5,False,0.000120015,0.7762981
01::84,fit,5,False,0.00019311329,0.30422652
01::85,fit,3,False,1.3490996e-05,0.47832665
01::86,fit,5,False,1.3096182e-07,0.25049755
01::87,fit,5,False,2.164505e-07,0.2008769
01::88,fit,5,False,0.00021970074,0.8233252
01::89,fit,5,False,5.6871e-07,0.24497572
01::91,fit,5,False,1.6739214e-06,0.19792087
01::92,fit,2,True,1.673902e-06,0.3329289
01::93,fit,5,False,4.4728935e-07,0.4368868
01::94,fit,5,False,2.2555063e-05,0.40148267
01::95,fit,5,False,9.677408e-05,0.30378464
01::96,fit,5,False,2.2162203e-07,0.26989564
01::97,fit,5,False,-3.5419818e-09,0.0889824
01::99,fit,5,False,1.6379973e-07,0.37918153
01::101,fit,5,False,2.5997326e-07,0.3412988
01::104,fit,5,False,1.8322521e-06,0.3451047
01::105,fit,5,False,1.080194e-06,0.34803632
01::106,fit,5,False,1.0535002e-06,0.23769666
01::107,fit,5,False,6.5763124e-05,1.0322608
01::108,fit,5,False,5.855334e-06,0.24409048
01::109,fit,3,False,1.0838042e-05,0.48081347
01::110,fit,5,False,2.4156745e-06,0.20123406
01::111,fit,5,False,2.8541444e-07,0.20013675
01::112,fit,5,False,3.7265323e-05,0.46436316
01::113,fit,5,False,7.33167e-06,0.38464242
01::114,fit,5,False,8.166004e-05,0.30290684
01::116,fit,5,False,3.5325493e-07,0.21917616
01::119,fit,2,True,0.00029370477,2.3250296
01::121,fit,5,False,1.9147034e-05,0.22588685
01::122,fit,5,False,1.9802249e-06,0.31275997
01::124,fit,5,False,8.735466e-08,0.69768935
01::125,fit,5,False,3.018719e-07,0.20330618
01::127,fit,5,False,1.0430305e-05,0.45591038
01::128,fit,5,False,2.872976e-07,0.2226249
01::130,fit,5,False,9.697704e-07,0.2803614
01::132,fit,5,False,0.0003405607,1.503982
01::134,fit,5,False,3.241516e-06,0.34723553
01::136,fit,5,False,1.2344157e-06,0.43837902
01::137,fit,5,False,-3.5594287e-08,0.5315047
01::138,fit,5,False,8.342241e-08,0.39978382
01::140,fit,5,False,0.00017474034,0.34353563
01::141,fit,5,False,5.5943328e-08,0.5555041
01::143,fit,5,False,5.285693e-06,0.35666773
01::145,fit,5,False,3.2993594e-05,0.48112646
01::146,fit,5,False,2.9035218e-05,0.19714732
01::148,fit,3,False,1.3767801e-05,0.48132372
01::149,fit,5,False,3.7944353e-08,0.26332468
01::150,fit,5,False,3.315734e-07,0.23272286
01::151,fit,5,False,1.1931364e-07,0.10725241
01::154,fit,5,False,3.7008527e-07,0.26606193
01::155,fit,5,False,1.6598634e-08,0.29171726
01::156,fit,5,False,2.7813003e-06,0.36174956
01::158,fit,5,False,4.703939e-07,0.19986497
01::159,fit,5,False,2.6217094e-07,0.32197276
01::160,fit,5,False,3.6642602e-06,0.3702591
01::163,fit,5,False,2.1182704e-07,0.40092364
01::165,fit,5,False,3.6077163e-05,0.35211638
01::166,fit,5,False,3.7050416e-08,0.36389527
01::168,fit,5,False,6.991569e-08,0.22436567
01::170,fit,5,False,6.501487e-07,0.4670065
01::172,fit,5,False,5.475155e-07,0.3548006
01::174,fit,5,False,2.1229846e-07,0.2799701
01::175,fit,5,False,3.6113724e-07,0.30186328
01::176,fit,5,False,1.2174988e-07,0.27567527
01::179,fit,5,False,3.7503687e-06,0.2966957
01::180,fit,5,False,9.764038e-07,0.4383963
01::181,fit,5,False,3.0564595e-06,0.41910994
01::183,fit,5,False,2.4403272e-07,0.3598812
01::184,fit,5,False,8.4853895e-08,0.1254298
01::185,fit,5,False,8.9989186e-07,0.42352185
01::186,fit,5,False,3.5796236e-07,0.3599091
01::187,fit,5,False,5.199431e-07,0.42667657
01::188,fit,5,False,8.555849e-08,0.565035
01::189,fit,5,False,1.0461114e-07,0.6185403
01::190,fit,5,False,2.0209762e-07,0.38720918
01::191,fit,5,False,0.00013182097,0.5106719
02::1,fit,5,False,1.5049347e-06,0.4048742
02::2,fit,5,False,3.9903114e-07,0.3528047
02::4,fit,5,False,1.7675357e-07,0.36848676
02::7,fit,5,False,1.2790328e-07,0.35905215
02::8,fit,5,False,4.9942038e-08,0.33465123
02::10,fit,5,False,7.385422e-08,0.31713417
02::11,fit,5,False,1.1416326e-07,0.30485722
02::12,fit,5,False,4.0198927e-08,0.36665806
02::13,fit,5,False,2.4063556e-07,0.3355583
02::15,fit,5,False,1.3935893e-06,0.54494137
02::16,fit,5,False,1.506132e-07,0.30866218
02::17,fit,5,False,8.2302236e-08,0.37575257
02::20,fit,5,False,3.2966346e-07,0.32403287
02::21,fit,2,True,0.0015265995,0.08329967
02::22,fit,5,False,4.088658e-07,0.1790692
02::23,fit,5,False,1.2980924e-07,0.49280366
02::24,fit,5,False,9.479327e-08,0.24771608
02::25,fit,5,False,4.5246097e-07,0.34630978
02::28,fit,5,False,4.6138396e-08,0.089062594
02::29,fit,5,False,3.868878e-06,0.3040857
02::30,fit,5,False,5.700037e-07,0.6644745
02::31,fit,5,False,7.333636e-07,0.26679143
02::32,fit,5,False,7.4910884e-07,0.49107787
02::33,fit,5,False,1.5242122e-07,0.18461548
02::34,fit,5,False,1.7864556e-07,0.21560653
02::35,fit,5,False,8.026509e-08,0.2850844
02::36,fit,5,False,1.0938446e-06,0.23583722
02::37,fit,5,False,2.6907378e-07,0.22628982
02::38,fit,5,False,1.4665227e-07,0.27446237
02::39,fit,5,False,8.6903796e-08,0.27161995
02::40,fit,5,False,1.0143585e-06,0.23583408
02::41,fit,5,False,3.3656386e-07,0.18953802
02::43,fit,5,False,1.7791561e-07,0.2246401
02::44,fit,5,False,2.9079033e-07,0.38703004
02::45,fit,5,False,5.077531e-05,0.24469572
02::47,fit,5,False,3.630107e-07,0.20928214
02::48,fit,5,False,2.9983644e-06,0.46787304
02::49,fit,4,False,7.669742e-06,0.686072
02::50,fit,5,False,0.0001691613,0.8518088
02::51,fit,5,False,3.9800776e-07,0.1702817
02::52,fit,5,False,1.397132e-06,0.22565581
02::53,fit,5,False,4.626583e-07,0.5361075
02::54,fit,5,False,4.0442833e-07,0.22222754
02::55,fit,5,False,-1.6652919e-08,0.29505962
02::58,fit,5,False,1.5477507e-07,0.19228974
02::59,fit,5,False,1.3689194e-06,0.40495297
02::60,fit,5,False,1.1920929e-07,0.48816618
02::62,fit,5,False,2.2011973e-06,0.18175963
02::63,fit,5,False,2.5502175e-06,0.30408502
02::64,fit,5,False,7.220376e-07,0.1644071
02::65,fit,5,False,1.380343e-07,0.35185456
02::68,fit,4,False,3.3420045e-05,0.6912068
02::70,fit,5,False,1.8221463e-07,0.18923427
02::71,fit,5,False,7.321003e-08,0.24046314
02::72,fit,5,False,5.106654e-07,0.53612256
02::73,fit,5,False,1.8760408e-06,0.51088774
02::74,fit,5,False,5.7634274e-08,0.34302008
02::76,fit,5,False,1.5584386e-07,0.32401904
02::77,fit,5,False,1.6927542e-07,0.3239977
02::78,fit,5,False,3.201544e-07,0.2513919
02::79,fit,5,False,0.00061731425,1.1846952
02::80,fit,5,False,1.143925e-07,0.1796493
02::81,fit,5,False,3.928691e-07,0.54741836
02::82,fit,5,False,1.2154583e-06,0.25677356
02::83,fit,5,False,1.4951569e-07,0.08906309
02::84,fit,5,False,2.4197038e-07,0.20598616
02::85,fit,5,False,3.0772557e-07,0.30564937
02::87,fit,5,False,1.4968697e-06,0.4152239
02::88,fit,5,False,1.418849e-07,0.087463476
02::90,fit,5,False,6.911038e-07,0.09101208
02::91,fit,5,False,7.5868564e-07,0.35075805
02::92,fit,5,False,2.2983015e-07,0.20636013
02::93,fit,5,False,1.0495405e-06,0.50436056
02::94,fit,5,False,-7.0985795e-10,0.27386656
02::95,fit,5,False,8.483838e-07,0.35077167
02::96,fit,5,False,1.07014536e-07,0.32506296
02::98,fit,5,False,9.3821455e-07,0.56094927
02::101,fit,5,False,1.1096723e-06,0.50432366
02::102,fit,5,False,9.596384e-07,0.57959497
02::103,fit,5,False,3.565682e-06,0.41901016
02::104,fit,5,False,8.482131e-08,0.46082288
02::105,fit,5,False,2.1570258e-07,0.14760946
02::106,fit,5,False,8.4612174e-07,0.37905028
02::107,fit,5,False,1.146872e-06,0.47349817
03::1,fit,5,False,3.7227814e-08,0.32295564
03::2,fit,5,False,2.4279888e-07,0.27752683
03::3,fit,5,False,2.5152536e-07,0.22423075
03::6,fit,5,False,2.923266e-07,0.24432488
03::7,fit,5,False,1.4949812e-07,0.35046226
03::9,fit,5,False,3.0777574e-07,0.20985833
03::11,fit,5,False,4.2901306e-06,0.344134
03::12,fit,5,False,1.9339323e-07,0.23142138
03::14,fit,5,False,7.3261873e-07,0.34087673
03::16,fit,5,False,3.3072203e-07,0.11043506
03::17,fit,5,False,2.8919953e-07,0.35461396
03::19,fit,5,False,6.795224e-07,0.16687551
03::21,fit,5,False,2.878819e-07,0.23145941
03::22,fit,5,False,1.5793299e-07,0.2931516
03::24,fit,5,False,7.186619e-08,0.4245659
03::25,fit,5,False,8.851084e-07,0.2911491
03::26,fit,5,False,9.709138e-09,0.44337386
03::27,fit,5,False,7.161603e-07,0.34402302
03::28,fit,5,False,1.7936007e-05,0.6044268
03::29,fit,5,False,9.4702887e-07,0.23137894
03::30,fit,5,False,7.179822e-05,0.6436889
03::32,fit,5,False,1.1456661e-07,0.28472427
03::33,fit,5,False,3.0664276e-07,0.1291469
03::34,fit,5,False,2.5118873e-06,0.32470572
03::35,fit,5,False,5.82788e-07,0.36720997
03::36,fit,5,False,3.873531e-07,0.1691693
03::38,fit,5,False,2.6277735e-06,0.3846083
03::39,fit,5,False,3.994359e-07,0.2557885
03::40,fit,5,False,4.971245e-06,0.3057297
03::41,fit,2,True,0.00030387475,2.2255106
03::42,fit,5,False,3.5444407e-07,0.29702055
03::43,fit,5,False,3.937677e-08,0.39631024
03::44,fit,5,False,7.731367e-07,0.34406632
03::45,fit,5,False,1.5014217e-05,0.32466504
03::47,fit,5,False,5.955572e-07,0.35539386
03::48,fit,5,False,8.2052696e-07,0.43808404
03::49,fit,5,False,3.7929607e-07,0.3546556
03::50,fit,5,False,3.891767e-07,0.1808891
03::52,fit,5,False,1.4102292e-07,0.17167377
03::53,fit,5,False,1.3117186e-07,0.6427115
03::54,fit,5,False,1.7746372e-07,0.23674914
03::55,fit,5,False,7.891932e-09,0.2534885
03::56,fit,5,False,3.6251788e-07,0.33258736
03::57,fit,5,False,8.541226e-07,0.22496945
03::58,fit,5,False,2.2339042e-07,0.24017724
03::59,fit,5,False,5.137024e-07,0.3006649
03::60,fit,5,False,2.2726617e-06,0.34412792
03::61,fit,5,False,3.6264964e-08,0.22812673
03::62,fit,5,False,1.0129141e-07,0.24017002
03::63,fit,5,False,1.2080063e-06,0.45340288
03::64,fit,5,False,8.6888406e-07,0.56882614
03::65,fit,5,False,2.403679e-07,0.3167559
03::67,fit,5,False,4.3024437e-07,0.3356896
03::68,fit,5,False,2.8761687e-07,0.19707413
03::69,fit,5,False,3.1132902e-07,0.47851136
03::72,fit,5,False,4.594441e-07,0.30513144
03::73,fit,5,False,5.099339e-07,0.33566952
04::1,fit,5,False,1.6402048e-07,0.06375438
04::2,fit,5,False,4.3473824e-06,0.5761532
04::3,fit,5,False,6.1562595e-08,0.31149805
04::4,fit,5,False,3.1436957e-07,0.367175
04::5,fit,5,False,1.1278236e-07,0.21544634
04::10,fit,5,False,6.320127e-08,0.21930456
04::11,fit,5,False,7.2091952e-06,0.31619868
04::12,fit,5,False,2.7081894e-06,0.49735695
04::13,fit,5,False,2.9464043e-06,0.7201178
04::14,fit,5,False,3.1598918e-07,0.21962631
04::15,fit,5,False,1.6578639e-07,6.7819175e-16
04::17,fit,5,False,3.1487417e-07,0.6133612
04::18,fit,5,False,3.697876e-08,0.33479798
04::19,fit,5,False,1.3822475e-07,0.39149624
04::20,fit,5,False,5.430193e-06,0.21963
04::21,fit,5,False,6.206128e-08,0.33147287
04::22,fit,5,False,1.4790942e-05,0.3971163
04::23,fit,5,False,6.1657306e-07,0.2018728
04::24,fit,2,True,3.4662344e-06,0.08327797
04::25,fit,5,False,1.9629683e-06,0.16601701
04::26,fit,5,False,7.247662e-05,0.47497284
04::27,fit,5,False,7.297612e-07,0.38269514
04::28,fit,5,False,6.597888e-07,0.28135452
04::29,fit,5,False,1.9459748e-07,0.3006433
04::30,fit,5,False,7.862389e-08,0.5049486
04::31,fit,5,False,7.701985e-08,0.19749834
04::32,fit,5,False,7.453855e-05,0.47537985
04::33,fit,5,False,3.9121676e-07,0.20012349
04::37,fit,5,False,4.025977e-07,0.07566137
04::38,fit,5,False,8.958667e-07,0.33097968
04::39,fit,5,False,9.050477e-06,0.30919978
04::41,fit,5,False,3.2566662e-05,0.8264611
04::42,fit,5,False,1.0136131e-06,0.6074623
04::43,fit,5,False,1.1758965e-06,0.2781154
04::44,fit,5,False,4.4486137e-07,0.29501668
04::45,fit,5,False,3.545121e-06,0.48444924
04::46,fit,5,False,2.5873413e-07,0.3031168
04::48,fit,5,False,7.4714256e-07,0.31617856
04::49,fit,5,False,1.7380347e-05,0.42376703
04::51,fit,5,False,1.1174796e-07,0.33121908
04::52,fit,5,False,4.317106e-05,0.74972093
04::53,fit,5,False,1.3152234e-07,0.33100763
04::54,fit,5,False,4.263291e-06,0.27813366
04::56,fit,5,False,9.4752147e-07,0.43468085
04::57,fit,5,False,6.8457945e-07,0.28135654
04::58,fit,5,False,7.3240436e-08,0.32154283
04::61,fit,5,False,6.9772767e-07,0.244541
04::62,fit,5,False,4.619495e-07,0.6073987
04::64,fit,5,False,1.0259569e-06,0.43466806
04::65,fit,5,False,1.812774e-06,0.35062242
04::71,fit,5,False,3.8314488e-07,0.43740675
04::72,fit,5,False,0.0003560748,0.49263665
04::73,fit,5,False,2.0650034e-06,0.61516196
04::75,fit,5,False,4.647466e-07,0.16180599
04::76,fit,5,False,3.5542078e-07,0.3594986
04::77,fit,5,False,1.323567e-06,0.2865514
04::80,fit,5,False,3.5926373e-06,0.3775193
04::81,fit,5,False,0.00012111414,0.9774595
04::82,fit,5,False,1.206634e-06,0.31970915
04::83,fit,5,False,1.6386937e-05,0.4914729
04::85,fit,5,False,6.957495e-07,0.29502732
04::86,fit,5,False,2.4312854e-05,0.40552723
04::87,fit,5,False,2.40568e-05,0.39563018
04::88,fit,5,False,5.736551e-07,0.38146618
04::89,fit,5,False,1.8863207e-06,0.44667667
04::90,fit,5,False,3.0541898e-05,0.4050766
04::91,fit,5,False,2.567239e-07,0.30429062
04::92,fit,5,False,1.0026354e-06,0.26645976
04::93,fit,5,False,5.797146e-06,0.43419617
04::94,fit,5,False,2.2145732e-06,0.24479912
04::97,fit,5,False,1.7398328e-06,0.23310408
04::99,fit,5,False,4.4615663e-07,0.50762564
04::102,fit,5,False,5.584604e-06,0.59191644
04::104,fit,5,False,3.6601043e-07,0.26130155
04::105,fit,5,False,0.00028638405,0.99801046
04::106,fit,5,False,2.8706035e-07,0.10374178
04::107,fit,5,False,3.7811034e-07,0.41858608
04::108,fit,5,False,5.5381083e-06,0.17276235
04::109,fit,5,False,2.791246e-07,0.10373853
04::110,fit,5,False,3.5615078e-05,0.47098804
04::112,fit,5,False,4.795979e-08,0.21544302
04::115,fit,5,False,4.3359373e-06,0.3232055
04::116,fit,1,True,2.4437904e-05,0.0
04::118,fit,5,False,3.1996186e-07,0.15624048
04::119,fit,5,False,1.292345e-07,0.28735095
04::120,fit,5,False,3.2442983e-07,0.27953655
04::121,fit,5,False,5.781987e-07,0.35676378
04::122,fit,5,False,1.13366525e-08,0.26955035
04::123,fit,5,False,7.529489e-07,0.18179402
04::124,fit,5,False,1.7826268e-07,0.32968208
04::125,fit,5,False,4.0754443e-07,0.15863167
04::127,fit,5,False,1.0498844e-06,0.3740939
04::128,fit,5,False,2.6339816e-07,0.40949982
05::1,calibration,5,False,1.7724982e-07,7.9880654e-16
05::2,calibration,5,False,8.218613e-08,0.40745717
05::3,calibration,5,False,5.4850955e-07,0.52595896
05::5,calibration,5,False,3.6887087e-08,0.21874899
05::6,calibration,5,False,5.4978436e-08,0.40744755
05::8,calibration,5,False,8.2497635e-08,0.33262652
05::9,calibration,5,False,1.1920929e-07,0.41822135
05::10,calibration,5,False,5.0246282e-08,0.18448694
05::11,calibration,5,False,6.462279e-07,0.79189736
05::12,calibration,3,False,3.547058e-06,0.28476143
05::15,calibration,5,False,9.388427e-06,0.5563839
05::17,calibration,5,False,1.3621904e-07,0.43553922
05::19,calibration,5,False,3.3570224e-08,0.31779772
05::20,calibration,5,False,1.9899511e-07,0.36927012
05::23,calibration,5,False,1.0141046e-06,0.36281288
05::24,calibration,5,False,9.072842e-06,0.49532235
05::27,calibration,5,False,2.4042396e-07,0.2597384
05::28,calibration,5,False,2.4428618e-06,0.33175194
05::29,calibration,5,False,6.4467586e-06,0.3130803
05::31,calibration,5,False,1.0658166e-07,0.374641
05::33,calibration,5,False,1.3893579e-07,0.32822978
05::34,calibration,5,False,1.4401002e-07,0.48679543
05::36,calibration,5,False,9.42761e-08,0.35686883
05::37,calibration,5,False,1.1802249e-06,0.2953871
05::38,calibration,5,False,2.4485973e-07,0.27640095
05::39,calibration,5,False,3.6229394e-05,0.29035842
05::40,calibration,5,False,1.03180155e-05,0.31266597
05::41,calibration,5,False,5.863411e-06,0.5612961
05::43,calibration,5,False,1.16335785e-08,0.31956604
05::46,calibration,5,False,5.0310613e-05,0.5995045
05::47,calibration,5,False,2.3097338e-05,0.7692986
05::48,calibration,5,False,3.627226e-08,0.45993924
05::49,calibration,5,False,6.240818e-07,0.20724444
05::50,calibration,5,False,2.65382e-07,0.38869932
05::52,calibration,5,False,3.491778e-07,0.4144292
05::53,calibration,5,False,2.919819e-07,0.31693393
05::54,calibration,5,False,5.613676e-07,0.38132176
05::56,calibration,5,False,1.342827e-06,0.316452
05::57,calibration,5,False,1.4768051e-05,0.28624797
05::59,calibration,5,False,3.0938056e-06,0.44276965
05::60,calibration,5,False,1.080576e-07,0.41548732
05::61,calibration,5,False,0.0,0.39824724
05::62,calibration,5,False,0.00011085264,0.86160755
05::63,calibration,5,False,2.067671e-06,0.4214649
05::64,calibration,5,False,1.276056e-06,0.34237492
05::65,calibration,5,False,1.6692524e-05,0.5113061
05::67,calibration,5,False,1.0080392e-05,0.48042226
05::68,calibration,5,False,8.4510326e-08,0.5640288
05::69,calibration,5,False,1.427768e-05,0.4573618
05::70,calibration,5,False,3.8700918e-07,0.35770667
05::71,calibration,5,False,2.0752235e-07,0.6157632
05::72,calibration,5,False,1.6999662e-07,0.2641524
05::73,calibration,5,False,8.813912e-08,0.72485894
05::74,calibration,5,False,4.076101e-07,0.16158913
05::76,calibration,5,False,3.0449647e-07,0.27193663
05::77,calibration,5,False,4.0515326e-07,0.1382975
05::78,calibration,5,False,3.966905e-07,0.18910924
05::79,calibration,5,False,2.6643725e-06,0.55666715
05::80,calibration,5,False,1.9501557e-07,0.3607833
05::81,calibration,5,False,1.9705293e-07,0.18375912
05::82,calibration,5,False,1.4300609e-07,0.1633544
05::83,calibration,5,False,2.94158e-07,0.41859707
05::84,calibration,5,False,1.9529585e-07,0.34057567
05::86,calibration,5,False,1.5746085e-07,0.31910235
05::88,calibration,5,False,6.92201e-07,0.17559862
06::2,fit,5,False,4.8874664e-08,0.30736482
06::3,fit,5,False,1.4356613e-07,0.28243792
06::4,fit,5,False,2.1700514e-06,0.18704167
06::5,fit,5,False,5.7363764e-07,0.25223833
06::6,fit,5,False,3.8394776e-07,0.24038695
06::7,fit,2,True,2.213462e-06,0.24994908
06::8,fit,5,False,2.9407636e-07,0.33411348
06::10,fit,5,False,5.157877e-07,0.40975407
06::11,fit,5,False,3.9168513e-06,0.37831414
06::14,fit,5,False,7.6683125e-07,0.23160982
06::15,fit,5,False,1.0444314e-06,0.3138084
06::16,fit,5,False,3.6086818e-05,0.5856606
06::17,fit,5,False,1.7417162e-07,0.33096865
06::20,fit,5,False,5.6337825e-07,0.26664016
06::25,fit,5,False,2.2318613e-07,0.281792
06::26,fit,5,False,2.5488937e-06,0.20652784
06::27,fit,5,False,2.3906995e-07,0.32824013
06::29,fit,5,False,1.0551545e-06,0.17827804
06::32,fit,5,False,1.3358217e-06,0.45828986
06::33,fit,5,False,1.0172704e-05,0.5095276
06::35,fit,5,False,3.237933e-07,0.49075082
06::36,fit,5,False,1.0502482e-06,0.22394994
06::37,fit,5,False,1.030406e-06,0.15525444
06::38,fit,5,False,3.1498817e-07,0.32060257
06::39,fit,5,False,2.2980623e-07,0.6376152
06::40,fit,5,False,4.3346097e-07,0.20014699
06::41,fit,5,False,1.3649668e-06,0.24290383
06::42,fit,5,False,8.216264e-07,0.26664177
06::44,fit,5,False,1.5671405e-07,0.31948867
06::45,fit,5,False,1.2947729e-07,0.19921808
06::49,fit,5,False,1.9169704e-06,0.29639825
06::50,fit,5,False,3.660732e-07,0.2760361
06::51,fit,5,False,2.2204988e-06,0.51237583
06::52,fit,5,False,3.746203e-07,0.28103706
06::53,fit,5,False,8.462604e-08,0.19366714
06::54,fit,5,False,2.6749348e-07,0.2804957
06::56,fit,5,False,1.8591817e-07,0.3166869
06::59,fit,5,False,4.982854e-08,0.3195659
07::1,validation,1,True,0.000113368034,0.0
07::2,validation,5,False,9.075356e-07,0.40622893
07::4,validation,5,False,4.809652e-06,0.40646216
07::5,validation,5,False,0.0001415547,0.8498326
07::6,validation,5,False,5.3813706e-06,0.5198317
07::9,validation,5,False,2.0237276e-06,0.5141563
07::10,validation,5,False,2.222888e-06,0.61816245
07::13,validation,5,False,3.4351776e-06,0.374162
07::15,validation,5,False,4.199229e-06,0.5199262
07::16,validation,5,False,3.1941136e-06,0.5200299
07::17,validation,5,False,2.366568e-06,0.4063576
07::18,validation,5,False,3.9461816e-06,0.25721532
07::20,validation,5,False,3.906537e-06,0.4063606
07::21,validation,5,False,1.21734065e-05,0.43136102
07::22,validation,5,False,2.074351e-05,0.43087688
07::26,validation,2,True,4.9567283e-05,0.24950874
07::27,validation,1,True,0.00014173985,0.0
07::28,validation,5,False,4.4315216e-06,0.6916453
07::29,validation,5,False,0.00010308771,0.5104727
07::30,validation,5,False,2.3102703e-07,0.5180719
07::31,validation,5,False,1.4545267e-07,0.37993276
07::32,validation,5,False,2.9702824e-07,0.4927631
07::33,validation,2,True,9.591881e-05,0.2494532
07::34,validation,5,False,9.2502376e-07,0.30416754
07::35,validation,3,False,9.6283155e-05,1.1158421
07::37,validation,5,False,3.0306597e-07,0.19729125
07::38,validation,3,False,8.924954e-05,1.1376657
07::39,validation,3,False,7.594961e-05,1.1301814
07::40,validation,1,True,9.4890594e-05,0.0
07::41,validation,5,False,2.957171e-06,0.14003883
07::42,validation,3,False,9.8834826e-05,1.1396561
07::44,validation,1,True,0.00027382374,0.0
07::47,validation,5,False,5.466879e-06,0.23690233
07::48,validation,5,False,7.557382e-06,0.6387883
07::49,validation,5,False,5.5122024e-07,0.5129074
07::50,validation,5,False,2.0923114e-06,0.42396736
07::51,validation,5,False,8.012562e-07,0.2915681
07::52,validation,5,False,8.1375805e-07,0.3776855
07::53,validation,5,False,1.9299462e-06,0.23383021
07::54,validation,5,False,1.5894928e-05,0.441748
07::55,validation,5,False,4.8534752e-05,0.23504142
07::57,validation,5,False,3.0707218e-07,0.35972917
07::58,validation,5,False,5.114529e-07,0.19423418
07::59,validation,5,False,1.626056e-05,0.56355876
07::60,validation,5,False,0.00013464771,0.58369243
07::61,validation,5,False,8.273441e-06,0.42841023
07::62,validation,5,False,9.160428e-05,0.5987056
07::63,validation,5,False,1.5400528e-07,0.4024687
07::64,validation,5,False,1.0402596e-07,0.19530496
07::65,validation,5,False,2.356431e-07,0.4151809
07::69,validation,5,False,0.00016255955,0.59066635
07::72,validation,5,False,2.6842197e-06,0.6800552
07::73,validation,5,False,0.0006336774,1.3692781
07::74,validation,5,False,3.6861834e-07,0.24455784
07::75,validation,5,False,2.3353221e-05,0.19699201
07::76,validation,5,False,0.00018376898,0.92087907
07::77,validation,5,False,7.438021e-05,0.5170955
07::78,validation,5,False,1.1943184e-05,0.52926385
07::79,validation,5,False,0.0004985303,1.4093777
07::80,validation,5,False,6.3774154e-05,0.23386301
07::81,validation,5,False,2.589618e-05,0.28068742
07::82,validation,5,False,4.4362423e-06,0.47504956
07::84,validation,5,False,4.5460984e-05,0.47308818
07::85,validation,5,False,7.688337e-06,0.43421835
07::88,validation,5,False,6.3214415e-05,0.4582849
07::90,validation,5,False,1.1907476e-07,0.14683448
07::91,validation,5,False,5.7477396e-06,0.23451549
07::92,validation,5,False,2.5416302e-06,0.39312756
07::95,validation,5,False,2.3942093e-05,0.20230892
07::97,validation,5,False,1.7502916e-05,0.52068985
07::98,validation,5,False,2.27918e-06,0.3909627
07::99,validation,5,False,2.9112287e-05,0.898485
09::1,fit,5,False,2.7169706e-06,0.30365536
09::2,fit,5,False,2.8005017e-05,0.29659662
09::3,fit,5,False,3.0048343e-06,0.29724488
09::5,fit,5,False,0.00010264602,0.29586977
09::7,fit,5,False,2.0525526e-06,0.5938615
09::8,fit,5,False,4.2953693e-06,0.2971653
09::9,fit,5,False,2.1652204e-06,0.2974126
09::10,fit,5,False,2.3063958e-06,0.3035621
09::12,fit,5,False,4.8361503e-06,0.79298705
09::13,fit,5,False,3.4869895e-06,0.1808272
09::14,fit,5,False,1.0199777e-05,0.1805412
09::15,fit,5,False,0.00016353698,0.6491914
09::19,fit,5,False,4.5234556e-06,0.8221171
09::20,fit,5,False,4.477733e-06,0.8205065
09::22,fit,5,False,4.7137455e-06,0.8214465
09::24,fit,5,False,5.999242e-05,0.27746204
09::25,fit,5,False,4.4014172e-07,0.19831732
09::26,fit,3,False,0.00016511304,1.2539514
09::27,fit,5,False,6.968674e-05,0.27750736
09::28,fit,5,False,8.6990565e-07,0.23256294
09::29,fit,5,False,3.0013547e-07,0.27663612
09::30,fit,5,False,4.749749e-06,0.41448593
09::31,fit,5,False,4.9411983e-06,0.4172817
09::33,fit,5,False,1.0694953e-06,0.23658162
09::34,fit,5,False,6.5106906e-07,0.4337745
09::36,fit,5,False,3.8451697e-05,0.41280496
09::37,fit,5,False,1.5079183e-05,0.41366902
09::38,fit,5,False,1.5009562e-05,0.41366902
09::39,fit,5,False,0.0010647221,1.2241975
09::40,fit,5,False,4.0152736e-05,0.86248934
09::41,fit,5,False,7.835329e-06,0.7187521
09::42,fit,5,False,6.129654e-07,0.38168514
09::43,fit,5,False,7.5862426e-06,0.41630462
09::45,fit,5,False,2.5779339e-06,0.5467732
09::47,fit,5,False,1.9393772e-06,0.27780592
09::48,fit,5,False,0.00026603977,0.2907966
09::49,fit,0,True,0.0,0.0
09::52,fit,5,False,1.06604375e-07,0.26006004
09::53,fit,5,False,8.125012e-06,0.32883337
09::55,fit,5,False,2.625546e-06,0.31001228
09::57,fit,5,False,7.6193675e-07,0.5826214
09::58,fit,5,False,4.598119e-06,0.43457577
09::59,fit,5,False,0.0011024582,0.81977504
09::60,fit,5,False,4.992991e-06,0.3951053
09::62,fit,5,False,4.7428905e-08,0.2098836
09::63,fit,0,True,0.0,0.0
09::64,fit,1,True,9.4890594e-05,0.0
09::66,fit,5,False,0.00018979896,0.41579163
09::67,fit,5,False,1.817186e-05,0.22970347
09::68,fit,5,False,4.489269e-05,0.42152166
09::69,fit,5,False,1.5899492e-05,0.12596735
09::72,fit,5,False,0.00012666408,0.74263525
09::74,fit,5,False,3.291263e-06,0.4677769
09::75,fit,5,False,2.1186772e-06,0.6664579
09::76,fit,0,True,0.0,0.0
09::78,fit,5,False,2.1578906e-05,0.44217905
09::79,fit,0,True,0.0,0.0
09::80,fit,5,False,2.077817e-06,0.59399486
09::81,fit,0,True,0.0,0.0
09::84,fit,5,False,3.6515235e-08,0.22797637
09::85,fit,5,False,1.0815628e-07,0.20355542
09::86,fit,5,False,0.00039650482,0.5439871
09::88,fit,5,False,4.444015e-06,0.20963995
10::1,calibration,5,False,0.00010808258,0.36655426
10::2,calibration,3,False,0.00015691714,1.0513154
10::3,calibration,5,False,9.4705945e-05,0.756759
10::4,calibration,5,False,2.8243264e-06,0.32074487
10::5,calibration,5,False,2.654071e-07,0.3230837
10::6,calibration,5,False,3.5941212e-06,0.29966593
10::7,calibration,4,False,1.4545617e-05,0.39149436
10::8,calibration,5,False,1.9348333e-06,0.684465
10::10,calibration,5,False,8.6360664e-08,0.13796107
10::11,calibration,5,False,0.0,0.24252021
10::12,calibration,5,False,0.0003211324,1.3113401
10::13,calibration,5,False,6.21334e-06,0.4300849
10::14,calibration,5,False,3.2257212e-05,0.76161724
10::16,calibration,5,False,2.2607941e-05,0.5716691
10::17,calibration,5,False,8.924396e-07,0.32625118
10::19,calibration,5,False,4.820355e-07,0.26041678
10::20,calibration,5,False,9.2904065e-07,0.23473437
10::21,calibration,3,False,0.00033606586,1.0664628
10::22,calibration,5,False,1.4349965e-07,0.37215677
10::23,calibration,1,True,5.9604645e-06,0.0
10::24,calibration,5,False,1.5418075e-06,0.48227686
10::25,calibration,5,False,5.8474037e-05,0.3886048
10::26,calibration,5,False,6.655494e-07,0.73647356
10::28,calibration,5,False,9.973367e-07,0.49649572
10::29,calibration,1,True,0.00043684244,0.0
10::31,calibration,5,False,6.492276e-07,0.376485
10::32,calibration,5,False,6.644322e-07,0.33787066
10::33,calibration,5,False,8.832571e-07,0.278863
10::34,calibration,3,False,8.462067e-05,0.9970502
10::36,calibration,5,False,4.334481e-05,0.17001824
10::37,calibration,5,False,6.0868337e-07,0.3657192
10::39,calibration,5,False,1.9098218e-06,0.33463418
10::40,calibration,2,True,7.4088553e-06,0.24828297
10::42,calibration,5,False,1.1432023e-05,0.3000563
10::44,calibration,5,False,2.3661066e-07,0.3625019
13::1,fit,5,False,4.3600613e-07,0.35467747
13::2,fit,5,False,1.0675745e-06,0.21770391
13::4,fit,5,False,2.807095e-07,0.35469258
13::5,fit,5,False,1.4906905e-07,0.2384864
13::6,fit,5,False,5.792127e-07,0.26110014
13::7,fit,5,False,1.7371599e-06,0.33278263
13::8,fit,5,False,6.2720727e-07,0.24892233
13::10,fit,5,False,1.2922003e-06,0.2660909
13::13,fit,5,False,2.2830588e-06,0.45516333
13::14,fit,5,False,5.8833723e-07,0.2057318
13::15,fit,5,False,6.665589e-07,0.2520444
13::16,fit,5,False,1.4524194e-06,0.22727361
13::18,fit,5,False,7.445822e-07,0.22150134
13::19,fit,5,False,7.1662544e-07,0.1837373
13::21,fit,5,False,3.671908e-06,0.3630828
13::22,fit,5,False,2.560245e-07,0.43117386
13::24,fit,5,False,6.3271034e-07,0.25975695
13::25,fit,5,False,1.0792827e-05,0.47333348
13::27,fit,5,False,3.0608874e-07,0.21903357
13::29,fit,5,False,1.8249949e-07,0.3297546
14::1,calibration,5,False,7.536796e-06,0.2928617
14::4,calibration,5,False,2.5759596e-07,0.44047764
14::5,calibration,5,False,1.5970214e-05,0.49549586
14::6,calibration,5,False,0.00039568928,0.7794639
14::7,calibration,5,False,1.62671e-06,0.37053052
14::8,calibration,5,False,1.0176113e-06,0.35093743
14::9,calibration,5,False,3.656395e-07,0.20100617
14::13,calibration,5,False,1.2055717e-06,0.40277904
14::14,calibration,5,False,2.075826e-06,0.2530334
14::17,calibration,5,False,2.9416557e-07,0.6865156
14::18,calibration,5,False,1.7813838e-06,0.17289194
14::19,calibration,5,False,7.895106e-05,0.8104662
14::21,calibration,3,False,0.0002463568,1.0642946
14::22,calibration,2,True,3.908658e-05,0.24777055
14::23,calibration,5,False,0.00010630866,1.0569009
14::24,calibration,5,False,2.5940344e-06,0.51144665
14::25,calibration,5,False,4.867003e-06,0.5813906
14::26,calibration,5,False,1.2002199e-06,0.48586488
14::28,calibration,5,False,3.3733675e-06,0.23013397
14::31,calibration,5,False,6.0872304e-07,0.067668565
14::32,calibration,5,False,1.6712734e-06,0.5942886
14::35,calibration,5,False,5.3384747e-07,0.33967364
14::36,calibration,5,False,3.4763835e-07,0.18898442
14::37,calibration,5,False,2.7478798e-06,0.38057753
14::38,calibration,5,False,1.07034126e-07,0.2685035
14::39,calibration,5,False,2.706682e-07,0.42437378
14::41,calibration,5,False,8.703818e-08,0.3541986
14::42,calibration,5,False,2.392121e-07,0.21404329
14::43,calibration,1,True,0.0002451539,0.0
14::44,calibration,5,False,2.6668002e-07,0.17211021
14::46,calibration,5,False,4.7136157e-07,0.4002744
14::47,calibration,5,False,3.1925717e-06,0.57910055
14::48,calibration,5,False,3.2583583e-07,0.32822475
14::50,calibration,5,False,6.288208e-08,0.6903351
14::53,calibration,5,False,3.0882518e-07,0.3523221
14::54,calibration,5,False,1.6536011e-06,0.20935282
14::55,calibration,5,False,2.9934276e-07,0.23380603
14::57,calibration,5,False,2.621439e-07,0.31114176
14::58,calibration,5,False,2.5316658e-07,0.3408805
14::59,calibration,5,False,8.966932e-07,0.36282364
14::61,calibration,5,False,3.4910187e-05,0.3896576
14::62,calibration,5,False,2.766281e-07,0.18991919
14::63,calibration,5,False,8.2007733e-07,0.330186
14::64,calibration,5,False,1.12944434e-07,0.23105133
14::65,calibration,5,False,1.4293887e-07,0.6941361
14::66,calibration,5,False,7.1435375e-06,0.17111106
14::68,calibration,5,False,5.096784e-06,0.5022027
14::72,calibration,5,False,1.4872796e-06,0.4886515
14::73,calibration,5,False,3.0716127e-08,0.36655802
14::74,calibration,5,False,7.7703606e-07,0.27500817
14::75,calibration,5,False,3.5315102e-07,0.17457904
14::76,calibration,2,True,7.283566e-06,0.2485298
14::77,calibration,5,False,2.8917063e-06,0.20559351
14::78,calibration,3,False,0.00016886501,1.0538644
14::80,calibration,5,False,1.7701514e-06,0.5566711
14::81,calibration,5,False,7.598603e-07,0.526223
14::84,calibration,5,False,2.150669e-05,0.28604963
14::87,calibration,5,False,6.192454e-07,0.46764335
17::1,fit,5,False,1.2035511e-07,0.36132738
17::3,fit,5,False,1.3572843e-07,0.29684773
17::4,fit,5,False,1.10773996e-07,0.3356732
17::5,fit,5,False,4.4461874e-05,0.68749166
17::7,fit,5,False,1.5749025e-07,0.31929335
17::8,fit,5,False,6.112773e-07,0.39285874
17::9,fit,5,False,1.835375e-07,0.40856105
17::11,fit,5,False,7.034333e-08,0.5253778
17::12,fit,5,False,9.4055586e-08,0.42700326
17::15,fit,5,False,1.5032506e-07,0.29583696
17::16,fit,5,False,2.5329808e-07,0.23734531
17::17,fit,5,False,5.686661e-08,0.36341706
17::18,fit,5,False,2.1410958e-07,0.4085401
17::19,fit,5,False,1.849766e-07,0.3111401
17::21,fit,5,False,1.1153888e-07,0.3492187
17::22,fit,5,False,4.6415005e-07,0.3531858
17::23,fit,5,False,1.7775241e-06,0.32858968
17::24,fit,5,False,2.157637e-07,0.3453886
17::26,fit,5,False,2.3163011e-07,0.12642474
17::27,fit,5,False,3.2997687e-07,0.2225303
17::28,fit,5,False,2.9966796e-07,0.40125325
17::30,fit,5,False,1.12606955e-08,0.22383894
17::31,fit,5,False,1.5936357e-07,0.18224838
17::32,fit,5,False,1.00128695e-07,0.1741502
17::34,fit,5,False,8.243539e-07,0.37416366
17::35,fit,5,False,0.0028635948,0.8104012
17::36,fit,5,False,5.4505794e-08,0.3462529
17::37,fit,5,False,2.8417907e-07,0.18232538
17::38,fit,5,False,2.5382496e-07,0.27309245
17::39,fit,5,False,6.5777265e-08,0.3585392
17::40,fit,5,False,1.9207512e-07,0.46824607
17::41,fit,5,False,2.9816806e-07,0.2186988
17::42,fit,5,False,1.3230103e-07,0.31197605
17::45,fit,5,False,3.4348906e-07,0.49955547
17::46,fit,5,False,2.710431e-06,0.5379627
17::47,fit,5,False,1.0300975e-07,0.49232826
17::48,fit,5,False,8.7421604e-08,0.42314935
17::49,fit,5,False,2.764185e-07,0.48873252
17::50,fit,5,False,9.583314e-08,0.19060121
17::51,fit,5,False,3.3061604e-06,0.5717411
17::52,fit,5,False,3.1535876e-07,0.18459545
17::54,fit,5,False,4.5385818e-07,0.23226815
17::55,fit,5,False,2.1800415e-06,0.53757817
17::56,fit,5,False,6.2049914e-08,0.4869645
17::57,fit,5,False,1.5726977e-07,0.3839836
17::58,fit,5,False,1.2194414e-07,0.32431123
17::59,fit,5,False,1.5464875e-07,0.4690669
17::60,fit,5,False,5.097602e-08,0.17070238
17::61,fit,5,False,1.498229e-07,0.4873835
17::62,fit,5,False,1.5841175e-05,0.20379977
17::63,fit,5,False,7.445193e-07,0.3501344
17::64,fit,5,False,8.557707e-06,0.3307395
17::65,fit,5,False,2.3054367e-06,0.22218269
17::66,fit,5,False,3.962722e-07,0.2321319
17::67,fit,5,False,2.200977e-07,0.10755836
17::69,fit,5,False,2.1375352e-07,0.3634454
17::70,fit,5,False,1.4330617e-07,0.27660897
17::71,fit,5,False,9.225592e-08,0.26223317
17::73,fit,5,False,1.6276817e-06,0.43213007
17::74,fit,5,False,-4.649595e-08,0.5511922
17::75,fit,5,False,9.166845e-07,0.45125335
17::76,fit,5,False,1.7063143e-06,0.5218592
17::77,fit,5,False,9.311167e-07,0.08128324
17::78,fit,5,False,3.52183e-06,0.18088898
17::81,fit,5,False,4.4816872e-07,0.21433677
17::82,fit,5,False,1.8082724e-07,0.35656315
17::83,fit,5,False,1.14930394e-07,0.24952705
17::86,fit,5,False,2.258382e-06,0.39315242
17::88,fit,5,False,3.507507e-08,0.53871423
17::89,fit,5,False,1.2732895e-07,0.24410428
17::90,fit,5,False,6.462834e-08,0.4764673
17::91,fit,5,False,1.492675e-07,0.24057935
17::92,fit,5,False,1.071578e-06,0.48709446
17::93,fit,5,False,1.2076833e-07,0.2572406
17::94,fit,5,False,3.3377594e-07,0.44858927
17::95,fit,5,False,3.2977955e-06,0.6044326
17::96,fit,5,False,5.9340714e-08,0.44902587
17::98,fit,5,False,1.2329278e-07,0.48834017
17::99,fit,5,False,1.160905e-06,0.3145723
17::100,fit,5,False,1.0830024e-07,0.43393308
17::101,fit,5,False,4.7378677e-07,0.5040341
17::102,fit,5,False,2.1280579e-07,0.26223284
17::104,fit,5,False,1.9244824e-07,0.46642658
17::105,fit,5,False,1.7894541e-07,0.41538215
17::106,fit,5,False,1.5428925e-07,0.33651426
17::107,fit,5,False,1.0011799e-07,0.33870482
17::108,fit,5,False,1.6888848e-07,0.20139462
17::109,fit,5,False,5.0072017e-06,0.38057947
17::110,fit,5,False,2.8506082e-07,0.33294076
17::111,fit,5,False,1.7996166e-07,0.35687035
17::113,fit,5,False,5.963762e-08,0.34053415
17::115,fit,5,False,5.0661123e-07,0.3599486
17::116,fit,5,False,2.4393253e-07,0.40423256
17::117,fit,5,False,4.778436e-07,0.34344754
17::118,fit,5,False,1.3235055e-07,0.4656296
17::119,fit,5,False,4.0707687e-07,0.09400622
17::120,fit,5,False,2.3752727e-07,0.23203172
17::121,fit,5,False,8.266904e-05,0.25723702
17::122,fit,5,False,1.4990978e-06,0.20082381
17::123,fit,5,False,8.028508e-08,0.19663206
17::124,fit,5,False,5.6089924e-08,0.2682901
17::126,fit,5,False,1.8102969e-07,0.18960954
17::127,fit,5,False,5.4292556e-08,0.35617948
17::128,fit,5,False,2.9716418e-07,0.30314466
17::129,fit,5,False,5.934377e-07,0.2599083
17::130,fit,5,False,9.899311e-07,0.5177292
17::131,fit,5,False,4.3382364e-09,0.3083723
17::132,fit,5,False,1.7037064e-07,0.23321807
17::133,fit,5,False,8.946204e-08,0.3461619
17::134,fit,5,False,9.677512e-08,0.3676193
17::135,fit,5,False,1.4901367e-07,0.23667829
17::136,fit,5,False,8.178745e-07,0.412032
17::137,fit,5,False,6.396525e-05,0.25746062
17::139,fit,5,False,0.00013835191,0.5420729
17::140,fit,5,False,1.3198604e-07,0.44134268
17::141,fit,5,False,2.8733854e-07,0.16690826
17::142,fit,5,False,2.1568616e-05,0.6819788
17::143,fit,5,False,1.4467744e-06,0.5375186
17::144,fit,5,False,1.7174319e-06,0.22400865
17::145,fit,5,False,3.3073802e-06,0.18086426
17::146,fit,5,False,4.711005e-07,0.47040474
17::147,fit,5,False,1.6533916e-07,0.22478013
17::148,fit,5,False,4.630328e-07,0.28376782
17::152,fit,1,True,1.5974045e-05,0.0
17::154,fit,5,False,4.1491185e-07,0.3361266
17::155,fit,5,False,4.5808175e-08,0.42941248
17::156,fit,5,False,3.2332665e-07,0.2696234
17::157,fit,5,False,8.9097415e-07,0.48979867
17::158,fit,5,False,3.2924038e-07,0.12280686
17::159,fit,5,False,3.572157e-07,0.22884741
17::161,fit,5,False,2.700839e-07,0.6520524
17::165,fit,5,False,5.2026877e-07,0.33016655
17::166,fit,5,False,2.3991342e-07,0.23409384
17::167,fit,5,False,2.442043e-06,0.57164353
17::168,fit,5,False,2.3974886e-07,0.3365167
17::170,fit,5,False,1.6849594e-07,0.17340873
17::171,fit,5,False,2.1018857e-07,0.26961842
18::2,fit,5,False,1.2364727e-07,0.36529547
18::3,fit,5,False,2.4277475e-07,0.26845947
18::4,fit,5,False,6.9271806e-07,0.3556835
18::5,fit,5,False,3.4526872e-07,0.27152836
18::6,fit,5,False,8.6992785e-08,0.45328724
18::7,fit,5,False,4.3459306e-07,0.24901018
18::8,fit,5,False,5.5910596e-07,0.26126263
18::9,fit,5,False,3.6230176e-07,0.24772502
18::10,fit,5,False,2.474691e-06,0.2989849
18::11,fit,5,False,2.6247258e-07,0.18256733
18::12,fit,5,False,1.9483971e-07,0.2559962
18::14,fit,5,False,1.29808795e-08,0.33048934
18::15,fit,5,False,2.843717e-07,0.23059973
18::16,fit,5,False,5.998865e-07,0.35318506
18::17,fit,5,False,3.7031094e-07,0.3614631
18::18,fit,5,False,1.3950004e-06,0.3027709
18::19,fit,5,False,7.0342765e-08,0.2629402
18::21,fit,5,False,1.2239117e-07,0.29131162
18::22,fit,5,False,1.7594549e-06,0.26617384
18::23,fit,5,False,4.559397e-07,0.3103072
18::24,fit,5,False,1.4425164e-07,0.35351542
18::25,fit,5,False,5.1508223e-06,0.54734373
18::26,fit,5,False,3.9220475e-07,0.49114186
18::27,fit,5,False,6.581666e-06,0.2992362
18::29,fit,5,False,9.0721966e-07,0.37294236
18::30,fit,5,False,1.0310765e-06,0.32618266
18::31,fit,5,False,8.911732e-07,0.42596316
18::32,fit,5,False,5.2953015e-07,0.29890862
18::33,fit,5,False,7.0169605e-08,0.21228553
18::34,fit,5,False,1.679476e-07,0.1899336
18::35,fit,5,False,2.4007934e-07,0.18717687
18::36,fit,5,False,1.0898816e-07,0.35154098
18::39,fit,5,False,2.5033578e-05,0.39356545
18::40,fit,5,False,1.8162176e-07,0.1583013
18::41,fit,5,False,1.0003773e-07,0.32369667
18::43,fit,5,False,8.8045034e-08,0.155921
18::44,fit,5,False,8.566523e-08,0.3495084
18::45,fit,5,False,-5.0210303e-08,0.31941605
18::46,fit,5,False,7.53942e-08,0.1840441
18::48,fit,5,False,8.51966e-08,0.19423655
18::49,fit,5,False,1.428843e-07,0.11272108
18::50,fit,5,False,6.097808e-08,0.19052877
18::51,fit,5,False,0.00021937572,0.5869771
18::52,fit,5,False,3.7651578e-06,0.1617359
18::53,fit,5,False,2.6864966e-06,0.4904944
18::54,fit,5,False,1.8908614e-07,0.3046364
18::55,fit,5,False,1.9743715e-07,0.4439045
18::56,fit,5,False,1.9195694e-07,0.30620775
18::57,fit,5,False,2.7248547e-07,0.16542573
18::59,fit,5,False,2.639403e-06,0.42598075
18::60,fit,5,False,3.490707e-07,0.49671918
18::62,fit,5,False,3.4861108e-07,0.26610297
18::63,fit,5,False,2.3606296e-07,0.3561746
18::64,fit,5,False,4.271369e-07,0.30919465
18::66,fit,5,False,9.1487027e-07,0.26613984
18::67,fit,1,True,1.5974045e-05,0.0
18::68,fit,5,False,1.4657803e-06,0.23069727
18::70,fit,5,False,6.869347e-06,0.361783
18::71,fit,5,False,8.1599194e-07,0.40438867
18::72,fit,5,False,8.686087e-06,0.42603067
22::1,fit,0,True,0.0,0.0
22::2,fit,5,False,1.7894325e-05,0.46660054
22::3,fit,5,False,5.952412e-06,0.38542423
22::4,fit,5,False,6.986125e-06,0.36777782
22::6,fit,5,False,1.4471009e-05,0.466677
22::8,fit,5,False,5.3572335e-06,0.36739016
22::9,fit,5,False,1.48783365e-05,0.36766556
22::10,fit,5,False,1.8362113e-07,0.24026486
22::12,fit,5,False,1.2460364e-05,0.46672046
22::13,fit,5,False,2.1363794e-05,0.36765605
22::14,fit,0,True,0.0,0.0
22::15,fit,0,True,0.0,0.0
22::16,fit,5,False,0.0002358546,0.8349514
22::18,fit,0,True,0.0,0.0
22::21,fit,3,False,0.00020114658,0.5173114
22::22,fit,5,False,3.9819013e-05,0.7793576
22::23,fit,3,False,2.7312357e-05,0.52805275
22::25,fit,3,False,0.00092412566,0.4972207
22::27,fit,3,False,0.000632361,0.50434643
22::29,fit,5,False,5.951787e-07,0.47577387
22::31,fit,5,False,5.0354606e-06,0.21368517
22::32,fit,5,False,1.3537989e-06,0.3219748
22::33,fit,5,False,3.0038014e-05,0.5900785
22::34,fit,3,False,3.8647748e-05,0.5289117
22::37,fit,5,False,0.0005203521,0.39722636
22::38,fit,5,False,3.8173872e-05,0.46240515
22::39,fit,0,True,0.0,0.0
22::40,fit,5,False,5.2320014e-05,0.8141016
22::42,fit,5,False,8.7698453e-07,0.3190508
22::43,fit,3,False,3.967724e-05,0.52510774
22::44,fit,1,True,2.9563904e-05,0.0
22::45,fit,5,False,0.00015621835,0.80740124
22::46,fit,0,True,0.0,0.0
26::1,validation,5,False,1.9194476e-07,0.2754424
26::2,validation,5,False,3.737621e-06,0.31735322
26::3,validation,5,False,4.961041e-06,0.30793205
26::4,validation,5,False,2.9202585e-07,0.4811736
26::5,validation,5,False,3.476988e-07,0.33489746
26::8,validation,5,False,3.5955648e-07,0.28734437
26::9,validation,5,False,3.3258888e-07,0.35134014
26::10,validation,5,False,2.0135107e-07,0.27544472
26::11,validation,5,False,2.258472e-07,0.24279414
26::12,validation,5,False,9.956422e-08,0.24797638
26::13,validation,5,False,5.0162715e-05,0.6971829
26::15,validation,5,False,7.707649e-05,0.68504417
26::17,validation,5,False,5.138259e-07,0.4256293
26::18,validation,5,False,3.003994e-07,0.44743064
26::20,validation,5,False,1.9007281e-07,0.30673513
26::21,validation,5,False,3.0539042e-07,0.2597468
26::22,validation,5,False,5.9493935e-08,0.2567942
26::23,validation,5,False,1.1948047e-06,0.27650723
26::24,validation,5,False,1.9890616e-07,0.2690757
26::27,validation,5,False,4.2599424e-07,0.20308842
26::28,validation,5,False,3.2983874e-06,0.258193
26::29,validation,5,False,4.47642e-06,0.5238949
26::31,validation,5,False,1.9451818e-07,0.21576215
26::32,validation,5,False,1.0600893e-06,0.3282383
26::34,validation,5,False,1.0848696e-07,0.12301055
26::35,validation,5,False,1.1290259e-06,0.26410645
26::36,validation,5,False,2.0452659e-07,0.2795674
26::37,validation,5,False,1.6915481e-05,0.569826
26::38,validation,5,False,3.5785927e-06,0.23131326
26::40,validation,5,False,2.4328485e-06,0.24168204
26::41,validation,5,False,1.2684532e-07,0.30144206
26::42,validation,5,False,8.931638e-07,0.50138354
26::43,validation,5,False,1.3019837e-06,0.35104296
26::44,validation,5,False,4.522741e-07,0.4494238
26::45,validation,5,False,3.722497e-06,0.26927757
26::46,validation,5,False,1.93383e-06,0.45191434
26::47,validation,5,False,1.07372365e-07,0.36724332
26::48,validation,5,False,3.9279584e-07,0.40710992
26::49,validation,1,True,2.9563904e-05,0.0
26::50,validation,5,False,2.1339008e-06,0.28173468
26::51,validation,5,False,7.021975e-05,0.57339483
26::52,validation,5,False,3.014991e-07,0.50936717
26::53,validation,5,False,9.117e-07,0.41479132
26::54,validation,5,False,6.201646e-05,0.7485038
26::55,validation,5,False,7.1965046e-06,0.36805505
26::56,validation,5,False,1.0064291e-06,0.363744
26::57,validation,5,False,3.9802333e-07,0.21934068
26::58,validation,5,False,1.6779792e-07,0.19573785
26::61,validation,5,False,0.00031956204,0.49243027
26::63,validation,5,False,1.0859904e-07,0.19386114
26::64,validation,5,False,2.340842e-06,0.4758687
26::65,validation,5,False,4.973796e-07,0.4385631
26::66,validation,5,False,1.3119912e-07,0.51033527
26::67,validation,5,False,2.450422e-07,0.41264728
26::68,validation,5,False,8.419334e-08,0.5218789
26::70,validation,5,False,4.5459825e-07,0.2201397
26::71,validation,5,False,1.118591e-06,0.45490742
26::72,validation,5,False,6.838476e-07,0.42197198
26::74,validation,5,False,4.1200238e-07,0.38773462
26::75,validation,5,False,1.0698324e-07,0.28046376
26::76,validation,5,False,3.0997248e-07,0.6108891
26::78,validation,5,False,1.4449384e-06,0.57313263
26::80,validation,5,False,9.783932e-08,0.26017338
26::81,validation,5,False,4.374029e-05,0.9453582
26::85,validation,5,False,9.9807885e-06,0.460984
26::86,validation,5,False,5.9582965e-07,0.52142936
26::88,validation,5,False,9.7484254e-08,0.2741511
26::90,validation,5,False,4.3593564e-06,0.4856728
26::91,validation,5,False,1.9992945e-07,0.4065181
26::93,validation,5,False,0.00018366538,0.5280636
26::95,validation,5,False,7.379982e-08,0.52966446
26::96,validation,5,False,1.5235742e-07,0.05530699
26::97,validation,5,False,2.4770545e-05,0.41706264
26::98,validation,5,False,2.695388e-07,0.11920938
26::99,validation,5,False,2.4131512e-07,0.5658658
26::101,validation,5,False,9.642718e-08,0.28679287
26::102,validation,5,False,3.8444642e-07,0.521473
26::103,validation,5,False,3.9220384e-07,0.24136208
26::104,validation,5,False,1.2133378e-06,0.3796116
26::106,validation,5,False,2.4269835e-05,0.48373443
26::109,validation,5,False,6.445792e-07,0.2638261
26::110,validation,5,False,1.442538e-07,0.21921586
26::112,validation,5,False,2.0836829e-07,0.36586484
26::117,validation,5,False,1.2973422e-07,0.5536169
26::118,validation,5,False,5.0832155e-06,0.6337995
26::119,validation,5,False,8.3473815e-08,0.31142136
26::120,validation,5,False,7.3195696e-07,0.2856933
26::121,validation,5,False,8.492697e-08,0.49556246
26::124,validation,5,False,1.4051589e-06,0.3668354
26::125,validation,5,False,4.2588965e-08,0.29408792
3mMenSpringboardFinal-EuropeanChampionships2021_1::0,fit,5,False,3.1215083e-07,0.29234698
3mMenSpringboardFinal-EuropeanChampionships2021_1::3,fit,5,False,5.055088e-07,0.372205
3mMenSpringboardFinal-EuropeanChampionships2021_1::5,fit,5,False,7.441825e-07,0.19894299
3mMenSpringboardFinal-EuropeanChampionships2021_1::6,fit,5,False,8.020206e-08,0.3461699
3mMenSpringboardFinal-EuropeanChampionships2021_1::7,fit,5,False,1.1819592e-06,0.4478183
3mMenSpringboardFinal-EuropeanChampionships2021_1::10,fit,5,False,3.102958e-07,0.3912615
3mMenSpringboardFinal-EuropeanChampionships2021_1::11,fit,5,False,6.1125576e-08,0.2428468
3mMenSpringboardFinal-EuropeanChampionships2021_1::12,fit,5,False,1.7487872e-07,0.22598286
3mMenSpringboardFinal-EuropeanChampionships2021_1::13,fit,5,False,1.3549683e-07,0.16632661
3mMenSpringboardFinal-EuropeanChampionships2021_1::14,fit,5,False,2.1484426e-07,0.28287056
3mMenSpringboardFinal-EuropeanChampionships2021_1::16,fit,5,False,2.639505e-07,0.17223856
3mMenSpringboardFinal-EuropeanChampionships2021_2::0,fit,5,False,8.5322284e-07,0.2711491
3mMenSpringboardFinal-EuropeanChampionships2021_2::1,fit,5,False,3.3788942e-06,0.36839357
3mMenSpringboardFinal-EuropeanChampionships2021_2::3,fit,5,False,2.7738818e-07,0.38666517
3mMenSpringboardFinal-EuropeanChampionships2021_2::4,fit,5,False,3.3963752e-06,0.33972648
3mMenSpringboardFinal-EuropeanChampionships2021_2::5,fit,5,False,3.8097963e-07,0.18323578
3mMenSpringboardFinal-EuropeanChampionships2021_2::7,fit,5,False,3.095021e-07,0.29884788
3mMenSpringboardFinal-EuropeanChampionships2021_2::8,fit,5,False,3.371536e-06,0.19991298
3mMenSpringboardFinal-EuropeanChampionships2021_2::9,fit,5,False,2.825627e-07,0.26397857
3mMenSpringboardFinal-EuropeanChampionships2021_2::13,fit,5,False,2.0578906e-07,0.33631444
3mMenSpringboardFinal-EuropeanChampionships2021_2::14,fit,5,False,3.547529e-07,0.3895779
3mMenSpringboardFinal-EuropeanChampionships2021_3::0,fit,5,False,1.3763165e-06,0.46205562
3mMenSpringboardFinal-EuropeanChampionships2021_3::4,fit,5,False,-2.3344889e-08,0.4248464
3mMenSpringboardFinal-EuropeanChampionships2021_3::6,fit,5,False,3.0229152e-05,0.60151786
3mMenSpringboardFinal-EuropeanChampionships2021_3::7,fit,5,False,2.877545e-07,0.43286753
3mMenSpringboardFinal-EuropeanChampionships2021_3::8,fit,5,False,2.0506812e-07,0.27470845
3mMenSpringboardFinal-EuropeanChampionships2021_3::9,fit,5,False,2.546147e-07,0.43209407
3mMenSpringboardFinal-EuropeanChampionships2021_3::11,fit,5,False,2.1639385e-06,0.102447785
3mMenSpringboardFinal-EuropeanChampionships2021_3::12,fit,5,False,5.768149e-07,0.29883638
3mMenSpringboardFinal-EuropeanChampionships2021_3::13,fit,5,False,2.1912136e-07,0.26396605
3mMenSpringboardFinal-EuropeanChampionships2021_3::14,fit,5,False,7.559183e-07,0.3130364
3mMenSpringboardFinal-EuropeanChampionships2021_3::15,fit,5,False,1.1660276e-07,0.24262635
3mMenSpringboardFinal-EuropeanChampionships2021_3::16,fit,5,False,2.2599583e-07,0.29465914
3mMenSpringboardFinal-EuropeanChampionships2021_3::17,fit,5,False,1.1920929e-07,0.13484682
3mMenSpringboardFinal-EuropeanChampionships2021_3::20,fit,5,False,1.2151694e-06,0.41841027
3mMenSpringboardFinal-EuropeanChampionships2021_3::22,fit,5,False,9.559549e-08,0.22836976
3mMenSpringboardFinal-EuropeanChampionships2021_4::0,fit,5,False,2.6569708e-07,0.1848846
3mMenSpringboardFinal-EuropeanChampionships2021_4::1,fit,5,False,1.0595356e-07,0.096773915
3mMenSpringboardFinal-EuropeanChampionships2021_4::2,fit,5,False,8.90769e-08,0.4144477
3mMenSpringboardFinal-EuropeanChampionships2021_4::3,fit,5,False,3.137969e-07,0.3466831
3mMenSpringboardFinal-EuropeanChampionships2021_4::4,fit,5,False,0.00013141449,1.020553
3mMenSpringboardFinal-EuropeanChampionships2021_4::5,fit,5,False,6.504245e-07,0.32040247
3mMenSpringboardFinal-EuropeanChampionships2021_4::6,fit,5,False,0.00018958899,0.39469725
3mMenSpringboardFinal-EuropeanChampionships2021_4::7,fit,5,False,4.4700886e-07,0.1989429
3mMenSpringboardFinal-EuropeanChampionships2021_4::8,fit,5,False,8.0570196e-08,0.31950694
3mMenSpringboardFinal-EuropeanChampionships2021_4::9,fit,5,False,3.6785946e-07,0.28575334
3mMenSpringboardFinal-EuropeanChampionships2021_4::10,fit,5,False,3.5931593e-05,0.48904324
3mMenSpringboardFinal-EuropeanChampionships2021_4::11,fit,5,False,9.1827205e-06,0.52896285
3mMenSpringboardFinal-EuropeanChampionships2021_4::12,fit,5,False,2.2861043e-06,0.32120982
3mMenSpringboardFinal-EuropeanChampionships2021_4::14,fit,5,False,3.2155023e-07,0.26608896
Budapest2021Diving10mPlatformWomenFinal_1::0,fit,5,False,1.6158877e-07,0.394443
Budapest2021Diving10mPlatformWomenFinal_1::1,fit,5,False,-2.4744933e-08,0.13519038
Budapest2021Diving10mPlatformWomenFinal_1::3,fit,5,False,2.4030774e-07,0.31008083
Budapest2021Diving10mPlatformWomenFinal_1::4,fit,5,False,6.7492656e-06,0.29406005
Budapest2021Diving10mPlatformWomenFinal_1::5,fit,5,False,1.5252789e-07,0.12386915
Budapest2021Diving10mPlatformWomenFinal_1::7,fit,5,False,5.034639e-06,0.2661901
Budapest2021Diving10mPlatformWomenFinal_1::9,fit,5,False,1.2363262e-07,0.34304488
Budapest2021Diving10mPlatformWomenFinal_1::10,fit,5,False,2.1538674e-06,0.2630134
Budapest2021Diving10mPlatformWomenFinal_1::11,fit,5,False,1.2702261e-06,0.27337977
Budapest2021Diving10mPlatformWomenFinal_1::13,fit,5,False,9.314784e-08,0.40318918
Budapest2021Diving10mPlatformWomenFinal_1::14,fit,5,False,3.640726e-07,0.28550985
Budapest2021Diving10mPlatformWomenFinal_1::15,fit,5,False,0.00013161758,1.0875307
Budapest2021Diving10mPlatformWomenFinal_1::16,fit,5,False,9.897819e-07,0.5312807
Budapest2021Diving10mPlatformWomenFinal_2::0,fit,5,False,2.1620112e-05,0.48269093
Budapest2021Diving10mPlatformWomenFinal_2::2,fit,5,False,1.3043602e-06,0.041630846
Budapest2021Diving10mPlatformWomenFinal_2::3,fit,5,False,3.6545345e-07,0.28550953
Budapest2021Diving10mPlatformWomenFinal_2::4,fit,5,False,1.2963696e-06,0.31220123
Budapest2021Diving10mPlatformWomenFinal_2::6,fit,5,False,4.3014634e-07,0.26615253
Budapest2021Diving10mPlatformWomenFinal_2::7,fit,5,False,3.5338676e-06,0.43401095
Budapest2021Diving10mPlatformWomenFinal_2::8,fit,5,False,2.5864552e-05,0.407458
Budapest2021Diving10mPlatformWomenFinal_2::12,fit,5,False,5.8117664e-08,0.23760022
Budapest2021Diving10mPlatformWomenFinal_3::1,fit,5,False,1.3161714e-06,0.2126889
Budapest2021Diving10mPlatformWomenFinal_3::2,fit,5,False,4.6992483e-07,0.7503366
Budapest2021Diving10mPlatformWomenFinal_3::5,fit,5,False,4.1069433e-07,0.25449738
Budapest2021Diving10mPlatformWomenFinal_3::9,fit,5,False,7.3204674e-06,0.15985343
Diving_FullWomenSynchronised3mSpringboard-final_Tokyo2020Replays_1::0,fit,5,False,7.151238e-07,0.29229867
Diving_FullWomenSynchronised3mSpringboard-final_Tokyo2020Replays_1::1,fit,5,False,3.230237e-07,0.25872296
Diving_FullWomenSynchronised3mSpringboard-final_Tokyo2020Replays_1::2,fit,5,False,1.5760935e-07,0.4083764
Diving_FullWomenSynchronised3mSpringboard-final_Tokyo2020Replays_1::3,fit,5,False,2.1956002e-06,0.47144943
Diving_FullWomenSynchronised3mSpringboard-final_Tokyo2020Replays_1::6,fit,5,False,4.5894248e-07,0.20700066
Diving_FullWomenSynchronised3mSpringboard-final_Tokyo2020Replays_1::7,fit,5,False,2.7245542e-06,0.5543193
Diving_FullWomenSynchronised3mSpringboard-final_Tokyo2020Replays_1::8,fit,5,False,1.17197395e-07,0.28613305
Diving_FullWomenSynchronised3mSpringboard-final_Tokyo2020Replays_1::9,fit,5,False,1.3570035e-06,0.14840339
Diving_FullWomenSynchronised3mSpringboard-final_Tokyo2020Replays_1::10,fit,5,False,9.4977776e-07,0.20651053
Diving_FullWomenSynchronised3mSpringboard-final_Tokyo2020Replays_1::11,fit,5,False,3.6496706e-07,0.20700002
Diving_FullWomenSynchronised3mSpringboard-final_Tokyo2020Replays_1::12,fit,3,False,4.0618594e-05,1.2376949
Diving_FullWomenSynchronised3mSpringboard-final_Tokyo2020Replays_2::0,fit,5,False,1.3635587e-06,0.3833587
Diving_FullWomenSynchronised3mSpringboard-final_Tokyo2020Replays_2::1,fit,5,False,1.6516244e-06,0.35043526
Diving_FullWomenSynchronised3mSpringboard-final_Tokyo2020Replays_2::3,fit,5,False,8.4336403e-07,0.23168704
Diving_FullWomenSynchronised3mSpringboard-final_Tokyo2020Replays_2::4,fit,5,False,2.051397e-06,0.43163207
Diving_FullWomenSynchronised3mSpringboard-final_Tokyo2020Replays_2::5,fit,5,False,2.8387212e-06,0.2643058
Diving_FullWomenSynchronised3mSpringboard-final_Tokyo2020Replays_2::6,fit,5,False,1.1751619e-06,0.07884899
Diving_FullWomenSynchronised3mSpringboard-final_Tokyo2020Replays_2::7,fit,5,False,5.1954083e-07,0.2973306
Diving_FullWomenSynchronised3mSpringboard-final_Tokyo2020Replays_2::9,fit,5,False,9.2512687e-07,0.31027675
Diving_FullWomenSynchronised3mSpringboard-final_Tokyo2020Replays_2::12,fit,5,False,7.519372e-06,0.4072722
Diving_FullWomenSynchronised3mSpringboard-final_Tokyo2020Replays_3::0,fit,5,False,1.2632735e-06,0.3428375
Diving_FullWomenSynchronised3mSpringboard-final_Tokyo2020Replays_3::3,fit,5,False,4.181378e-06,0.26845375
Diving_FullWomenSynchronised3mSpringboard-final_Tokyo2020Replays_3::4,fit,5,False,3.5819678e-06,0.3621599
Diving_FullWomenSynchronised3mSpringboard-final_Tokyo2020Replays_3::5,fit,5,False,4.832059e-07,0.22400291
Diving_FullWomenSynchronised3mSpringboard-final_Tokyo2020Replays_3::7,fit,5,False,2.1683193e-06,0.32529846
Diving_FullWomenSynchronised3mSpringboard-final_Tokyo2020Replays_3::9,fit,5,False,1.8739831e-06,0.2684072
Diving_FullWomenSynchronised3mSpringboard-final_Tokyo2020Replays_3::10,fit,5,False,1.5582721e-06,0.16364639
Diving_FullWomenSynchronised3mSpringboard-final_Tokyo2020Replays_4::0,fit,5,False,5.8068945e-06,0.37124413
Diving_FullWomenSynchronised3mSpringboard-final_Tokyo2020Replays_4::1,fit,5,False,1.1164489e-05,0.6067638
FINADivingWorldCup2021_Men10mSynchronised_final_r1::1,fit,5,False,3.8392596e-07,0.18383713
FINADivingWorldCup2021_Men10mSynchronised_final_r1::2,fit,5,False,1.9999335e-07,0.3332777
FINADivingWorldCup2021_Men10mSynchronised_final_r1::3,fit,5,False,1.16011975e-07,0.25205627
FINADivingWorldCup2021_Men10mSynchronised_final_r1::5,fit,5,False,9.778746e-07,0.49019024
FINADivingWorldCup2021_Men10mSynchronised_final_r1::6,fit,5,False,3.5746586e-06,0.31975025
FINADivingWorldCup2021_Men10mSynchronised_final_r1::7,fit,5,False,1.0203005e-06,0.4900553
FINADivingWorldCup2021_Men10mSynchronised_final_r1::8,fit,5,False,2.504671e-06,0.70200366
FINADivingWorldCup2021_Men10mSynchronised_final_r1::9,fit,5,False,1.2727293e-07,0.33329228
FINADivingWorldCup2021_Men10mSynchronised_final_r1::10,fit,5,False,2.3620287e-06,0.70898354
FINADivingWorldCup2021_Men10mSynchronised_final_r1::11,fit,5,False,6.5429635e-06,0.6200215
FINADivingWorldCup2021_Men10mSynchronised_final_r2::0,fit,5,False,3.132019e-07,0.2899595
FINADivingWorldCup2021_Men10mSynchronised_final_r2::1,fit,5,False,3.645233e-07,0.2850038
FINADivingWorldCup2021_Men10mSynchronised_final_r2::2,fit,5,False,8.8918384e-08,0.2854463
FINADivingWorldCup2021_Men10mSynchronised_final_r2::4,fit,5,False,2.420674e-07,0.5086905
FINADivingWorldCup2021_Men10mSynchronised_final_r2::6,fit,5,False,0.00025065633,0.79575723
FINADivingWorldCup2021_Men10mSynchronised_final_r2::9,fit,5,False,1.7004095e-07,0.22231488
FINADivingWorldCup2021_Men10mSynchronised_final_r2::10,fit,5,False,3.8743738e-07,0.3544048
FINADivingWorldCup2021_Men10mSynchronised_final_r3::0,fit,5,False,4.5601476e-07,0.3056589
FINADivingWorldCup2021_Men10mSynchronised_final_r3::2,fit,5,False,2.0507689e-07,0.32911047
FINADivingWorldCup2021_Men10mSynchronised_final_r3::4,fit,5,False,2.6210383e-08,0.34135553
FINADivingWorldCup2021_Men10mSynchronised_final_r3::5,fit,5,False,1.1920929e-07,0.32333502
FINADivingWorldCup2021_Men10mSynchronised_final_r3::6,fit,5,False,4.8122665e-08,0.18456724
FINADivingWorldCup2021_Men10mSynchronised_final_r3::7,fit,5,False,1.8424507e-07,0.22434254
FINADivingWorldCup2021_Men10mSynchronised_final_r3::8,fit,5,False,1.8475372e-07,0.43955263
FINADivingWorldCup2021_Men10mSynchronised_final_r3::9,fit,5,False,1.5197968e-06,0.3741012
FINADivingWorldCup2021_Men10mSynchronised_final_r3::10,fit,5,False,5.306191e-07,0.5737427
FINADivingWorldCup2021_Men10mSynchronised_final_r3::11,fit,5,False,4.7971792e-08,0.30525178
FINADivingWorldCup2021_Men10mSynchronised_final_r4::0,fit,5,False,6.0007537e-06,0.38810903
FINADivingWorldCup2021_Men10mSynchronised_final_r4::1,fit,5,False,3.3745198e-07,0.30298194
FINADivingWorldCup2021_Men10mSynchronised_final_r4::2,fit,5,False,1.4261816e-07,0.27797118
FINADivingWorldCup2021_Men10mSynchronised_final_r4::3,fit,5,False,7.1637494e-08,0.5652349
FINADivingWorldCup2021_Men10mSynchronised_final_r4::5,fit,5,False,1.4530006e-07,0.30834123
FINADivingWorldCup2021_Men10mSynchronised_final_r4::7,fit,5,False,1.1037429e-05,0.58755326
FINADivingWorldCup2021_Men10mSynchronised_final_r4::8,fit,5,False,1.385962e-06,0.35952714
FINADivingWorldCup2021_Men10mSynchronised_final_r4::10,fit,5,False,4.864029e-07,0.06905997
FINADivingWorldCup2021_Men10mSynchronised_final_r5::0,fit,5,False,8.4870254e-07,0.27785066
FINADivingWorldCup2021_Men10mSynchronised_final_r5::1,fit,5,False,1.642582e-05,0.51241505
FINADivingWorldCup2021_Men10mSynchronised_final_r5::2,fit,5,False,1.12944434e-07,0.49698523
FINADivingWorldCup2021_Men10mSynchronised_final_r5::3,fit,5,False,1.07827525e-07,0.28096196
FINADivingWorldCup2021_Men10mSynchronised_final_r5::4,fit,5,False,2.8532216e-07,0.40402663
FINADivingWorldCup2021_Men10mSynchronised_final_r5::5,fit,5,False,1.2467645e-08,0.18527055
FINADivingWorldCup2021_Men10mSynchronised_final_r5::7,fit,5,False,9.851201e-07,0.0883873
FINADivingWorldCup2021_Men10mSynchronised_final_r5::9,fit,5,False,1.4454851e-07,0.52161837
FINADivingWorldCup2021_Men10mSynchronised_final_r5::10,fit,5,False,1.8223976e-07,0.10045574
FINADivingWorldCup2021_Men10mSynchronised_final_r5::11,fit,5,False,7.245312e-08,0.39525464
FINADivingWorldCup2021_Men10mSynchronised_final_r6::0,fit,5,False,5.6950093e-08,0.3562219
FINADivingWorldCup2021_Men10mSynchronised_final_r6::1,fit,5,False,-2.1701108e-08,0.5075069
FINADivingWorldCup2021_Men10mSynchronised_final_r6::2,fit,5,False,4.1479154e-07,0.17316866
FINADivingWorldCup2021_Men10mSynchronised_final_r6::3,fit,5,False,1.3283454e-07,0.32322425
FINADivingWorldCup2021_Men10mSynchronised_final_r6::4,fit,5,False,2.740236e-06,0.67743194
FINADivingWorldCup2021_Men10mSynchronised_final_r6::5,fit,5,False,3.4779382e-07,0.534634
FINADivingWorldCup2021_Men10mSynchronised_final_r6::6,fit,5,False,1.0637621e-05,0.27115658
FINADivingWorldCup2021_Men10mSynchronised_final_r6::7,fit,5,False,6.0351545e-06,0.5243931
FINADivingWorldCup2021_Men10mSynchronised_final_r6::8,fit,5,False,1.6935253e-06,0.37404653
FINADivingWorldCup2021_Men10mSynchronised_final_r6::9,fit,5,False,2.7181973e-06,0.41018862
FINADivingWorldCup2021_Men10mSynchronised_final_r6::10,fit,5,False,3.9088768e-08,0.4839552
FINADivingWorldCup2021_Men10mSynchronised_final_r6::11,fit,5,False,7.959325e-07,0.6239338
FINADivingWorldCup2021_Men10m_final_r1::0,validation,2,True,3.8683207e-05,0.41666606
FINADivingWorldCup2021_Men10m_final_r1::2,validation,5,False,2.0960897e-06,0.5960221
FINADivingWorldCup2021_Men10m_final_r1::4,validation,5,False,1.3550901e-06,0.19362107
FINADivingWorldCup2021_Men10m_final_r1::6,validation,5,False,8.237497e-08,0.35255826
FINADivingWorldCup2021_Men10m_final_r1::7,validation,5,False,9.651148e-08,0.2869788
FINADivingWorldCup2021_Men10m_final_r1::8,validation,2,True,4.234064e-06,0.41662106
FINADivingWorldCup2021_Men10m_final_r1::9,validation,5,False,2.0672847e-07,0.6193133
FINADivingWorldCup2021_Men10m_final_r1::10,validation,5,False,-3.1612785e-08,0.33629435
FINADivingWorldCup2021_Men10m_final_r2::0,validation,5,False,1.3952491e-07,0.4061877
FINADivingWorldCup2021_Men10m_final_r2::1,validation,5,False,9.56739e-07,0.26353094
FINADivingWorldCup2021_Men10m_final_r2::3,validation,5,False,3.39109e-06,0.54674727
FINADivingWorldCup2021_Men10m_final_r2::4,validation,5,False,5.5688652e-08,0.3054768
FINADivingWorldCup2021_Men10m_final_r2::6,validation,5,False,4.292769e-07,0.36698744
FINADivingWorldCup2021_Men10m_final_r2::7,validation,5,False,2.6856638e-05,0.28760046
FINADivingWorldCup2021_Men10m_final_r2::8,validation,5,False,9.4085215e-07,0.19273862
FINADivingWorldCup2021_Men10m_final_r2::9,validation,5,False,1.2983394e-07,0.19205788
FINADivingWorldCup2021_Men10m_final_r2::10,validation,5,False,6.091666e-08,0.40036097
FINADivingWorldCup2021_Men10m_final_r2::11,validation,5,False,8.0889635e-07,0.18236409
FINADivingWorldCup2021_Men10m_final_r3::1,validation,5,False,-3.433441e-09,0.41927344
FINADivingWorldCup2021_Men10m_final_r3::2,validation,5,False,5.853503e-07,0.61951953
FINADivingWorldCup2021_Men10m_final_r3::3,validation,5,False,1.594378e-06,0.36438304
FINADivingWorldCup2021_Men10m_final_r3::4,validation,5,False,3.782643e-05,0.38541123
FINADivingWorldCup2021_Men10m_final_r3::5,validation,5,False,4.490561e-07,0.2953096
FINADivingWorldCup2021_Men10m_final_r3::6,validation,5,False,2.6932898e-06,0.26446682
FINADivingWorldCup2021_Men10m_final_r3::8,validation,5,False,0.00014010417,1.5058315
FINADivingWorldCup2021_Men10m_final_r3::9,validation,5,False,1.8719311e-07,0.29833856
FINADivingWorldCup2021_Men10m_final_r3::10,validation,1,True,2.9921532e-05,0.0
FINADivingWorldCup2021_Men10m_final_r3::11,validation,5,False,2.5741977e-06,0.6655101
FINADivingWorldCup2021_Men10m_final_r4::1,validation,5,False,9.424122e-08,0.4631152
FINADivingWorldCup2021_Men10m_final_r4::2,validation,5,False,2.9078157e-07,0.5113587
FINADivingWorldCup2021_Men10m_final_r4::3,validation,5,False,7.75385e-07,0.41542917
FINADivingWorldCup2021_Men10m_final_r4::6,validation,5,False,4.2578904e-06,0.5962199
FINADivingWorldCup2021_Men10m_final_r4::7,validation,5,False,4.0335985e-07,0.07308691
FINADivingWorldCup2021_Men10m_final_r4::8,validation,5,False,2.2810718e-07,0.2672139
FINADivingWorldCup2021_Men10m_final_r4::9,validation,5,False,1.3453825e-06,0.24175096
FINADivingWorldCup2021_Men10m_final_r4::10,validation,5,False,1.0168563e-06,0.41266695
FINADivingWorldCup2021_Men10m_final_r4::11,validation,5,False,3.3465225e-05,0.38432756
FINADivingWorldCup2021_Men10m_final_r5::0,validation,5,False,1.7732707e-06,0.3663513
FINADivingWorldCup2021_Men10m_final_r5::1,validation,5,False,1.6845114e-07,0.46936423
FINADivingWorldCup2021_Men10m_final_r5::2,validation,5,False,1.8912587e-07,0.41306126
FINADivingWorldCup2021_Men10m_final_r5::3,validation,5,False,2.345521e-05,0.39736244
FINADivingWorldCup2021_Men10m_final_r5::4,validation,5,False,5.213514e-07,0.37935752
FINADivingWorldCup2021_Men10m_final_r5::6,validation,5,False,1.3812384e-07,0.21970868
FINADivingWorldCup2021_Men10m_final_r5::7,validation,5,False,2.4498654e-06,0.6651482
FINADivingWorldCup2021_Men10m_final_r5::8,validation,5,False,6.781966e-08,0.35829148
FINADivingWorldCup2021_Men10m_final_r5::9,validation,5,False,3.2836564e-07,0.23332489
FINADivingWorldCup2021_Men10m_final_r5::10,validation,5,False,2.4791768e-07,0.26674315
FINADivingWorldCup2021_Men10m_final_r6::0,validation,5,False,8.283489e-06,0.26324004
FINADivingWorldCup2021_Men10m_final_r6::1,validation,5,False,1.7751204e-07,0.19740188
FINADivingWorldCup2021_Men10m_final_r6::2,validation,5,False,4.92251e-07,0.3599377
FINADivingWorldCup2021_Men10m_final_r6::3,validation,5,False,6.441865e-07,0.32140496
FINADivingWorldCup2021_Men10m_final_r6::4,validation,5,False,1.8373635e-07,0.29666248
FINADivingWorldCup2021_Men10m_final_r6::5,validation,5,False,7.622506e-07,0.21627454
FINADivingWorldCup2021_Men10m_final_r6::6,validation,5,False,2.0440211e-07,0.3985329
FINADivingWorldCup2021_Men10m_final_r6::7,validation,5,False,5.368443e-06,0.59600174
FINADivingWorldCup2021_Men10m_final_r6::8,validation,5,False,4.521005e-07,0.3601563
FINADivingWorldCup2021_Men10m_final_r6::9,validation,5,False,2.3439148e-07,0.50992817
FINADivingWorldCup2021_Men10m_final_r6::11,validation,5,False,3.586043e-05,0.2874944
FINADivingWorldCup2021_Men10m_semifinal_r1::0,calibration,5,False,1.4968349e-07,0.48095384
FINADivingWorldCup2021_Men10m_semifinal_r1::1,calibration,5,False,1.0705612e-07,0.2771146
FINADivingWorldCup2021_Men10m_semifinal_r1::2,calibration,5,False,7.8332574e-05,0.9960899
FINADivingWorldCup2021_Men10m_semifinal_r1::3,calibration,5,False,1.0509417e-07,0.38930598
FINADivingWorldCup2021_Men10m_semifinal_r1::4,calibration,4,False,0.00043977404,0.6172917
FINADivingWorldCup2021_Men10m_semifinal_r1::8,calibration,5,False,7.928117e-06,0.39794305
FINADivingWorldCup2021_Men10m_semifinal_r1::9,calibration,5,False,1.3008145e-07,0.4346578
FINADivingWorldCup2021_Men10m_semifinal_r1::10,calibration,5,False,3.9574104e-07,0.47215214
FINADivingWorldCup2021_Men10m_semifinal_r1::12,calibration,5,False,2.0081405e-08,0.24433658
FINADivingWorldCup2021_Men10m_semifinal_r1::15,calibration,5,False,1.0697253e-07,0.304267
FINADivingWorldCup2021_Men10m_semifinal_r1::16,calibration,4,False,3.7368984e-05,0.6077096
FINADivingWorldCup2021_Men10m_semifinal_r2::0,calibration,5,False,1.0661944e-05,0.37465838
FINADivingWorldCup2021_Men10m_semifinal_r2::2,calibration,5,False,2.1575333e-06,0.4378011
FINADivingWorldCup2021_Men10m_semifinal_r2::3,calibration,5,False,4.093029e-06,0.569971
FINADivingWorldCup2021_Men10m_semifinal_r2::5,calibration,5,False,1.0436027e-06,0.4096154
FINADivingWorldCup2021_Men10m_semifinal_r2::6,calibration,5,False,1.1656444e-06,0.20674212
FINADivingWorldCup2021_Men10m_semifinal_r2::8,calibration,5,False,3.7782655e-07,0.23898062
FINADivingWorldCup2021_Men10m_semifinal_r2::9,calibration,5,False,0.0,0.49278146
FINADivingWorldCup2021_Men10m_semifinal_r2::10,calibration,5,False,3.2301534e-07,0.17467745
FINADivingWorldCup2021_Men10m_semifinal_r2::11,calibration,5,False,1.4487239e-07,0.45339975
FINADivingWorldCup2021_Men10m_semifinal_r2::12,calibration,5,False,2.9377864e-07,0.16571389
FINADivingWorldCup2021_Men10m_semifinal_r2::13,calibration,5,False,2.3209472e-07,0.38085607
FINADivingWorldCup2021_Men10m_semifinal_r2::15,calibration,5,False,1.1709796e-07,0.44555178
FINADivingWorldCup2021_Men10m_semifinal_r2::17,calibration,5,False,6.48533e-08,0.3042557
FINADivingWorldCup2021_Men10m_semifinal_r3::1,calibration,5,False,6.324049e-08,0.37688407
FINADivingWorldCup2021_Men10m_semifinal_r3::2,calibration,5,False,8.459644e-08,0.25261113
FINADivingWorldCup2021_Men10m_semifinal_r3::5,calibration,5,False,8.6274085e-06,0.49524367
FINADivingWorldCup2021_Men10m_semifinal_r3::6,calibration,5,False,1.4371393e-07,0.26331875
FINADivingWorldCup2021_Men10m_semifinal_r3::8,calibration,5,False,1.0704922e-07,0.11276622
FINADivingWorldCup2021_Men10m_semifinal_r3::10,calibration,5,False,0.00063311664,0.98311347
FINADivingWorldCup2021_Men10m_semifinal_r3::11,calibration,5,False,8.7038534e-05,0.51429504
FINADivingWorldCup2021_Men10m_semifinal_r3::12,calibration,5,False,4.3061766e-07,0.17672849
FINADivingWorldCup2021_Men10m_semifinal_r3::13,calibration,5,False,5.8875003e-08,0.27941355
FINADivingWorldCup2021_Men10m_semifinal_r3::14,calibration,5,False,1.2703323e-06,0.2586885
FINADivingWorldCup2021_Men10m_semifinal_r3::15,calibration,5,False,1.2070849e-06,0.5319512
FINADivingWorldCup2021_Men10m_semifinal_r3::16,calibration,5,False,4.4865865e-05,1.0613822
FINADivingWorldCup2021_Men10m_semifinal_r4::0,calibration,5,False,0.0002869119,0.96230733
FINADivingWorldCup2021_Men10m_semifinal_r4::2,calibration,5,False,4.6219516e-06,0.5256604
FINADivingWorldCup2021_Men10m_semifinal_r4::3,calibration,5,False,3.2689954e-06,0.5294867
FINADivingWorldCup2021_Men10m_semifinal_r4::4,calibration,5,False,1.489036e-07,0.549662
FINADivingWorldCup2021_Men10m_semifinal_r4::5,calibration,5,False,9.663952e-06,0.2902592
FINADivingWorldCup2021_Men10m_semifinal_r4::6,calibration,5,False,3.470539e-07,0.12169025
FINADivingWorldCup2021_Men10m_semifinal_r4::7,calibration,5,False,1.7366028e-06,0.5051364
FINADivingWorldCup2021_Men10m_semifinal_r4::8,calibration,5,False,2.8644612e-07,0.25829232
FINADivingWorldCup2021_Men10m_semifinal_r4::9,calibration,5,False,1.5384381e-05,0.4075736
FINADivingWorldCup2021_Men10m_semifinal_r4::11,calibration,5,False,1.1009325e-06,0.49076557
FINADivingWorldCup2021_Men10m_semifinal_r4::12,calibration,5,False,8.6863594e-08,0.23862909
FINADivingWorldCup2021_Men10m_semifinal_r4::13,calibration,5,False,3.3652327e-07,0.34530807
FINADivingWorldCup2021_Men10m_semifinal_r4::16,calibration,5,False,7.3384666e-07,0.62118095
FINADivingWorldCup2021_Men10m_semifinal_r4::17,calibration,5,False,3.5378775e-06,0.37232906
FINADivingWorldCup2021_Men10m_semifinal_r5::0,calibration,5,False,4.9125424e-07,0.23225552
FINADivingWorldCup2021_Men10m_semifinal_r5::1,calibration,5,False,8.865877e-06,0.39821208
FINADivingWorldCup2021_Men10m_semifinal_r5::2,calibration,5,False,1.0847971e-07,0.5059353
FINADivingWorldCup2021_Men10m_semifinal_r5::3,calibration,5,False,1.2506538e-05,0.19747646
FINADivingWorldCup2021_Men10m_semifinal_r5::4,calibration,5,False,2.2643216e-07,0.30109206
FINADivingWorldCup2021_Men10m_semifinal_r5::5,calibration,5,False,3.0392948e-07,0.33829203
FINADivingWorldCup2021_Men10m_semifinal_r5::6,calibration,5,False,6.86127e-08,0.21828859
FINADivingWorldCup2021_Men10m_semifinal_r5::10,calibration,5,False,1.31407605e-05,0.24087897
FINADivingWorldCup2021_Men10m_semifinal_r5::12,calibration,5,False,8.8485467e-07,0.19715217
FINADivingWorldCup2021_Men10m_semifinal_r5::14,calibration,5,False,1.2397521e-07,0.26947445
FINADivingWorldCup2021_Men10m_semifinal_r5::15,calibration,5,False,6.4037977e-07,0.3501196
FINADivingWorldCup2021_Men10m_semifinal_r5::16,calibration,5,False,1.5236164e-07,0.25116536
FINADivingWorldCup2021_Men10m_semifinal_r5::17,calibration,5,False,8.138038e-08,0.17965934
FINADivingWorldCup2021_Men10m_semifinal_r6::1,calibration,5,False,1.9195222e-06,0.4730714
FINADivingWorldCup2021_Men10m_semifinal_r6::3,calibration,5,False,7.721072e-07,0.3742012
FINADivingWorldCup2021_Men10m_semifinal_r6::4,calibration,5,False,1.1915427e-05,0.3265975
FINADivingWorldCup2021_Men10m_semifinal_r6::5,calibration,5,False,1.5157572e-06,0.1429884
FINADivingWorldCup2021_Men10m_semifinal_r6::6,calibration,5,False,1.4067746e-07,0.24352403
FINADivingWorldCup2021_Men10m_semifinal_r6::8,calibration,5,False,9.6307865e-08,0.39741063
FINADivingWorldCup2021_Men10m_semifinal_r6::9,calibration,5,False,2.1944713e-06,0.45820934
FINADivingWorldCup2021_Men10m_semifinal_r6::10,calibration,5,False,4.8749243e-06,0.4764767
FINADivingWorldCup2021_Men10m_semifinal_r6::11,calibration,5,False,2.236008e-07,0.166833
FINADivingWorldCup2021_Men10m_semifinal_r6::12,calibration,5,False,8.4942195e-07,0.36797714
FINADivingWorldCup2021_Men10m_semifinal_r6::13,calibration,5,False,1.0778362e-05,0.47904688
FINADivingWorldCup2021_Men10m_semifinal_r6::14,calibration,5,False,3.7585534e-07,0.6156361
FINADivingWorldCup2021_Men10m_semifinal_r6::16,calibration,5,False,1.2676038e-06,0.20981401
FINADivingWorldCup2021_Men10m_semifinal_r6::17,calibration,5,False,4.4370182e-07,0.14849171
FINADivingWorldCup2021_Men3mSynchronised_final_r1::0,fit,5,False,1.9946634e-07,0.36207104
FINADivingWorldCup2021_Men3mSynchronised_final_r1::1,fit,5,False,9.064053e-08,0.4594152
FINADivingWorldCup2021_Men3mSynchronised_final_r1::3,fit,5,False,2.2761348e-07,0.12850212
FINADivingWorldCup2021_Men3mSynchronised_final_r1::4,fit,5,False,1.1510097e-07,0.18232769
FINADivingWorldCup2021_Men3mSynchronised_final_r1::5,fit,5,False,1.3032808e-06,0.46548223
FINADivingWorldCup2021_Men3mSynchronised_final_r1::6,fit,0,True,0.0,0.0
FINADivingWorldCup2021_Men3mSynchronised_final_r1::7,fit,5,False,7.653549e-08,0.32021314
FINADivingWorldCup2021_Men3mSynchronised_final_r1::8,fit,5,False,1.772141e-07,0.36854416
FINADivingWorldCup2021_Men3mSynchronised_final_r1::10,fit,5,False,8.70937e-07,0.13432895
FINADivingWorldCup2021_Men3mSynchronised_final_r1::11,fit,5,False,9.567729e-07,0.13433401
FINADivingWorldCup2021_Men3mSynchronised_final_r2::1,fit,5,False,2.7591424e-08,0.1824134
FINADivingWorldCup2021_Men3mSynchronised_final_r2::2,fit,5,False,1.6368965e-06,0.13065118
FINADivingWorldCup2021_Men3mSynchronised_final_r2::3,fit,5,False,1.1483961e-06,0.097774744
FINADivingWorldCup2021_Men3mSynchronised_final_r2::4,fit,5,False,1.3888892e-06,0.23076293
FINADivingWorldCup2021_Men3mSynchronised_final_r2::5,fit,5,False,6.798641e-07,0.23082323
FINADivingWorldCup2021_Men3mSynchronised_final_r2::6,fit,0,True,0.0,0.0
FINADivingWorldCup2021_Men3mSynchronised_final_r2::7,fit,5,False,8.7625136e-07,0.23079516
FINADivingWorldCup2021_Men3mSynchronised_final_r2::9,fit,5,False,4.072126e-07,0.30913985
FINADivingWorldCup2021_Men3mSynchronised_final_r2::10,fit,5,False,4.8866156e-08,0.16340756
FINADivingWorldCup2021_Men3mSynchronised_final_r3::0,fit,5,False,1.6754e-07,0.0
FINADivingWorldCup2021_Men3mSynchronised_final_r3::1,fit,5,False,3.365393e-08,0.18923493
FINADivingWorldCup2021_Men3mSynchronised_final_r3::2,fit,5,False,1.1920929e-07,0.18181522
FINADivingWorldCup2021_Men3mSynchronised_final_r3::4,fit,5,False,1.412777e-07,0.24274497
FINADivingWorldCup2021_Men3mSynchronised_final_r3::6,fit,5,False,2.3590202e-07,0.06714987
FINADivingWorldCup2021_Men3mSynchronised_final_r3::8,fit,5,False,1.5048012e-07,0.45773524
FINADivingWorldCup2021_Men3mSynchronised_final_r3::9,fit,5,False,9.138707e-08,0.36016673
FINADivingWorldCup2021_Men3mSynchronised_final_r3::10,fit,5,False,1.4909904e-07,0.32612395
FINADivingWorldCup2021_Men3mSynchronised_final_r4::0,fit,5,False,6.908943e-08,0.20982331
FINADivingWorldCup2021_Men3mSynchronised_final_r4::1,fit,5,False,8.952234e-07,0.21267895
FINADivingWorldCup2021_Men3mSynchronised_final_r4::3,fit,5,False,3.4300916e-07,0.23979181
FINADivingWorldCup2021_Men3mSynchronised_final_r4::4,fit,5,False,6.448177e-08,0.5158583
FINADivingWorldCup2021_Men3mSynchronised_final_r4::5,fit,5,False,3.3108822e-07,0.18699415
FINADivingWorldCup2021_Men3mSynchronised_final_r4::8,fit,5,False,3.3548693e-07,0.31622574
FINADivingWorldCup2021_Men3mSynchronised_final_r4::9,fit,5,False,8.265801e-08,0.38070944
FINADivingWorldCup2021_Men3mSynchronised_final_r4::10,fit,5,False,3.3955473e-08,0.25025323
FINADivingWorldCup2021_Men3mSynchronised_final_r4::11,fit,5,False,8.801217e-08,0.649098
FINADivingWorldCup2021_Men3mSynchronised_final_r5::0,fit,5,False,1.4688638e-07,0.5165793
FINADivingWorldCup2021_Men3mSynchronised_final_r5::1,fit,5,False,5.487103e-08,0.50844276
FINADivingWorldCup2021_Men3mSynchronised_final_r5::3,fit,5,False,1.5351279e-07,0.60367745
FINADivingWorldCup2021_Men3mSynchronised_final_r5::5,fit,5,False,9.0703374e-08,0.4988771
FINADivingWorldCup2021_Men3mSynchronised_final_r5::6,fit,5,False,6.8724326e-08,0.2095784
FINADivingWorldCup2021_Men3mSynchronised_final_r5::7,fit,5,False,8.09671e-08,0.47187597
FINADivingWorldCup2021_Men3mSynchronised_final_r5::8,fit,5,False,1.6131273e-07,0.28900462
FINADivingWorldCup2021_Men3mSynchronised_final_r5::11,fit,5,False,5.022147e-08,0.3892315
FINADivingWorldCup2021_Men3mSynchronised_final_r6::1,fit,5,False,2.4385676e-07,0.1535128
FINADivingWorldCup2021_Men3mSynchronised_final_r6::2,fit,5,False,9.089865e-08,0.71420264
FINADivingWorldCup2021_Men3mSynchronised_final_r6::3,fit,5,False,9.849185e-06,0.42705846
FINADivingWorldCup2021_Men3mSynchronised_final_r6::4,fit,5,False,2.738144e-05,0.49742898
FINADivingWorldCup2021_Men3mSynchronised_final_r6::5,fit,5,False,1.460006e-07,0.24120532
FINADivingWorldCup2021_Men3mSynchronised_final_r6::6,fit,5,False,4.0296632e-07,0.3313486
FINADivingWorldCup2021_Men3mSynchronised_final_r6::7,fit,5,False,2.3796732e-05,0.41340303
FINADivingWorldCup2021_Men3mSynchronised_final_r6::9,fit,5,False,6.86592e-07,0.52628326
FINADivingWorldCup2021_Men3mSynchronised_final_r6::10,fit,5,False,6.611468e-08,0.4478508
FINADivingWorldCup2021_Men3mSynchronised_final_r6::11,fit,5,False,1.1379019e-07,0.49731356
FINADivingWorldCup2021_Men3m_final_r1::0,validation,5,False,4.4988602e-07,0.26983526
FINADivingWorldCup2021_Men3m_final_r1::1,validation,5,False,9.766529e-08,0.2227019
FINADivingWorldCup2021_Men3m_final_r1::2,validation,5,False,2.9685689e-06,0.33429432
FINADivingWorldCup2021_Men3m_final_r1::3,validation,5,False,1.150171e-06,0.23691596
FINADivingWorldCup2021_Men3m_final_r1::4,validation,5,False,1.8331878e-07,0.36110196
FINADivingWorldCup2021_Men3m_final_r1::5,validation,5,False,7.0260356e-08,0.40560174
FINADivingWorldCup2021_Men3m_final_r1::6,validation,5,False,1.8028285e-07,0.35672557
FINADivingWorldCup2021_Men3m_final_r1::8,validation,5,False,1.2833817e-07,0.44829816
FINADivingWorldCup2021_Men3m_final_r2::0,validation,5,False,1.2622547e-07,0.22289306
FINADivingWorldCup2021_Men3m_final_r2::1,validation,5,False,5.8856525e-08,0.60643166
FINADivingWorldCup2021_Men3m_final_r2::2,validation,5,False,5.122074e-08,0.3808012
FINADivingWorldCup2021_Men3m_final_r2::3,validation,5,False,2.2499017e-07,0.32105324
FINADivingWorldCup2021_Men3m_final_r2::4,validation,5,False,3.5237314e-05,0.45824963
FINADivingWorldCup2021_Men3m_final_r2::5,validation,5,False,7.0359243e-07,0.34898385
FINADivingWorldCup2021_Men3m_final_r2::6,validation,5,False,8.681701e-08,0.402285
FINADivingWorldCup2021_Men3m_final_r2::7,validation,5,False,1.332586e-07,0.3164539
FINADivingWorldCup2021_Men3m_final_r2::8,validation,5,False,3.3085803e-07,0.32326052
FINADivingWorldCup2021_Men3m_final_r2::9,validation,5,False,5.959414e-07,0.40417
FINADivingWorldCup2021_Men3m_final_r2::10,validation,5,False,1.1775087e-07,0.236861
FINADivingWorldCup2021_Men3m_final_r3::0,validation,5,False,5.568166e-06,0.47083664
FINADivingWorldCup2021_Men3m_final_r3::1,validation,5,False,1.3653016e-07,0.21018213
FINADivingWorldCup2021_Men3m_final_r3::2,validation,5,False,4.5400492e-07,0.35277644
FINADivingWorldCup2021_Men3m_final_r3::3,validation,5,False,4.2511164e-07,0.16833578
FINADivingWorldCup2021_Men3m_final_r3::4,validation,5,False,4.4495795e-07,0.2865696
FINADivingWorldCup2021_Men3m_final_r3::8,validation,5,False,8.2332207e-07,0.13056852
FINADivingWorldCup2021_Men3m_final_r3::9,validation,5,False,7.1296355e-08,0.3199407
FINADivingWorldCup2021_Men3m_final_r3::10,validation,5,False,1.009501e-07,0.525534
FINADivingWorldCup2021_Men3m_final_r3::11,validation,5,False,3.729941e-08,0.09225386
FINADivingWorldCup2021_Men3m_final_r4::1,validation,5,False,3.4043385e-06,0.43050408
FINADivingWorldCup2021_Men3m_final_r4::2,validation,5,False,1.03962286e-07,0.2736973
FINADivingWorldCup2021_Men3m_final_r4::3,validation,5,False,2.0627735e-05,0.3910036
FINADivingWorldCup2021_Men3m_final_r4::4,validation,5,False,2.9449936e-06,0.3446376
FINADivingWorldCup2021_Men3m_final_r4::6,validation,5,False,3.5106375e-08,0.20048322
FINADivingWorldCup2021_Men3m_final_r4::7,validation,5,False,3.0335974e-07,0.3232571
FINADivingWorldCup2021_Men3m_final_r4::9,validation,5,False,1.8355992e-07,0.43356562
FINADivingWorldCup2021_Men3m_final_r4::10,validation,5,False,1.525403e-06,0.3527849
FINADivingWorldCup2021_Men3m_final_r4::11,validation,5,False,0.00016898634,0.5585497
FINADivingWorldCup2021_Men3m_final_r5::0,validation,5,False,1.668061e-05,0.21170926
FINADivingWorldCup2021_Men3m_final_r5::4,validation,5,False,1.9194654e-07,0.1918716
FINADivingWorldCup2021_Men3m_final_r5::10,validation,5,False,2.708578e-07,0.17666242
FINADivingWorldCup2021_Men3m_final_r5::11,validation,5,False,2.2798442e-07,0.08108349
FINADivingWorldCup2021_Men3m_final_r6::0,validation,5,False,7.424452e-07,0.32326055
FINADivingWorldCup2021_Men3m_final_r6::1,validation,5,False,1.6592952e-07,0.271741
FINADivingWorldCup2021_Men3m_final_r6::2,validation,5,False,7.639339e-06,0.43378592
FINADivingWorldCup2021_Men3m_final_r6::3,validation,5,False,1.319164e-07,0.27600038
FINADivingWorldCup2021_Men3m_final_r6::4,validation,5,False,8.493521e-08,0.30054048
FINADivingWorldCup2021_Men3m_final_r6::5,validation,5,False,9.590834e-06,0.33082926
FINADivingWorldCup2021_Men3m_final_r6::6,validation,5,False,3.0682452e-07,0.2141344
FINADivingWorldCup2021_Men3m_final_r6::7,validation,5,False,6.9991137e-07,0.1855979
FINADivingWorldCup2021_Men3m_final_r6::8,validation,5,False,2.8343818e-06,0.36261258
FINADivingWorldCup2021_Men3m_final_r6::9,validation,5,False,1.8286225e-07,0.40212643
FINADivingWorldCup2021_Men3m_final_r6::10,validation,5,False,0.0001544291,0.5532652
FINADivingWorldCup2021_Men3m_final_r6::11,validation,5,False,2.5443813e-05,0.4485998
FINADivingWorldCup2021_Men3m_semifinal_r1::0,fit,5,False,1.2596954e-07,0.6028384
FINADivingWorldCup2021_Men3m_semifinal_r1::1,fit,5,False,4.4668205e-08,0.23231061
FINADivingWorldCup2021_Men3m_semifinal_r1::2,fit,5,False,3.5064254e-08,0.34174305
FINADivingWorldCup2021_Men3m_semifinal_r1::3,fit,5,False,6.1039566e-07,0.3943917
FINADivingWorldCup2021_Men3m_semifinal_r1::4,fit,5,False,1.3549216e-08,0.26527008
FINADivingWorldCup2021_Men3m_semifinal_r1::5,fit,5,False,1.934865e-07,0.17238775
FINADivingWorldCup2021_Men3m_semifinal_r1::6,fit,5,False,3.5671164e-07,0.4033098
FINADivingWorldCup2021_Men3m_semifinal_r1::7,fit,5,False,0.0010165102,0.8810495
FINADivingWorldCup2021_Men3m_semifinal_r1::8,fit,5,False,2.0194632e-07,0.20314652
FINADivingWorldCup2021_Men3m_semifinal_r1::13,fit,5,False,1.973541e-07,0.24078831
FINADivingWorldCup2021_Men3m_semifinal_r1::14,fit,5,False,6.9359305e-07,0.4184929
FINADivingWorldCup2021_Men3m_semifinal_r1::16,fit,5,False,1.7417861e-07,0.3904459
FINADivingWorldCup2021_Men3m_semifinal_r1::17,fit,5,False,2.1205422e-07,0.25097263
FINADivingWorldCup2021_Men3m_semifinal_r2::0,fit,5,False,1.5682073e-07,0.19146907
FINADivingWorldCup2021_Men3m_semifinal_r2::1,fit,5,False,2.1597528e-07,0.3494502
FINADivingWorldCup2021_Men3m_semifinal_r2::2,fit,5,False,8.615347e-08,0.2836599
FINADivingWorldCup2021_Men3m_semifinal_r2::3,fit,5,False,4.4140995e-07,0.46689105
FINADivingWorldCup2021_Men3m_semifinal_r2::4,fit,5,False,2.6649826e-07,0.44770178
FINADivingWorldCup2021_Men3m_semifinal_r2::5,fit,5,False,1.5827601e-07,0.1907874
FINADivingWorldCup2021_Men3m_semifinal_r2::7,fit,5,False,1.4467324e-06,0.26804522
FINADivingWorldCup2021_Men3m_semifinal_r2::8,fit,5,False,4.0693158e-07,0.61411905
FINADivingWorldCup2021_Men3m_semifinal_r2::10,fit,5,False,1.7265448e-07,0.22226217
FINADivingWorldCup2021_Men3m_semifinal_r2::11,fit,5,False,2.5197633e-07,0.122979864
FINADivingWorldCup2021_Men3m_semifinal_r2::12,fit,5,False,1.06089e-07,0.313726
FINADivingWorldCup2021_Men3m_semifinal_r2::13,fit,5,False,9.097977e-07,0.536448
FINADivingWorldCup2021_Men3m_semifinal_r2::14,fit,5,False,9.363746e-08,0.22638166
FINADivingWorldCup2021_Men3m_semifinal_r2::15,fit,5,False,2.3453909e-07,0.323063
FINADivingWorldCup2021_Men3m_semifinal_r2::16,fit,5,False,6.587951e-08,0.32946908
FINADivingWorldCup2021_Men3m_semifinal_r2::17,fit,5,False,1.3301334e-07,0.7110243
FINADivingWorldCup2021_Men3m_semifinal_r3::0,fit,5,False,1.2970191e-06,0.36247897
FINADivingWorldCup2021_Men3m_semifinal_r3::2,fit,5,False,2.1128372e-07,0.18148111
FINADivingWorldCup2021_Men3m_semifinal_r3::3,fit,5,False,2.823043e-06,0.5612032
FINADivingWorldCup2021_Men3m_semifinal_r3::4,fit,5,False,4.1982605e-07,0.21830024
FINADivingWorldCup2021_Men3m_semifinal_r3::5,fit,5,False,1.7568712e-07,0.34219983
FINADivingWorldCup2021_Men3m_semifinal_r3::7,fit,5,False,1.11132685e-07,0.59774435
FINADivingWorldCup2021_Men3m_semifinal_r3::8,fit,5,False,4.910244e-06,0.2951471
FINADivingWorldCup2021_Men3m_semifinal_r3::11,fit,5,False,3.7494615e-08,0.31481162
FINADivingWorldCup2021_Men3m_semifinal_r3::14,fit,5,False,1.7004683e-07,0.23324743
FINADivingWorldCup2021_Men3m_semifinal_r3::16,fit,5,False,6.4775264e-07,0.3573983
FINADivingWorldCup2021_Men3m_semifinal_r3::17,fit,5,False,7.554871e-08,0.15295343
FINADivingWorldCup2021_Men3m_semifinal_r4::0,fit,5,False,1.4887195e-07,0.28482032
FINADivingWorldCup2021_Men3m_semifinal_r4::1,fit,5,False,2.213344e-07,0.3315083
FINADivingWorldCup2021_Men3m_semifinal_r4::2,fit,5,False,1.3008328e-07,0.1998217
FINADivingWorldCup2021_Men3m_semifinal_r4::3,fit,5,False,6.222886e-07,0.25507006
FINADivingWorldCup2021_Men3m_semifinal_r4::4,fit,5,False,3.866034e-06,0.3578884
FINADivingWorldCup2021_Men3m_semifinal_r4::5,fit,5,False,6.7468244e-07,0.17935392
FINADivingWorldCup2021_Men3m_semifinal_r4::6,fit,5,False,3.088941e-07,0.43962082
FINADivingWorldCup2021_Men3m_semifinal_r4::7,fit,5,False,7.4189664e-08,0.19042167
FINADivingWorldCup2021_Men3m_semifinal_r4::8,fit,5,False,2.8503115e-07,0.0
FINADivingWorldCup2021_Men3m_semifinal_r4::10,fit,5,False,1.1703497e-07,0.36475542
FINADivingWorldCup2021_Men3m_semifinal_r4::11,fit,5,False,5.654158e-08,0.13432343
FINADivingWorldCup2021_Men3m_semifinal_r4::12,fit,5,False,7.4260765e-06,0.2951535
FINADivingWorldCup2021_Men3m_semifinal_r4::13,fit,5,False,1.027024e-07,0.30690256
FINADivingWorldCup2021_Men3m_semifinal_r4::14,fit,5,False,6.2601947e-07,0.28720185
FINADivingWorldCup2021_Men3m_semifinal_r4::16,fit,5,False,4.2860588e-08,0.3315961
FINADivingWorldCup2021_Men3m_semifinal_r4::17,fit,5,False,7.6291843e-07,0.4947468
FINADivingWorldCup2021_Men3m_semifinal_r5::0,fit,5,False,1.7103942e-07,0.14889899
FINADivingWorldCup2021_Men3m_semifinal_r5::1,fit,5,False,2.688602e-07,0.27475685
FINADivingWorldCup2021_Men3m_semifinal_r5::5,fit,5,False,5.6329104e-06,0.33527178
FINADivingWorldCup2021_Men3m_semifinal_r5::6,fit,5,False,1.4327134e-07,0.31372327
FINADivingWorldCup2021_Men3m_semifinal_r5::7,fit,5,False,2.3173916e-07,0.2996682
FINADivingWorldCup2021_Men3m_semifinal_r5::10,fit,5,False,3.175275e-07,0.2787461
FINADivingWorldCup2021_Men3m_semifinal_r5::12,fit,5,False,2.757498e-07,0.14590976
FINADivingWorldCup2021_Men3m_semifinal_r5::13,fit,5,False,2.610677e-07,0.29720476
FINADivingWorldCup2021_Men3m_semifinal_r5::17,fit,5,False,1.8085524e-07,0.12902817
FINADivingWorldCup2021_Men3m_semifinal_r6::1,fit,5,False,1.9736342e-05,0.3965652
FINADivingWorldCup2021_Men3m_semifinal_r6::2,fit,5,False,3.1005277e-07,0.36137712
FINADivingWorldCup2021_Men3m_semifinal_r6::4,fit,5,False,4.399289e-07,0.57332647
FINADivingWorldCup2021_Men3m_semifinal_r6::5,fit,5,False,3.1847568e-07,0.60854506
FINADivingWorldCup2021_Men3m_semifinal_r6::6,fit,5,False,-1.1433947e-08,0.22479923
FINADivingWorldCup2021_Men3m_semifinal_r6::8,fit,5,False,0.00016705977,0.8891651
FINADivingWorldCup2021_Men3m_semifinal_r6::9,fit,5,False,9.961424e-08,0.60467714
FINADivingWorldCup2021_Men3m_semifinal_r6::10,fit,5,False,3.4628746e-07,0.59923744
FINADivingWorldCup2021_Men3m_semifinal_r6::12,fit,5,False,2.8024547e-07,0.20945223
FINADivingWorldCup2021_Men3m_semifinal_r6::13,fit,5,False,9.288854e-06,0.5103089
FINADivingWorldCup2021_Men3m_semifinal_r6::14,fit,5,False,3.2729004e-06,0.2806914
FINADivingWorldCup2021_Men3m_semifinal_r6::15,fit,5,False,1.2027164e-07,0.19008435
FINADivingWorldCup2021_Men3m_semifinal_r6::16,fit,5,False,1.5385427e-06,0.4936447
FINADivingWorldCup2021_Men3m_semifinal_r6::17,fit,5,False,6.2622695e-07,0.2616195
FINADivingWorldCup2021_Women10mSynchronised_final_r1::2,fit,5,False,4.972962e-06,0.27308145
FINADivingWorldCup2021_Women10mSynchronised_final_r1::3,fit,5,False,6.8225305e-08,0.25985092
FINADivingWorldCup2021_Women10mSynchronised_final_r1::4,fit,5,False,2.2031281e-07,0.34091324
FINADivingWorldCup2021_Women10mSynchronised_final_r1::6,fit,5,False,4.032916e-07,0.28011495
FINADivingWorldCup2021_Women10mSynchronised_final_r1::7,fit,5,False,3.4164904e-07,0.33664772
FINADivingWorldCup2021_Women10mSynchronised_final_r1::10,fit,5,False,4.11952e-06,0.45439842
FINADivingWorldCup2021_Women10mSynchronised_final_r2::0,fit,5,False,8.7017065e-07,0.23902807
FINADivingWorldCup2021_Women10mSynchronised_final_r2::1,fit,5,False,3.4464486e-07,0.5184852
FINADivingWorldCup2021_Women10mSynchronised_final_r2::3,fit,5,False,2.1246926e-07,0.34904224
FINADivingWorldCup2021_Women10mSynchronised_final_r2::4,fit,5,False,5.1920288e-06,0.32002375
FINADivingWorldCup2021_Women10mSynchronised_final_r2::5,fit,5,False,1.9980746e-07,0.2504128
FINADivingWorldCup2021_Women10mSynchronised_final_r2::7,fit,5,False,9.341806e-08,0.55914575
FINADivingWorldCup2021_Women10mSynchronised_final_r2::8,fit,5,False,1.2924808e-07,0.20907761
FINADivingWorldCup2021_Women10mSynchronised_final_r2::9,fit,5,False,9.844034e-07,0.239503
FINADivingWorldCup2021_Women10mSynchronised_final_r3::0,fit,5,False,1.5548123e-06,0.7662029
FINADivingWorldCup2021_Women10mSynchronised_final_r3::1,fit,5,False,8.350206e-08,0.20719145
FINADivingWorldCup2021_Women10mSynchronised_final_r3::2,fit,5,False,7.825657e-07,0.50196135
FINADivingWorldCup2021_Women10mSynchronised_final_r3::3,fit,5,False,2.5133727e-07,0.24715863
FINADivingWorldCup2021_Women10mSynchronised_final_r3::4,fit,5,False,1.0874023e-07,0.3066497
FINADivingWorldCup2021_Women10mSynchronised_final_r3::5,fit,5,False,1.6723928e-07,0.32555473
FINADivingWorldCup2021_Women10mSynchronised_final_r3::6,fit,5,False,2.1405815e-07,0.22669064
FINADivingWorldCup2021_Women10mSynchronised_final_r3::7,fit,5,False,1.6195268e-07,0.5788351
FINADivingWorldCup2021_Women10mSynchronised_final_r3::8,fit,5,False,8.629961e-08,0.41041613
FINADivingWorldCup2021_Women10mSynchronised_final_r3::10,fit,5,False,5.1248957e-08,0.19627248
FINADivingWorldCup2021_Women10mSynchronised_final_r4::0,fit,5,False,8.859663e-07,0.3415004
FINADivingWorldCup2021_Women10mSynchronised_final_r4::1,fit,5,False,6.326461e-08,0.37336764
FINADivingWorldCup2021_Women10mSynchronised_final_r4::2,fit,5,False,1.3860838e-06,0.3407249
FINADivingWorldCup2021_Women10mSynchronised_final_r4::4,fit,5,False,5.6600453e-07,0.57494146
FINADivingWorldCup2021_Women10mSynchronised_final_r4::5,fit,5,False,2.4183905e-07,0.28727052
FINADivingWorldCup2021_Women10mSynchronised_final_r4::6,fit,5,False,6.0530004e-07,0.1749225
FINADivingWorldCup2021_Women10mSynchronised_final_r4::7,fit,5,False,5.4332247e-07,0.4643015
FINADivingWorldCup2021_Women10mSynchronised_final_r4::8,fit,5,False,1.1920929e-07,0.43171844
FINADivingWorldCup2021_Women10mSynchronised_final_r4::9,fit,5,False,3.2464172e-07,0.36624587
FINADivingWorldCup2021_Women10mSynchronised_final_r5::0,fit,5,False,4.590016e-06,0.21526839
FINADivingWorldCup2021_Women10mSynchronised_final_r5::1,fit,5,False,1.5268506e-07,0.4571789
FINADivingWorldCup2021_Women10mSynchronised_final_r5::2,fit,5,False,4.535161e-06,0.43426228
FINADivingWorldCup2021_Women10mSynchronised_final_r5::3,fit,5,False,2.9876165e-07,0.29562145
FINADivingWorldCup2021_Women10mSynchronised_final_r5::4,fit,5,False,1.5279299e-07,0.18311588
FINADivingWorldCup2021_Women10mSynchronised_final_r5::5,fit,5,False,1.1909747e-07,0.69171524
FINADivingWorldCup2021_Women10mSynchronised_final_r5::6,fit,5,False,1.7696036e-06,0.3569491
FINADivingWorldCup2021_Women10mSynchronised_final_r5::7,fit,5,False,2.0445317e-07,0.2340312
FINADivingWorldCup2021_Women10mSynchronised_final_r5::9,fit,5,False,1.8023947e-07,0.106788106
FINADivingWorldCup2021_Women10mSynchronised_final_r5::10,fit,5,False,4.6622242e-07,0.55275875
FINADivingWorldCup2021_Women10m_final_r1::0,fit,5,False,1.0469696e-06,0.20070745
FINADivingWorldCup2021_Women10m_final_r1::2,fit,5,False,3.2357666e-06,0.44199643
FINADivingWorldCup2021_Women10m_final_r1::4,fit,5,False,1.07767065e-07,0.3748824
FINADivingWorldCup2021_Women10m_final_r1::6,fit,5,False,1.8609254e-06,0.5005275
FINADivingWorldCup2021_Women10m_final_r1::7,fit,5,False,1.4338099e-06,0.19996618
FINADivingWorldCup2021_Women10m_final_r1::8,fit,5,False,8.666745e-08,0.11767912
FINADivingWorldCup2021_Women10m_final_r1::9,fit,5,False,1.17925886e-07,0.6075978
FINADivingWorldCup2021_Women10m_final_r1::10,fit,5,False,2.5993592e-07,0.2550629
FINADivingWorldCup2021_Women10m_final_r1::11,fit,5,False,3.698301e-07,0.40795958
FINADivingWorldCup2021_Women10m_final_r2::0,fit,5,False,1.1253574e-06,0.47721475
FINADivingWorldCup2021_Women10m_final_r2::1,fit,5,False,2.0102038e-07,0.12517345
FINADivingWorldCup2021_Women10m_final_r2::2,fit,5,False,2.8661543e-07,0.5381116
FINADivingWorldCup2021_Women10m_final_r2::3,fit,5,False,4.6966326e-07,0.41224685
FINADivingWorldCup2021_Women10m_final_r2::6,fit,5,False,5.6042154e-07,0.41256282
FINADivingWorldCup2021_Women10m_final_r2::7,fit,5,False,3.8051443e-08,0.4128264
FINADivingWorldCup2021_Women10m_final_r2::8,fit,5,False,3.0589376e-06,0.25481108
FINADivingWorldCup2021_Women10m_final_r2::9,fit,5,False,1.1244857e-07,0.22763953
FINADivingWorldCup2021_Women10m_final_r2::10,fit,5,False,3.689598e-08,0.19678938
FINADivingWorldCup2021_Women10m_final_r2::11,fit,5,False,1.5009481e-06,0.35163504
FINADivingWorldCup2021_Women10m_final_r3::0,fit,5,False,3.4751374e-05,0.4419113
FINADivingWorldCup2021_Women10m_final_r3::1,fit,5,False,1.4404337e-07,0.24910463
FINADivingWorldCup2021_Women10m_final_r3::2,fit,5,False,2.3189173e-06,0.27101645
FINADivingWorldCup2021_Women10m_final_r3::3,fit,5,False,1.0635962e-06,0.25545222
FINADivingWorldCup2021_Women10m_final_r3::4,fit,5,False,4.260645e-07,0.26753685
FINADivingWorldCup2021_Women10m_final_r3::5,fit,5,False,1.3355259e-06,0.12866586
FINADivingWorldCup2021_Women10m_final_r3::7,fit,5,False,6.24867e-08,0.3076173
FINADivingWorldCup2021_Women10m_final_r3::8,fit,5,False,6.412693e-08,0.40695846
FINADivingWorldCup2021_Women10m_final_r3::11,fit,5,False,8.5481844e-08,0.6488687
FINADivingWorldCup2021_Women10m_final_r4::1,fit,5,False,1.0032878e-06,0.21516149
FINADivingWorldCup2021_Women10m_final_r4::2,fit,5,False,1.1134307e-05,0.5080112
FINADivingWorldCup2021_Women10m_final_r4::3,fit,5,False,5.219825e-07,0.52800417
FINADivingWorldCup2021_Women10m_final_r4::4,fit,5,False,1.3941278e-07,0.42216444
FINADivingWorldCup2021_Women10m_final_r4::7,fit,5,False,4.2718992e-07,0.49322268
FINADivingWorldCup2021_Women10m_final_r4::8,fit,5,False,8.019584e-05,0.7745357
FINADivingWorldCup2021_Women10m_final_r4::9,fit,5,False,5.977464e-08,0.43888044
FINADivingWorldCup2021_Women10m_final_r4::10,fit,5,False,1.25194e-06,0.33474576
FINADivingWorldCup2021_Women10m_final_r5::1,fit,5,False,2.3718509e-07,0.06549023
FINADivingWorldCup2021_Women10m_final_r5::2,fit,5,False,8.4972663e-07,0.42538032
FINADivingWorldCup2021_Women10m_final_r5::3,fit,5,False,5.529665e-07,0.1701835
FINADivingWorldCup2021_Women10m_final_r5::4,fit,5,False,2.2064656e-07,0.17542961
FINADivingWorldCup2021_Women10m_final_r5::5,fit,5,False,2.2634427e-07,0.06548996
FINADivingWorldCup2021_Women10m_final_r5::7,fit,5,False,1.9876815e-07,0.3383289
FINADivingWorldCup2021_Women10m_final_r5::8,fit,5,False,2.3381246e-07,0.21385112
FINADivingWorldCup2021_Women10m_final_r5::9,fit,5,False,6.0467315e-08,0.3878849
FINADivingWorldCup2021_Women10m_final_r5::10,fit,5,False,1.7936439e-07,0.38788462
FINADivingWorldCup2021_Women10m_semifinal_r1::2,fit,5,False,2.146521e-07,0.34754446
FINADivingWorldCup2021_Women10m_semifinal_r1::3,fit,5,False,1.0340381e-07,0.16439156
FINADivingWorldCup2021_Women10m_semifinal_r1::4,fit,5,False,1.4327482e-07,0.13242467
FINADivingWorldCup2021_Women10m_semifinal_r1::7,fit,5,False,4.916719e-07,0.43117338
FINADivingWorldCup2021_Women10m_semifinal_r1::8,fit,5,False,6.200362e-06,0.6444594
FINADivingWorldCup2021_Women10m_semifinal_r1::10,fit,5,False,1.8111377e-05,0.36631408
FINADivingWorldCup2021_Women10m_semifinal_r1::12,fit,5,False,6.9113284e-08,0.20854028
FINADivingWorldCup2021_Women10m_semifinal_r1::14,fit,5,False,3.3421788e-08,0.3758636
FINADivingWorldCup2021_Women10m_semifinal_r1::15,fit,5,False,3.602524e-07,0.51520234
FINADivingWorldCup2021_Women10m_semifinal_r1::16,fit,5,False,9.0976464e-08,0.37537178
FINADivingWorldCup2021_Women10m_semifinal_r1::17,fit,5,False,8.370219e-07,0.4088499
FINADivingWorldCup2021_Women10m_semifinal_r2::0,fit,5,False,7.279098e-07,0.42245573
FINADivingWorldCup2021_Women10m_semifinal_r2::2,fit,5,False,1.3188625e-07,0.4876137
FINADivingWorldCup2021_Women10m_semifinal_r2::3,fit,5,False,8.579815e-08,0.18461786
FINADivingWorldCup2021_Women10m_semifinal_r2::4,fit,5,False,2.0853321e-07,0.5025684
FINADivingWorldCup2021_Women10m_semifinal_r2::5,fit,5,False,1.11299e-06,0.32350385
FINADivingWorldCup2021_Women10m_semifinal_r2::6,fit,5,False,6.9097166e-07,0.53282785
FINADivingWorldCup2021_Women10m_semifinal_r2::7,fit,5,False,5.846434e-07,0.35906988
FINADivingWorldCup2021_Women10m_semifinal_r2::8,fit,5,False,2.1850069e-07,0.14328961
FINADivingWorldCup2021_Women10m_semifinal_r2::10,fit,5,False,4.030145e-07,0.17155398
FINADivingWorldCup2021_Women10m_semifinal_r2::11,fit,5,False,4.4835352e-07,0.34876034
FINADivingWorldCup2021_Women10m_semifinal_r2::12,fit,5,False,2.35135e-07,0.26103327
FINADivingWorldCup2021_Women10m_semifinal_r2::13,fit,5,False,1.432007e-07,0.37083367
FINADivingWorldCup2021_Women10m_semifinal_r2::14,fit,5,False,4.4287836e-07,0.2253587
FINADivingWorldCup2021_Women10m_semifinal_r2::16,fit,5,False,8.414302e-07,0.16526413
FINADivingWorldCup2021_Women10m_semifinal_r3::0,fit,5,False,3.300907e-06,0.20653833
FINADivingWorldCup2021_Women10m_semifinal_r3::2,fit,5,False,6.2651924e-07,0.2617901
FINADivingWorldCup2021_Women10m_semifinal_r3::3,fit,5,False,4.4415663e-07,0.41246155
FINADivingWorldCup2021_Women10m_semifinal_r3::4,fit,5,False,0.00015014484,0.90501213
FINADivingWorldCup2021_Women10m_semifinal_r3::7,fit,5,False,4.9278626e-08,0.34161377
FINADivingWorldCup2021_Women10m_semifinal_r3::8,fit,5,False,1.2202342e-07,0.29574844
FINADivingWorldCup2021_Women10m_semifinal_r3::9,fit,5,False,2.1914473e-06,0.20657028
FINADivingWorldCup2021_Women10m_semifinal_r3::10,fit,5,False,8.910953e-07,0.35034958
FINADivingWorldCup2021_Women10m_semifinal_r3::11,fit,5,False,7.4960855e-07,0.18104039
FINADivingWorldCup2021_Women10m_semifinal_r3::14,fit,5,False,5.2741675e-06,0.44947723
FINADivingWorldCup2021_Women10m_semifinal_r3::15,fit,5,False,5.1926577e-07,0.405686
FINADivingWorldCup2021_Women10m_semifinal_r3::16,fit,5,False,3.7249544e-07,0.4267365
FINADivingWorldCup2021_Women10m_semifinal_r4::0,fit,5,False,9.947661e-06,0.22286764
FINADivingWorldCup2021_Women10m_semifinal_r4::1,fit,5,False,8.335372e-07,0.32372633
FINADivingWorldCup2021_Women10m_semifinal_r4::2,fit,5,False,8.287699e-07,0.40898523
FINADivingWorldCup2021_Women10m_semifinal_r4::3,fit,5,False,2.0890604e-06,0.20551609
FINADivingWorldCup2021_Women10m_semifinal_r4::5,fit,5,False,1.05420135e-07,0.44272053
FINADivingWorldCup2021_Women10m_semifinal_r4::6,fit,5,False,5.442184e-06,0.42535102
FINADivingWorldCup2021_Women10m_semifinal_r4::7,fit,5,False,1.4927651e-06,0.40373808
FINADivingWorldCup2021_Women10m_semifinal_r4::8,fit,5,False,5.47947e-06,0.37534377
FINADivingWorldCup2021_Women10m_semifinal_r4::11,fit,5,False,3.3915688e-07,0.28148606
FINADivingWorldCup2021_Women10m_semifinal_r4::12,fit,5,False,5.2936025e-07,0.16558042
FINADivingWorldCup2021_Women10m_semifinal_r4::13,fit,5,False,1.600884e-06,0.20552789
FINADivingWorldCup2021_Women10m_semifinal_r4::14,fit,5,False,2.4435996e-08,0.28682086
FINADivingWorldCup2021_Women10m_semifinal_r4::15,fit,5,False,1.1573279e-06,0.26692584
FINADivingWorldCup2021_Women10m_semifinal_r4::16,fit,5,False,4.9354e-06,0.51467675
FINADivingWorldCup2021_Women10m_semifinal_r4::17,fit,5,False,4.5048246e-06,0.23194444
FINADivingWorldCup2021_Women10m_semifinal_r5::0,fit,5,False,2.7386836e-06,0.1339181
FINADivingWorldCup2021_Women10m_semifinal_r5::1,fit,1,True,2.4437904e-05,0.0
FINADivingWorldCup2021_Women10m_semifinal_r5::2,fit,5,False,3.2948554e-07,0.21189451
FINADivingWorldCup2021_Women10m_semifinal_r5::3,fit,5,False,2.5777974e-06,0.42876658
FINADivingWorldCup2021_Women10m_semifinal_r5::4,fit,5,False,1.8505168e-07,0.3215093
FINADivingWorldCup2021_Women10m_semifinal_r5::5,fit,5,False,2.2555373e-07,0.33395442
FINADivingWorldCup2021_Women10m_semifinal_r5::6,fit,5,False,-6.768639e-10,0.3124333
FINADivingWorldCup2021_Women10m_semifinal_r5::7,fit,5,False,9.807328e-08,0.17974971
FINADivingWorldCup2021_Women10m_semifinal_r5::8,fit,5,False,6.3997068e-06,0.3710837
FINADivingWorldCup2021_Women10m_semifinal_r5::9,fit,5,False,2.0758176e-07,0.30523613
FINADivingWorldCup2021_Women10m_semifinal_r5::10,fit,5,False,2.807624e-07,0.18104097
FINADivingWorldCup2021_Women10m_semifinal_r5::11,fit,5,False,5.377866e-06,0.4049263
FINADivingWorldCup2021_Women10m_semifinal_r5::12,fit,5,False,2.8993904e-07,0.16308916
FINADivingWorldCup2021_Women10m_semifinal_r5::13,fit,5,False,3.3693797e-07,0.27119523
FINADivingWorldCup2021_Women10m_semifinal_r5::14,fit,5,False,1.6526509e-07,0.67610526
FINADivingWorldCup2021_Women10m_semifinal_r5::16,fit,5,False,1.0620385e-07,0.28561962
FINADivingWorldCup2021_Women10m_semifinal_r5::17,fit,5,False,2.3912514e-07,0.5562908
FINADivingWorldCup2021_Women3mSynchronised_final_r1::0,fit,5,False,7.549316e-08,0.21704881
FINADivingWorldCup2021_Women3mSynchronised_final_r1::1,fit,5,False,9.727712e-07,0.23405237
FINADivingWorldCup2021_Women3mSynchronised_final_r1::2,fit,5,False,1.4499883e-06,0.19503784
FINADivingWorldCup2021_Women3mSynchronised_final_r1::5,fit,5,False,9.015362e-07,0.33428967
FINADivingWorldCup2021_Women3mSynchronised_final_r1::6,fit,5,False,9.5345354e-07,0.3860659
FINADivingWorldCup2021_Women3mSynchronised_final_r1::7,fit,5,False,1.2883483e-07,0.17959853
FINADivingWorldCup2021_Women3mSynchronised_final_r1::8,fit,5,False,1.2809004e-07,0.29006615
FINADivingWorldCup2021_Women3mSynchronised_final_r1::9,fit,5,False,6.8495524e-07,0.30497193
FINADivingWorldCup2021_Women3mSynchronised_final_r1::10,fit,5,False,2.220939e-07,0.22607808
FINADivingWorldCup2021_Women3mSynchronised_final_r1::11,fit,5,False,1.9208075e-07,0.19559948
FINADivingWorldCup2021_Women3mSynchronised_final_r2::0,fit,5,False,4.7038522e-08,0.31818566
FINADivingWorldCup2021_Women3mSynchronised_final_r2::2,fit,5,False,1.4587748e-07,0.17803141
FINADivingWorldCup2021_Women3mSynchronised_final_r2::4,fit,5,False,8.5013305e-08,0.37368974
FINADivingWorldCup2021_Women3mSynchronised_final_r2::5,fit,5,False,4.5871207e-06,0.3858731
FINADivingWorldCup2021_Women3mSynchronised_final_r2::9,fit,5,False,3.537192e-07,0.30227238
FINADivingWorldCup2021_Women3mSynchronised_final_r2::10,fit,5,False,3.6156817e-07,0.16099457
FINADivingWorldCup2021_Women3mSynchronised_final_r3::0,fit,5,False,1.2445511e-06,0.35970247
FINADivingWorldCup2021_Women3mSynchronised_final_r3::1,fit,5,False,6.175965e-06,0.55708736
FINADivingWorldCup2021_Women3mSynchronised_final_r3::3,fit,5,False,8.8347626e-08,0.3084176
FINADivingWorldCup2021_Women3mSynchronised_final_r3::4,fit,5,False,3.3014527e-07,0.13469362
FINADivingWorldCup2021_Women3mSynchronised_final_r3::5,fit,5,False,7.197076e-07,0.27684292
FINADivingWorldCup2021_Women3mSynchronised_final_r3::6,fit,5,False,1.8269961e-07,0.38517597
FINADivingWorldCup2021_Women3mSynchronised_final_r4::0,fit,5,False,2.0091417e-07,0.4382873
FINADivingWorldCup2021_Women3mSynchronised_final_r4::1,fit,5,False,2.7981803e-06,0.53695554
FINADivingWorldCup2021_Women3mSynchronised_final_r4::2,fit,5,False,2.0222617e-06,0.37551475
FINADivingWorldCup2021_Women3mSynchronised_final_r4::4,fit,5,False,8.977072e-07,0.31846553
FINADivingWorldCup2021_Women3mSynchronised_final_r4::5,fit,5,False,7.399856e-07,0.54674256
FINADivingWorldCup2021_Women3mSynchronised_final_r4::6,fit,5,False,1.2366347e-08,0.2985933
FINADivingWorldCup2021_Women3mSynchronised_final_r4::7,fit,5,False,3.2730313e-07,0.43838474
FINADivingWorldCup2021_Women3mSynchronised_final_r4::8,fit,5,False,2.1486022e-07,0.54086715
FINADivingWorldCup2021_Women3mSynchronised_final_r4::9,fit,5,False,4.7578405e-07,0.26073474
FINADivingWorldCup2021_Women3mSynchronised_final_r4::10,fit,5,False,7.063346e-08,0.37927827
FINADivingWorldCup2021_Women3mSynchronised_final_r4::11,fit,5,False,8.6010886e-08,0.19696568
FINADivingWorldCup2021_Women3mSynchronised_final_r5::1,fit,5,False,2.2396614e-05,0.60835195
FINADivingWorldCup2021_Women3mSynchronised_final_r5::2,fit,5,False,2.1588457e-07,0.2768233
FINADivingWorldCup2021_Women3mSynchronised_final_r5::3,fit,5,False,1.6619803e-07,0.25689936
FINADivingWorldCup2021_Women3mSynchronised_final_r5::4,fit,5,False,2.2031331e-07,0.14632776
FINADivingWorldCup2021_Women3mSynchronised_final_r5::5,fit,5,False,9.5728836e-08,0.48613054
FINADivingWorldCup2021_Women3mSynchronised_final_r5::6,fit,5,False,7.0074066e-08,0.22239771
FINADivingWorldCup2021_Women3mSynchronised_final_r5::7,fit,5,False,3.7523523e-07,0.15875317
FINADivingWorldCup2021_Women3mSynchronised_final_r5::8,fit,5,False,5.161534e-07,0.19875105
FINADivingWorldCup2021_Women3mSynchronised_final_r5::9,fit,5,False,1.1154712e-06,0.48010895
FINADivingWorldCup2021_Women3mSynchronised_final_r5::10,fit,5,False,2.0994519e-06,0.68828243
FINADivingWorldCup2021_Women3mSynchronised_final_r5::11,fit,5,False,2.5491192e-07,0.08202789
FINADivingWorldCup2021_Women3m_final::3,fit,5,False,2.3886525e-06,0.644465
FINADivingWorldCup2021_Women3m_final::5,fit,5,False,5.3294457e-07,0.27207336
FINADivingWorldCup2021_Women3m_final::10,fit,5,False,1.4612133e-06,0.44012082
FINADivingWorldCup2021_Women3m_final::11,fit,5,False,1.0932499e-06,0.44868216
FINADivingWorldCup2021_Women3m_final::12,fit,5,False,2.209756e-07,0.5577602
FINADivingWorldCup2021_Women3m_final::13,fit,5,False,3.7412408e-07,0.5499216
FINADivingWorldCup2021_Women3m_final::14,fit,5,False,1.9331591e-07,0.30804023
FINADivingWorldCup2021_Women3m_final::16,fit,5,False,9.555408e-06,0.58476907
FINADivingWorldCup2021_Women3m_final::17,fit,5,False,3.2718637e-07,0.54889786
FINADivingWorldCup2021_Women3m_final::18,fit,5,False,1.7604646e-07,0.1823824
FINADivingWorldCup2021_Women3m_final::19,fit,5,False,6.90073e-07,0.2400921
FINADivingWorldCup2021_Women3m_final::20,fit,5,False,5.2196054e-07,0.20843719
FINADivingWorldCup2021_Women3m_final::21,fit,5,False,2.1100458e-07,0.39364702
FINADivingWorldCup2021_Women3m_final::22,fit,5,False,1.0278707e-06,0.33637327
FINADivingWorldCup2021_Women3m_final::24,fit,5,False,1.2430065e-06,0.19042763
FINADivingWorldCup2021_Women3m_final::25,fit,5,False,6.595767e-07,0.24007986
FINADivingWorldCup2021_Women3m_final::26,fit,5,False,3.1822927e-07,0.3191016
FINADivingWorldCup2021_Women3m_final::27,fit,5,False,8.88704e-06,0.4282539
FINADivingWorldCup2021_Women3m_final::28,fit,5,False,1.071145e-06,0.28277642
FINADivingWorldCup2021_Women3m_final::29,fit,5,False,5.06704e-08,0.2140047
FINADivingWorldCup2021_Women3m_final::30,fit,5,False,2.8872188e-07,0.20273829
FINADivingWorldCup2021_Women3m_final::31,fit,5,False,1.0432259e-06,0.3067048
FINADivingWorldCup2021_Women3m_final::33,fit,5,False,6.006469e-07,0.35005277
FINADivingWorldCup2021_Women3m_final::34,fit,5,False,9.634456e-07,0.70138276
FINADivingWorldCup2021_Women3m_final::35,fit,5,False,1.1027835e-06,0.19455893
FINADivingWorldCup2021_Women3m_final::36,fit,5,False,2.439469e-06,0.71080875
FINADivingWorldCup2021_Women3m_final::37,fit,5,False,9.390437e-08,0.2455788
FINADivingWorldCup2021_Women3m_final::38,fit,5,False,1.07674325e-07,0.19350255
FINADivingWorldCup2021_Women3m_final::40,fit,5,False,2.2545103e-06,0.2006847
FINADivingWorldCup2021_Women3m_final::41,fit,5,False,6.205681e-06,0.56524813
FINADivingWorldCup2021_Women3m_final::42,fit,5,False,8.2560255e-06,0.5125553
FINADivingWorldCup2021_Women3m_final::43,fit,5,False,8.108407e-07,0.35755473
FINADivingWorldCup2021_Women3m_final::44,fit,5,False,1.4760312e-06,0.30770254
FINADivingWorldCup2021_Women3m_final::46,fit,5,False,7.588278e-08,0.20852463
FINADivingWorldCup2021_Women3m_final::47,fit,5,False,-1.362471e-09,0.22133453
FINADivingWorldCup2021_Women3m_final::50,fit,5,False,6.396802e-07,0.25874582
FINADivingWorldCup2021_Women3m_final::53,fit,5,False,1.1407033e-06,0.378071
FINADivingWorldCup2021_Women3m_final::54,fit,5,False,9.670717e-07,0.33636183
FINADivingWorldCup2021_Women3m_final::56,fit,5,False,1.8255525e-07,0.1813985
FINADivingWorldCup2021_Women3m_final::57,fit,5,False,1.194167e-07,0.24075936
FINADivingWorldCup2021_Women3m_final::59,fit,5,False,1.4203845e-06,0.45351905
FINADivingWorldCup2021_Women3m_semifinal_r1::0,fit,5,False,2.2105232e-06,0.6189698
FINADivingWorldCup2021_Women3m_semifinal_r1::2,fit,5,False,3.0662982e-06,0.35981405
FINADivingWorldCup2021_Women3m_semifinal_r1::3,fit,5,False,2.9573568e-05,0.34093893
FINADivingWorldCup2021_Women3m_semifinal_r1::4,fit,5,False,1.0999745e-06,0.73337334
FINADivingWorldCup2021_Women3m_semifinal_r1::7,fit,5,False,1.9625868e-07,0.19714011
FINADivingWorldCup2021_Women3m_semifinal_r1::8,fit,5,False,1.4157309e-06,0.3596695
FINADivingWorldCup2021_Women3m_semifinal_r1::9,fit,5,False,4.0743456e-07,0.43159473
FINADivingWorldCup2021_Women3m_semifinal_r1::11,fit,5,False,3.392587e-07,0.1971508
FINADivingWorldCup2021_Women3m_semifinal_r1::12,fit,5,False,7.8333727e-07,0.33875838
FINADivingWorldCup2021_Women3m_semifinal_r1::13,fit,5,False,5.873621e-07,0.3504794
FINADivingWorldCup2021_Women3m_semifinal_r1::14,fit,5,False,3.752099e-07,0.14382814
FINADivingWorldCup2021_Women3m_semifinal_r1::15,fit,5,False,1.3291367e-07,0.40271017
FINADivingWorldCup2021_Women3m_semifinal_r1::16,fit,5,False,2.9558586e-07,0.19714592
FINADivingWorldCup2021_Women3m_semifinal_r2::1,fit,5,False,7.1386256e-07,0.29160482
FINADivingWorldCup2021_Women3m_semifinal_r2::2,fit,5,False,3.1091524e-06,0.36024988
FINADivingWorldCup2021_Women3m_semifinal_r2::4,fit,5,False,5.1398644e-07,0.40774375
FINADivingWorldCup2021_Women3m_semifinal_r2::5,fit,5,False,1.0100398e-05,0.48116654
FINADivingWorldCup2021_Women3m_semifinal_r2::6,fit,5,False,3.4659784e-08,0.18494202
FINADivingWorldCup2021_Women3m_semifinal_r2::7,fit,5,False,4.0180706e-07,0.21660158
FINADivingWorldCup2021_Women3m_semifinal_r2::8,fit,5,False,4.5554075e-06,0.32359627
FINADivingWorldCup2021_Women3m_semifinal_r2::9,fit,5,False,3.7193033e-08,0.2016295
FINADivingWorldCup2021_Women3m_semifinal_r2::10,fit,5,False,1.3894916e-07,0.40751195
FINADivingWorldCup2021_Women3m_semifinal_r2::11,fit,5,False,2.2113014e-07,0.14611715
FINADivingWorldCup2021_Women3m_semifinal_r2::12,fit,5,False,2.7169767e-07,0.4981694
FINADivingWorldCup2021_Women3m_semifinal_r2::14,fit,5,False,4.901641e-06,0.55694157
FINADivingWorldCup2021_Women3m_semifinal_r2::15,fit,5,False,1.6125257e-07,0.23586263
FINADivingWorldCup2021_Women3m_semifinal_r2::17,fit,5,False,9.575491e-08,0.3636464
FINADivingWorldCup2021_Women3m_semifinal_r3::0,fit,5,False,4.7308833e-05,0.589324
FINADivingWorldCup2021_Women3m_semifinal_r3::1,fit,5,False,1.616983e-05,0.3420016
FINADivingWorldCup2021_Women3m_semifinal_r3::2,fit,5,False,2.2724175e-06,0.30668062
FINADivingWorldCup2021_Women3m_semifinal_r3::4,fit,5,False,7.377846e-07,0.35480303
FINADivingWorldCup2021_Women3m_semifinal_r3::5,fit,5,False,3.60162e-07,0.47869042
FINADivingWorldCup2021_Women3m_semifinal_r3::6,fit,5,False,1.168618e-05,0.52135813
FINADivingWorldCup2021_Women3m_semifinal_r3::7,fit,5,False,8.15842e-07,0.24845098
FINADivingWorldCup2021_Women3m_semifinal_r3::8,fit,5,False,3.0293468e-06,0.28598195
FINADivingWorldCup2021_Women3m_semifinal_r3::9,fit,5,False,2.16878e-05,0.3414828
FINADivingWorldCup2021_Women3m_semifinal_r3::10,fit,5,False,1.1799751e-06,0.27127007
FINADivingWorldCup2021_Women3m_semifinal_r3::11,fit,5,False,5.094676e-05,1.027846
FINADivingWorldCup2021_Women3m_semifinal_r3::13,fit,5,False,1.4165319e-07,0.20442076
FINADivingWorldCup2021_Women3m_semifinal_r3::16,fit,5,False,1.1771331e-06,0.40833393
FINADivingWorldCup2021_Women3m_semifinal_r4::0,fit,5,False,3.21631e-07,0.24749349
FINADivingWorldCup2021_Women3m_semifinal_r4::1,fit,5,False,7.666937e-07,0.3499618
FINADivingWorldCup2021_Women3m_semifinal_r4::2,fit,5,False,0.00018576896,0.2286145
FINADivingWorldCup2021_Women3m_semifinal_r4::3,fit,5,False,2.9588775e-06,0.49930567
FINADivingWorldCup2021_Women3m_semifinal_r4::4,fit,5,False,1.6312412e-06,0.35633147
FINADivingWorldCup2021_Women3m_semifinal_r4::5,fit,5,False,3.5774204e-07,0.45348188
FINADivingWorldCup2021_Women3m_semifinal_r4::6,fit,5,False,1.0403501e-06,0.44187847
FINADivingWorldCup2021_Women3m_semifinal_r4::9,fit,5,False,2.7340758e-07,0.35565883
FINADivingWorldCup2021_Women3m_semifinal_r4::10,fit,5,False,1.3530305e-05,0.34237713
FINADivingWorldCup2021_Women3m_semifinal_r4::12,fit,5,False,7.114297e-07,0.30670324
FINADivingWorldCup2021_Women3m_semifinal_r4::13,fit,5,False,2.1314756e-07,0.5478154
FINADivingWorldCup2021_Women3m_semifinal_r4::15,fit,5,False,3.4643708e-07,0.3371724
FINADivingWorldCup2021_Women3m_semifinal_r4::16,fit,5,False,9.349206e-08,0.25508586
FINADivingWorldCup2021_Women3m_semifinal_r5::0,fit,5,False,3.214249e-07,0.11623985
FINADivingWorldCup2021_Women3m_semifinal_r5::1,fit,5,False,1.2194361e-06,0.34759668
FINADivingWorldCup2021_Women3m_semifinal_r5::2,fit,5,False,5.3052696e-05,0.65385926
FINADivingWorldCup2021_Women3m_semifinal_r5::3,fit,5,False,6.4150913e-07,0.11526061
FINADivingWorldCup2021_Women3m_semifinal_r5::5,fit,5,False,1.8463714e-05,0.18012959
FINADivingWorldCup2021_Women3m_semifinal_r5::6,fit,5,False,9.992417e-07,0.34508213
FINADivingWorldCup2021_Women3m_semifinal_r5::8,fit,5,False,6.1377574e-07,0.23478672
FINADivingWorldCup2021_Women3m_semifinal_r5::9,fit,5,False,1.4869217e-07,0.31802347
FINADivingWorldCup2021_Women3m_semifinal_r5::10,fit,5,False,1.1415614e-07,0.31800163
FINADivingWorldCup2021_Women3m_semifinal_r5::13,fit,5,False,7.3858024e-07,0.50774294
FINADivingWorldCup2021_Women3m_semifinal_r5::14,fit,5,False,5.586399e-07,0.25844413
FINADivingWorldCup2021_Women3m_semifinal_r5::15,fit,5,False,1.8247229e-07,0.1786446
FINADivingWorldCup2021_Women3m_semifinal_r5::16,fit,5,False,2.7655553e-06,0.5080707
FINAWorldChampionships2019_Men10mSynchronised_final_r1::0,calibration,5,False,8.8934496e-07,0.3641395
FINAWorldChampionships2019_Men10mSynchronised_final_r1::1,calibration,5,False,1.5255788e-06,0.36406785
FINAWorldChampionships2019_Men10mSynchronised_final_r1::3,calibration,5,False,1.371443e-07,0.39089805
FINAWorldChampionships2019_Men10mSynchronised_final_r1::4,calibration,5,False,8.8206883e-07,0.21265908
FINAWorldChampionships2019_Men10mSynchronised_final_r1::5,calibration,5,False,3.2679836e-06,0.21261612
FINAWorldChampionships2019_Men10mSynchronised_final_r1::6,calibration,5,False,2.883005e-06,0.19917539
FINAWorldChampionships2019_Men10mSynchronised_final_r1::7,calibration,5,False,2.5419223e-07,0.28771985
FINAWorldChampionships2019_Men10mSynchronised_final_r2::1,calibration,5,False,2.4641184e-07,0.33196923
FINAWorldChampionships2019_Men10mSynchronised_final_r2::2,calibration,5,False,3.7434452e-06,0.59740865
FINAWorldChampionships2019_Men10mSynchronised_final_r2::3,calibration,5,False,1.5160182e-07,0.13063738
FINAWorldChampionships2019_Men10mSynchronised_final_r2::4,calibration,5,False,5.549616e-07,0.2954036
FINAWorldChampionships2019_Men10mSynchronised_final_r2::7,calibration,5,False,1.3147035e-06,0.31978068
FINAWorldChampionships2019_Men10mSynchronised_final_r2::8,calibration,5,False,2.0035213e-06,0.68778473
FINAWorldChampionships2019_Men10mSynchronised_final_r2::9,calibration,5,False,3.3969323e-07,0.21891958
FINAWorldChampionships2019_Men10mSynchronised_final_r3::1,calibration,5,False,2.2721548e-07,0.34794793
FINAWorldChampionships2019_Men10mSynchronised_final_r3::4,calibration,5,False,1.6998672e-07,0.25777188
FINAWorldChampionships2019_Men10mSynchronised_final_r3::5,calibration,5,False,2.004203e-07,0.6362779
FINAWorldChampionships2019_Men10mSynchronised_final_r3::6,calibration,5,False,2.6616517e-06,0.42356533
FINAWorldChampionships2019_Men10mSynchronised_final_r3::7,calibration,5,False,1.5279325e-07,0.52725685
FINAWorldChampionships2019_Men10mSynchronised_final_r3::8,calibration,5,False,6.0672176e-07,0.39319783
FINAWorldChampionships2019_Men10mSynchronised_final_r3::9,calibration,5,False,1.1920929e-07,0.3988624
FINAWorldChampionships2019_Men10mSynchronised_final_r3::10,calibration,5,False,7.339026e-08,0.41588384
FINAWorldChampionships2019_Men10mSynchronised_final_r3::11,calibration,5,False,8.305529e-08,0.28496993
FINAWorldChampionships2019_Men10mSynchronised_final_r4::1,calibration,5,False,9.74906e-08,0.5296466
FINAWorldChampionships2019_Men10mSynchronised_final_r4::3,calibration,5,False,2.4725523e-06,0.4440388
FINAWorldChampionships2019_Men10mSynchronised_final_r4::4,calibration,5,False,2.3442146e-07,0.3606899
FINAWorldChampionships2019_Men10mSynchronised_final_r4::8,calibration,5,False,3.9154602e-07,0.59675044
FINAWorldChampionships2019_Men10mSynchronised_final_r4::9,calibration,5,False,1.182371e-05,0.24830861
FINAWorldChampionships2019_Men10mSynchronised_final_r4::10,calibration,5,False,9.292648e-07,0.12667292
FINAWorldChampionships2019_Men10mSynchronised_final_r4::11,calibration,5,False,6.6072596e-07,0.24003235
FINAWorldChampionships2019_Men10mSynchronised_final_r5::0,calibration,5,False,2.4733652e-05,0.33062842
FINAWorldChampionships2019_Men10mSynchronised_final_r5::1,calibration,5,False,1.3156611e-07,0.19219993
FINAWorldChampionships2019_Men10mSynchronised_final_r5::2,calibration,5,False,1.9465483e-06,0.32641774
FINAWorldChampionships2019_Men10mSynchronised_final_r5::3,calibration,5,False,1.7750747e-07,0.14690234
FINAWorldChampionships2019_Men10mSynchronised_final_r5::4,calibration,5,False,5.073061e-07,0.36998534
FINAWorldChampionships2019_Men10mSynchronised_final_r5::5,calibration,5,False,1.3905866e-06,0.24002703
FINAWorldChampionships2019_Men10mSynchronised_final_r5::6,calibration,5,False,6.9079783e-07,0.44022912
FINAWorldChampionships2019_Men10mSynchronised_final_r5::7,calibration,5,False,9.3918743e-07,0.30858907
FINAWorldChampionships2019_Men10mSynchronised_final_r5::9,calibration,5,False,5.053975e-07,0.5141008
FINAWorldChampionships2019_Men10mSynchronised_final_r5::10,calibration,5,False,3.4766365e-06,0.34254962
FINAWorldChampionships2019_Men10mSynchronised_final_r5::11,calibration,5,False,6.949416e-07,0.5439772
FINAWorldChampionships2019_Men10mSynchronised_final_r6::0,calibration,5,False,8.389885e-07,0.36301178
FINAWorldChampionships2019_Men10mSynchronised_final_r6::1,calibration,5,False,1.5014634e-06,0.45854402
FINAWorldChampionships2019_Men10mSynchronised_final_r6::2,calibration,5,False,1.7500128e-07,0.41098714
FINAWorldChampionships2019_Men10mSynchronised_final_r6::5,calibration,5,False,2.927116e-07,0.4673771
FINAWorldChampionships2019_Men10mSynchronised_final_r6::7,calibration,5,False,5.3181105e-07,0.54446334
FINAWorldChampionships2019_Men10mSynchronised_final_r6::8,calibration,5,False,2.4324436e-07,0.54520553
FINAWorldChampionships2019_Men10mSynchronised_final_r6::10,calibration,5,False,3.682206e-08,0.25312403
FINAWorldChampionships2019_Men10mSynchronised_final_r6::11,calibration,5,False,7.498474e-07,0.32121727
FINAWorldChampionships2019_Men10m_final_r1::1,fit,5,False,1.8658942e-06,0.40266845
FINAWorldChampionships2019_Men10m_final_r1::4,fit,5,False,4.7007504e-07,0.21507141
FINAWorldChampionships2019_Men10m_final_r1::5,fit,5,False,1.3422449e-06,0.33859715
FINAWorldChampionships2019_Men10m_final_r1::6,fit,5,False,2.068679e-07,0.28496978
FINAWorldChampionships2019_Men10m_final_r2::0,fit,5,False,7.527632e-07,0.20301668
FINAWorldChampionships2019_Men10m_final_r2::1,fit,5,False,2.859661e-07,0.36566636
FINAWorldChampionships2019_Men10m_final_r2::2,fit,5,False,1.8430308e-07,0.33904898
FINAWorldChampionships2019_Men10m_final_r2::3,fit,5,False,9.265595e-06,0.25547007
FINAWorldChampionships2019_Men10m_final_r2::4,fit,5,False,1.6783322e-06,0.4502333
FINAWorldChampionships2019_Men10m_final_r2::6,fit,5,False,7.2996486e-06,0.93968076
FINAWorldChampionships2019_Men10m_final_r2::7,fit,5,False,2.6334756e-05,0.61162734
FINAWorldChampionships2019_Men10m_final_r2::8,fit,5,False,1.4788792e-07,0.5563029
FINAWorldChampionships2019_Men10m_final_r2::9,fit,5,False,1.230528e-07,0.22640261
FINAWorldChampionships2019_Men10m_final_r2::10,fit,5,False,6.011625e-06,0.45826662
FINAWorldChampionships2019_Men10m_final_r2::11,fit,3,False,2.3426808e-05,0.4803414
FINAWorldChampionships2019_Men10m_final_r3::1,fit,5,False,1.9240445e-06,0.26240462
FINAWorldChampionships2019_Men10m_final_r3::2,fit,5,False,2.85288e-05,0.9366844
FINAWorldChampionships2019_Men10m_final_r3::3,fit,5,False,3.1126305e-07,0.30110806
FINAWorldChampionships2019_Men10m_final_r3::5,fit,5,False,7.7181454e-07,0.2558772
FINAWorldChampionships2019_Men10m_final_r3::7,fit,5,False,1.3200045e-07,0.21082106
FINAWorldChampionships2019_Men10m_final_r3::8,fit,5,False,1.8111059e-06,0.46575528
FINAWorldChampionships2019_Men10m_final_r3::9,fit,1,True,2.9921532e-05,0.0
FINAWorldChampionships2019_Men10m_final_r3::10,fit,5,False,1.3786799e-06,0.4549231
FINAWorldChampionships2019_Men10m_final_r3::11,fit,5,False,4.5666175e-07,0.2833547
FINAWorldChampionships2019_Men10m_final_r4::1,fit,5,False,1.6201997e-07,0.33011547
FINAWorldChampionships2019_Men10m_final_r4::2,fit,5,False,9.030173e-07,0.36161846
FINAWorldChampionships2019_Men10m_final_r4::3,fit,5,False,1.4990497e-05,0.6801359
FINAWorldChampionships2019_Men10m_final_r4::4,fit,5,False,4.406633e-07,0.17981179
FINAWorldChampionships2019_Men10m_final_r4::5,fit,5,False,6.5744155e-07,0.23043627
FINAWorldChampionships2019_Men10m_final_r4::7,fit,5,False,1.8550627e-05,0.678972
FINAWorldChampionships2019_Men10m_final_r4::8,fit,5,False,2.3917748e-06,0.44017428
FINAWorldChampionships2019_Men10m_final_r4::10,fit,5,False,1.4595958e-06,0.1815261
FINAWorldChampionships2019_Men10m_final_r5::0,fit,5,False,1.0986775e-07,0.28431714
FINAWorldChampionships2019_Men10m_final_r5::2,fit,5,False,7.465426e-07,0.3625166
FINAWorldChampionships2019_Men10m_final_r5::3,fit,5,False,6.945297e-07,0.23829736
FINAWorldChampionships2019_Men10m_final_r5::4,fit,5,False,1.6540083e-06,0.56775606
FINAWorldChampionships2019_Men10m_final_r5::5,fit,5,False,1.0630339e-06,0.26923555
FINAWorldChampionships2019_Men10m_final_r5::6,fit,5,False,8.0081145e-06,0.28725535
FINAWorldChampionships2019_Men10m_final_r5::7,fit,5,False,2.2249405e-07,0.23859258
FINAWorldChampionships2019_Men10m_final_r5::8,fit,5,False,2.9828942e-07,0.3457099
FINAWorldChampionships2019_Men10m_final_r5::9,fit,5,False,1.899223e-05,0.15337312
FINAWorldChampionships2019_Men10m_final_r5::10,fit,5,False,9.439278e-07,0.50481397
FINAWorldChampionships2019_Men10m_final_r5::11,fit,5,False,1.4954423e-06,0.5047501
FINAWorldChampionships2019_Men10m_final_r6::0,fit,5,False,3.2221175e-07,0.065294065
FINAWorldChampionships2019_Men10m_final_r6::2,fit,5,False,1.1274894e-06,0.3199824
FINAWorldChampionships2019_Men10m_final_r6::3,fit,5,False,6.469661e-07,0.18211424
FINAWorldChampionships2019_Men10m_final_r6::4,fit,5,False,8.366603e-07,0.18210223
FINAWorldChampionships2019_Men10m_final_r6::5,fit,5,False,2.714817e-07,0.21551447
FINAWorldChampionships2019_Men10m_final_r6::6,fit,5,False,8.008457e-07,0.39538693
FINAWorldChampionships2019_Men10m_final_r6::7,fit,5,False,1.0673192e-06,0.2695197
FINAWorldChampionships2019_Men10m_final_r6::8,fit,5,False,1.1008e-05,0.4197848
FINAWorldChampionships2019_Men10m_final_r6::9,fit,5,False,7.1700754e-07,0.55354387
FINAWorldChampionships2019_Men10m_final_r6::10,fit,5,False,6.1908787e-07,0.3854987
FINAWorldChampionships2019_Men10m_final_r6::11,fit,0,True,0.0,0.0
FINAWorldChampionships2019_Men3mSynchronised_final_r1::0,fit,5,False,4.0498443e-07,0.1402384
FINAWorldChampionships2019_Men3mSynchronised_final_r1::1,fit,0,True,0.0,0.0
FINAWorldChampionships2019_Men3mSynchronised_final_r1::3,fit,5,False,1.3133922e-07,0.34228453
FINAWorldChampionships2019_Men3mSynchronised_final_r1::4,fit,5,False,1.988823e-07,0.26344723
FINAWorldChampionships2019_Men3mSynchronised_final_r1::5,fit,5,False,9.461195e-08,0.1126755
FINAWorldChampionships2019_Men3mSynchronised_final_r1::6,fit,5,False,2.2375087e-07,0.20273124
FINAWorldChampionships2019_Men3mSynchronised_final_r1::7,fit,5,False,1.9113857e-07,0.21077803
FINAWorldChampionships2019_Men3mSynchronised_final_r1::8,fit,5,False,3.7189585e-07,0.15976974
FINAWorldChampionships2019_Men3mSynchronised_final_r1::10,fit,5,False,1.6276421e-07,0.44144383
FINAWorldChampionships2019_Men3mSynchronised_final_r1::11,fit,5,False,1.2234639e-07,0.30372652
FINAWorldChampionships2019_Men3mSynchronised_final_r2::0,fit,5,False,9.010837e-07,0.51231873
FINAWorldChampionships2019_Men3mSynchronised_final_r2::1,fit,5,False,1.1633173e-07,0.34919128
FINAWorldChampionships2019_Men3mSynchronised_final_r2::2,fit,5,False,3.3511984e-07,0.6793795
FINAWorldChampionships2019_Men3mSynchronised_final_r2::4,fit,5,False,6.699803e-07,0.20457065
FINAWorldChampionships2019_Men3mSynchronised_final_r2::5,fit,5,False,3.0427222e-07,0.6555718
FINAWorldChampionships2019_Men3mSynchronised_final_r2::7,fit,5,False,1.8141019e-07,0.16763796
FINAWorldChampionships2019_Men3mSynchronised_final_r2::8,fit,5,False,1.4444353e-05,0.6769301
FINAWorldChampionships2019_Men3mSynchronised_final_r2::9,fit,5,False,2.7191112e-07,0.28026605
FINAWorldChampionships2019_Men3mSynchronised_final_r2::10,fit,5,False,2.9983232e-07,0.34174857
FINAWorldChampionships2019_Men3mSynchronised_final_r2::11,fit,5,False,3.3382796e-07,0.6647042
FINAWorldChampionships2019_Men3mSynchronised_final_r3::0,fit,5,False,1.1070491e-07,0.47572488
FINAWorldChampionships2019_Men3mSynchronised_final_r3::1,fit,5,False,1.6372317e-06,0.23460022
FINAWorldChampionships2019_Men3mSynchronised_final_r3::2,fit,5,False,5.573744e-07,0.45537564
FINAWorldChampionships2019_Men3mSynchronised_final_r3::4,fit,5,False,4.3874315e-06,0.27910793
FINAWorldChampionships2019_Men3mSynchronised_final_r3::5,fit,5,False,4.662272e-07,0.2700917
FINAWorldChampionships2019_Men3mSynchronised_final_r3::6,fit,5,False,5.803212e-07,0.2229148
FINAWorldChampionships2019_Men3mSynchronised_final_r3::7,fit,5,False,7.563886e-07,0.22240242
FINAWorldChampionships2019_Men3mSynchronised_final_r3::8,fit,5,False,1.4244793e-07,0.48894182
FINAWorldChampionships2019_Men3mSynchronised_final_r3::9,fit,5,False,3.6429037e-07,0.21274918
FINAWorldChampionships2019_Men3mSynchronised_final_r3::11,fit,5,False,9.879049e-08,0.57816285
FINAWorldChampionships2019_Men3mSynchronised_final_r4::0,fit,5,False,2.487255e-07,0.51060534
FINAWorldChampionships2019_Men3mSynchronised_final_r4::1,fit,5,False,2.2076057e-07,0.38174212
FINAWorldChampionships2019_Men3mSynchronised_final_r4::2,fit,5,False,1.09839995e-07,0.60391957
FINAWorldChampionships2019_Men3mSynchronised_final_r4::3,fit,5,False,6.304042e-07,0.47987944
FINAWorldChampionships2019_Men3mSynchronised_final_r4::5,fit,5,False,2.6172698e-05,0.33077392
FINAWorldChampionships2019_Men3mSynchronised_final_r4::7,fit,5,False,2.018308e-06,0.5939806
FINAWorldChampionships2019_Men3mSynchronised_final_r4::8,fit,5,False,3.740386e-07,0.1279268
FINAWorldChampionships2019_Men3mSynchronised_final_r4::9,fit,5,False,3.092376e-06,0.38114548
FINAWorldChampionships2019_Men3mSynchronised_final_r5::0,fit,5,False,1.0070579e-06,0.27858576
FINAWorldChampionships2019_Men3mSynchronised_final_r5::1,fit,5,False,4.586641e-06,0.29568523
FINAWorldChampionships2019_Men3mSynchronised_final_r5::2,fit,5,False,6.9377984e-06,0.17796381
FINAWorldChampionships2019_Men3mSynchronised_final_r5::4,fit,5,False,1.9963335e-07,0.17044441
FINAWorldChampionships2019_Men3mSynchronised_final_r5::6,fit,5,False,7.695609e-07,0.3088323
FINAWorldChampionships2019_Men3mSynchronised_final_r5::7,fit,5,False,4.8140834e-07,0.16694567
FINAWorldChampionships2019_Men3mSynchronised_final_r5::8,fit,5,False,3.1886934e-06,0.28773955
FINAWorldChampionships2019_Men3mSynchronised_final_r5::9,fit,5,False,4.3397648e-07,0.08459984
FINAWorldChampionships2019_Men3mSynchronised_final_r5::10,fit,5,False,1.5633899e-06,0.48132053
FINAWorldChampionships2019_Men3mSynchronised_final_r5::11,fit,5,False,9.489429e-08,0.08268322
FINAWorldChampionships2019_Men3mSynchronised_final_r6::1,fit,5,False,1.3507515e-06,0.27433056
FINAWorldChampionships2019_Men3mSynchronised_final_r6::2,fit,5,False,2.7101327e-05,0.43801317
FINAWorldChampionships2019_Men3mSynchronised_final_r6::3,fit,5,False,3.3686217e-06,0.30660135
FINAWorldChampionships2019_Men3mSynchronised_final_r6::4,fit,5,False,3.4674124e-06,0.34381065
FINAWorldChampionships2019_Men3mSynchronised_final_r6::5,fit,5,False,1.4673551e-06,0.13316263
FINAWorldChampionships2019_Men3mSynchronised_final_r6::6,fit,5,False,9.4708855e-07,0.37715492
FINAWorldChampionships2019_Men3mSynchronised_final_r6::8,fit,5,False,1.5889592e-06,0.36852077
FINAWorldChampionships2019_Men3mSynchronised_final_r6::9,fit,5,False,2.5621313e-07,0.15998782
FINAWorldChampionships2019_Men3mSynchronised_final_r6::10,fit,5,False,2.9179347e-07,0.4856158
FINAWorldChampionships2019_Men3mSynchronised_final_r6::11,fit,5,False,4.1560807e-07,0.6733263
FINAWorldChampionships2019_Men3m_final_r1::1,validation,5,False,4.7548883e-07,0.3005811
FINAWorldChampionships2019_Men3m_final_r1::2,validation,5,False,6.31461e-08,0.5979648
FINAWorldChampionships2019_Men3m_final_r1::4,validation,5,False,2.3101909e-07,0.33419076
FINAWorldChampionships2019_Men3m_final_r1::5,validation,5,False,3.618904e-07,0.14414075
FINAWorldChampionships2019_Men3m_final_r1::6,validation,5,False,5.539314e-07,0.25165746
FINAWorldChampionships2019_Men3m_final_r1::7,validation,5,False,5.736349e-07,0.30722293
FINAWorldChampionships2019_Men3m_final_r1::8,validation,5,False,1.18554766e-07,0.34420815
FINAWorldChampionships2019_Men3m_final_r1::11,validation,5,False,2.9912937e-07,0.23120657
FINAWorldChampionships2019_Men3m_final_r2::0,validation,5,False,1.556319e-07,0.23639174
FINAWorldChampionships2019_Men3m_final_r2::2,validation,5,False,3.6945647e-08,0.36995414
FINAWorldChampionships2019_Men3m_final_r2::3,validation,5,False,2.6308436e-08,0.4982155
FINAWorldChampionships2019_Men3m_final_r2::4,validation,5,False,7.6856526e-07,0.3629497
FINAWorldChampionships2019_Men3m_final_r2::5,validation,5,False,2.8754283e-05,0.39988846
FINAWorldChampionships2019_Men3m_final_r2::6,validation,5,False,1.0278375e-07,0.33538246
FINAWorldChampionships2019_Men3m_final_r2::7,validation,5,False,8.4357663e-07,0.24345192
FINAWorldChampionships2019_Men3m_final_r2::9,validation,5,False,-5.23196e-08,0.31787717
FINAWorldChampionships2019_Men3m_final_r2::10,validation,5,False,6.0707366e-06,0.38511798
FINAWorldChampionships2019_Men3m_final_r2::11,validation,5,False,3.9665665e-07,0.121900685
FINAWorldChampionships2019_Men3m_final_r3::0,validation,5,False,1.0226196e-05,0.4744616
FINAWorldChampionships2019_Men3m_final_r3::1,validation,5,False,9.8385755e-08,0.26668745
FINAWorldChampionships2019_Men3m_final_r3::2,validation,5,False,2.2838328e-06,0.3324773
FINAWorldChampionships2019_Men3m_final_r3::4,validation,5,False,2.3710821e-07,0.46016544
FINAWorldChampionships2019_Men3m_final_r3::6,validation,5,False,1.05759106e-07,0.4021131
FINAWorldChampionships2019_Men3m_final_r3::9,validation,5,False,1.1917762e-08,0.2678302
FINAWorldChampionships2019_Men3m_final_r3::10,validation,5,False,1.08945365e-07,0.4846468
FINAWorldChampionships2019_Men3m_final_r3::11,validation,5,False,5.5678265e-07,0.20014445
FINAWorldChampionships2019_Men3m_final_r4::1,validation,5,False,2.2045531e-05,0.47770843
FINAWorldChampionships2019_Men3m_final_r4::2,validation,5,False,1.5558933e-07,0.36919686
FINAWorldChampionships2019_Men3m_final_r4::3,validation,5,False,1.6340076e-07,0.35299894
FINAWorldChampionships2019_Men3m_final_r4::4,validation,5,False,3.130061e-06,0.2285117
FINAWorldChampionships2019_Men3m_final_r4::5,validation,5,False,1.5385343e-07,0.41794637
FINAWorldChampionships2019_Men3m_final_r4::6,validation,5,False,2.362435e-06,0.33251682
FINAWorldChampionships2019_Men3m_final_r4::8,validation,5,False,9.805688e-08,0.53753513
FINAWorldChampionships2019_Men3m_final_r4::9,validation,5,False,1.0133056e-06,0.323647
FINAWorldChampionships2019_Men3m_final_r5::0,validation,5,False,3.3730345e-08,0.42419517
FINAWorldChampionships2019_Men3m_final_r5::1,validation,5,False,3.7776576e-07,0.31708416
FINAWorldChampionships2019_Men3m_final_r5::2,validation,5,False,1.5274702e-05,0.47363785
FINAWorldChampionships2019_Men3m_final_r5::3,validation,5,False,1.7076042e-07,0.3321301
FINAWorldChampionships2019_Men3m_final_r5::4,validation,5,False,1.5741329e-06,0.3333162
FINAWorldChampionships2019_Men3m_final_r5::5,validation,5,False,5.22023e-06,0.46548322
FINAWorldChampionships2019_Men3m_final_r5::6,validation,5,False,7.51745e-07,0.27182993
FINAWorldChampionships2019_Men3m_final_r5::7,validation,5,False,1.3086468e-07,0.3949587
FINAWorldChampionships2019_Men3m_final_r5::8,validation,5,False,8.420066e-08,0.27580348
FINAWorldChampionships2019_Men3m_final_r5::10,validation,5,False,1.1810406e-07,0.2728773
FINAWorldChampionships2019_Men3m_final_r5::11,validation,3,False,9.943633e-06,0.6983059
FINAWorldChampionships2019_Men3m_final_r6::0,validation,5,False,6.956165e-08,0.18300001
FINAWorldChampionships2019_Men3m_final_r6::1,validation,5,False,1.8594427e-06,0.27352515
FINAWorldChampionships2019_Men3m_final_r6::2,validation,5,False,1.6787892e-07,0.6663631
FINAWorldChampionships2019_Men3m_final_r6::3,validation,5,False,0.0004669707,0.4079168
FINAWorldChampionships2019_Men3m_final_r6::4,validation,5,False,9.032959e-08,0.24051613
FINAWorldChampionships2019_Men3m_final_r6::5,validation,5,False,1.0838088e-07,0.3955835
FINAWorldChampionships2019_Men3m_final_r6::6,validation,5,False,2.8543226e-07,0.45599946
FINAWorldChampionships2019_Men3m_final_r6::8,validation,5,False,3.5548537e-06,0.2699918
FINAWorldChampionships2019_Men3m_final_r6::9,validation,5,False,1.8886056e-05,0.31389192
FINAWorldChampionships2019_Men3m_final_r6::10,validation,5,False,2.3790236e-07,0.12937029
FINAWorldChampionships2019_Men3m_final_r6::11,validation,5,False,7.337574e-08,0.17920667
FINAWorldChampionships2019_Women10mSynchronised_final_r1::2,validation,5,False,5.7097964e-06,0.33361983
FINAWorldChampionships2019_Women10mSynchronised_final_r1::3,validation,5,False,7.13986e-06,0.3663874
FINAWorldChampionships2019_Women10mSynchronised_final_r1::4,validation,5,False,2.9874346e-07,0.2701597
FINAWorldChampionships2019_Women10mSynchronised_final_r1::5,validation,5,False,2.6888443e-07,0.2684537
FINAWorldChampionships2019_Women10mSynchronised_final_r1::6,validation,5,False,9.772218e-07,0.36465055
FINAWorldChampionships2019_Women10mSynchronised_final_r1::7,validation,5,False,4.5137514e-07,0.31921503
FINAWorldChampionships2019_Women10mSynchronised_final_r1::8,validation,5,False,3.1440467e-07,0.38047582
FINAWorldChampionships2019_Women10mSynchronised_final_r1::9,validation,5,False,4.677691e-07,0.3748854
FINAWorldChampionships2019_Women10mSynchronised_final_r1::10,validation,5,False,2.4875762e-06,0.2880556
FINAWorldChampionships2019_Women10mSynchronised_final_r1::11,validation,5,False,7.641817e-08,0.2744531
FINAWorldChampionships2019_Women10mSynchronised_final_r2::0,validation,5,False,1.9210574e-06,0.21917558
FINAWorldChampionships2019_Women10mSynchronised_final_r2::1,validation,5,False,2.3155226e-05,0.33418983
FINAWorldChampionships2019_Women10mSynchronised_final_r2::2,validation,5,False,2.8393328e-07,0.37503427
FINAWorldChampionships2019_Women10mSynchronised_final_r2::5,validation,5,False,1.1076125e-06,0.3036462
FINAWorldChampionships2019_Women10mSynchronised_final_r2::6,validation,5,False,3.1689364e-05,0.7156852
FINAWorldChampionships2019_Women10mSynchronised_final_r2::9,validation,5,False,2.1084337e-07,0.18719175
FINAWorldChampionships2019_Women10mSynchronised_final_r2::10,validation,5,False,1.1012701e-06,0.300598
FINAWorldChampionships2019_Women10mSynchronised_final_r2::11,validation,5,False,2.9650778e-07,0.31587505
FINAWorldChampionships2019_Women10mSynchronised_final_r3::1,validation,5,False,2.0824788e-07,0.3587987
FINAWorldChampionships2019_Women10mSynchronised_final_r3::4,validation,5,False,1.8262143e-07,0.4348666
FINAWorldChampionships2019_Women10mSynchronised_final_r3::5,validation,5,False,2.7561565e-08,0.40121853
FINAWorldChampionships2019_Women10mSynchronised_final_r3::7,validation,5,False,4.0815976e-07,0.5423059
FINAWorldChampionships2019_Women10mSynchronised_final_r3::8,validation,5,False,1.7905587e-07,0.44162565
FINAWorldChampionships2019_Women10mSynchronised_final_r3::9,validation,5,False,4.3372842e-07,0.32689458
FINAWorldChampionships2019_Women10mSynchronised_final_r3::11,validation,5,False,1.6995934e-07,0.27669343
FINAWorldChampionships2019_Women10mSynchronised_final_r4::1,validation,5,False,1.02020635e-07,0.19006115
FINAWorldChampionships2019_Women10mSynchronised_final_r4::2,validation,5,False,8.742528e-06,0.33472067
FINAWorldChampionships2019_Women10mSynchronised_final_r4::3,validation,5,False,1.3165486e-07,0.39854273
FINAWorldChampionships2019_Women10mSynchronised_final_r4::4,validation,5,False,1.8881461e-07,0.39187783
FINAWorldChampionships2019_Women10mSynchronised_final_r4::5,validation,5,False,8.018475e-07,0.6319323
FINAWorldChampionships2019_Women10mSynchronised_final_r4::6,validation,5,False,8.130253e-07,0.6755398
FINAWorldChampionships2019_Women10mSynchronised_final_r4::7,validation,5,False,4.1335097e-06,0.47924533
FINAWorldChampionships2019_Women10mSynchronised_final_r4::8,validation,5,False,1.8928883e-07,0.4171365
FINAWorldChampionships2019_Women10mSynchronised_final_r5::0,validation,5,False,8.195661e-06,0.431675
FINAWorldChampionships2019_Women10mSynchronised_final_r5::2,validation,5,False,3.3742558e-06,0.4278485
FINAWorldChampionships2019_Women10mSynchronised_final_r5::3,validation,5,False,1.8191186e-07,0.18166623
FINAWorldChampionships2019_Women10mSynchronised_final_r5::6,validation,5,False,3.4115276e-06,0.44187987
FINAWorldChampionships2019_Women10mSynchronised_final_r5::7,validation,5,False,2.2792095e-07,0.37390262
FINAWorldChampionships2019_Women10mSynchronised_final_r5::9,validation,5,False,1.264955e-07,0.34252807
FINAWorldChampionships2019_Women10mSynchronised_final_r5::11,validation,5,False,3.5086705e-06,0.580678
FINAWorldChampionships2019_Women10m_final_r1::0,fit,5,False,6.850439e-07,0.2342949
FINAWorldChampionships2019_Women10m_final_r1::1,fit,5,False,2.4093637e-07,0.25992846
FINAWorldChampionships2019_Women10m_final_r1::2,fit,5,False,2.655007e-07,0.2599231
FINAWorldChampionships2019_Women10m_final_r1::3,fit,5,False,1.558688e-07,0.4809077
FINAWorldChampionships2019_Women10m_final_r1::4,fit,5,False,5.596251e-07,0.26134294
FINAWorldChampionships2019_Women10m_final_r1::5,fit,5,False,6.243117e-08,0.21212123
FINAWorldChampionships2019_Women10m_final_r1::7,fit,5,False,3.65848e-07,0.18368298
FINAWorldChampionships2019_Women10m_final_r1::8,fit,5,False,3.7867892e-08,0.44597572
FINAWorldChampionships2019_Women10m_final_r1::9,fit,5,False,2.0662227e-07,0.41228837
FINAWorldChampionships2019_Women10m_final_r1::10,fit,5,False,5.5220465e-07,0.21460651
FINAWorldChampionships2019_Women10m_final_r1::11,fit,5,False,1.2004432e-07,0.50733995
FINAWorldChampionships2019_Women10m_final_r2::1,fit,5,False,4.6837383e-07,0.34950933
FINAWorldChampionships2019_Women10m_final_r2::3,fit,5,False,3.4494886e-07,0.1744799
FINAWorldChampionships2019_Women10m_final_r2::4,fit,5,False,1.2459277e-06,0.21322133
FINAWorldChampionships2019_Women10m_final_r2::5,fit,5,False,7.9943575e-06,0.21269254
FINAWorldChampionships2019_Women10m_final_r2::6,fit,5,False,6.910289e-07,0.104395546
FINAWorldChampionships2019_Women10m_final_r2::7,fit,5,False,3.458129e-07,0.38207445
FINAWorldChampionships2019_Women10m_final_r2::9,fit,5,False,6.277253e-06,0.5402842
FINAWorldChampionships2019_Women10m_final_r2::10,fit,5,False,1.4310407e-07,0.2715447
FINAWorldChampionships2019_Women10m_final_r3::0,fit,5,False,1.854177e-06,0.38230798
FINAWorldChampionships2019_Women10m_final_r3::1,fit,5,False,7.571954e-07,0.20854235
FINAWorldChampionships2019_Women10m_final_r3::2,fit,5,False,2.9146024e-06,0.31651026
FINAWorldChampionships2019_Women10m_final_r3::3,fit,5,False,1.3955948e-06,0.32258222
FINAWorldChampionships2019_Women10m_final_r3::4,fit,5,False,5.6044155e-07,0.27633753
FINAWorldChampionships2019_Women10m_final_r3::5,fit,5,False,9.959491e-07,0.21320362
FINAWorldChampionships2019_Women10m_final_r3::6,fit,5,False,7.178025e-07,0.42042175
FINAWorldChampionships2019_Women10m_final_r3::7,fit,5,False,1.6790718e-06,0.3168468
FINAWorldChampionships2019_Women10m_final_r3::10,fit,5,False,8.706391e-06,0.27521917
FINAWorldChampionships2019_Women10m_final_r3::11,fit,5,False,4.1573303e-06,0.2750982
FINAWorldChampionships2019_Women10m_final_r4::0,fit,5,False,3.8897792e-06,0.5130306
FINAWorldChampionships2019_Women10m_final_r4::1,fit,5,False,6.5851725e-07,0.35754216
FINAWorldChampionships2019_Women10m_final_r4::3,fit,5,False,1.2875768e-07,0.27154347
FINAWorldChampionships2019_Women10m_final_r4::4,fit,5,False,1.0929485e-07,0.3040715
FINAWorldChampionships2019_Women10m_final_r4::5,fit,5,False,4.2681148e-07,0.3451207
FINAWorldChampionships2019_Women10m_final_r4::6,fit,5,False,8.631354e-08,0.23484784
FINAWorldChampionships2019_Women10m_final_r4::8,fit,5,False,8.2829945e-07,0.29941458
FINAWorldChampionships2019_Women10m_final_r4::9,fit,5,False,4.754986e-06,0.38776338
FINAWorldChampionships2019_Women10m_final_r4::10,fit,5,False,4.9880197e-07,0.2555131
FINAWorldChampionships2019_Women10m_final_r4::11,fit,5,False,8.817241e-07,0.12320216
FINAWorldChampionships2019_Women10m_final_r5::1,fit,5,False,1.0944532e-07,0.2669825
FINAWorldChampionships2019_Women10m_final_r5::2,fit,5,False,1.187431e-07,0.6332091
FINAWorldChampionships2019_Women10m_final_r5::3,fit,5,False,3.603034e-07,0.22725195
FINAWorldChampionships2019_Women10m_final_r5::4,fit,5,False,9.422042e-08,0.4345948
FINAWorldChampionships2019_Women10m_final_r5::5,fit,5,False,3.732431e-07,0.22498952
FINAWorldChampionships2019_Women10m_final_r5::7,fit,5,False,1.3432428e-06,0.2960126
FINAWorldChampionships2019_Women10m_final_r5::8,fit,5,False,2.1318049e-06,0.38953176
FINAWorldChampionships2019_Women10m_final_r5::9,fit,5,False,1.5211087e-07,0.23025286
FINAWorldChampionships2019_Women10m_final_r5::10,fit,5,False,1.5724049e-07,0.25195917
FINAWorldChampionships2019_Women3mSynchronised_final_r1::0,fit,5,False,5.8667588e-08,0.2742825
FINAWorldChampionships2019_Women3mSynchronised_final_r1::3,fit,5,False,3.3385476e-07,0.38431
FINAWorldChampionships2019_Women3mSynchronised_final_r1::4,fit,5,False,2.1762464e-06,0.35268056
FINAWorldChampionships2019_Women3mSynchronised_final_r1::5,fit,5,False,2.651245e-07,0.32591522
FINAWorldChampionships2019_Women3mSynchronised_final_r1::6,fit,5,False,1.7579224e-07,0.21033882
FINAWorldChampionships2019_Women3mSynchronised_final_r1::8,fit,5,False,6.119501e-07,0.2957306
FINAWorldChampionships2019_Women3mSynchronised_final_r2::2,fit,5,False,6.022409e-08,0.3412953
FINAWorldChampionships2019_Women3mSynchronised_final_r2::3,fit,5,False,2.3586414e-07,0.22107334
FINAWorldChampionships2019_Women3mSynchronised_final_r2::4,fit,5,False,1.7934755e-07,0.36198115
FINAWorldChampionships2019_Women3mSynchronised_final_r2::5,fit,5,False,2.1415328e-06,0.35265252
FINAWorldChampionships2019_Women3mSynchronised_final_r2::6,fit,5,False,1.5351084e-07,0.31683326
FINAWorldChampionships2019_Women3mSynchronised_final_r2::7,fit,5,False,1.16262235e-07,0.3412892
FINAWorldChampionships2019_Women3mSynchronised_final_r2::10,fit,5,False,1.3602555e-07,0.32105085
FINAWorldChampionships2019_Women3mSynchronised_final_r2::11,fit,3,False,5.236645e-05,1.0126542
FINAWorldChampionships2019_Women3mSynchronised_final_r3::0,fit,5,False,1.2630362e-06,0.35180128
FINAWorldChampionships2019_Women3mSynchronised_final_r3::1,fit,5,False,4.998204e-06,0.6188492
FINAWorldChampionships2019_Women3mSynchronised_final_r3::2,fit,5,False,5.4928506e-07,0.47263747
FINAWorldChampionships2019_Women3mSynchronised_final_r3::4,fit,5,False,1.8039633e-07,0.27022144
FINAWorldChampionships2019_Women3mSynchronised_final_r3::5,fit,5,False,4.1402487e-07,0.27069438
FINAWorldChampionships2019_Women3mSynchronised_final_r3::6,fit,5,False,3.3253674e-08,0.3779828
FINAWorldChampionships2019_Women3mSynchronised_final_r3::7,fit,5,False,6.3634405e-07,0.21910694
FINAWorldChampionships2019_Women3mSynchronised_final_r3::8,fit,5,False,4.6749508e-07,0.31327984
FINAWorldChampionships2019_Women3mSynchronised_final_r3::10,fit,5,False,3.05927e-07,0.27070633
FINAWorldChampionships2019_Women3mSynchronised_final_r4::0,fit,5,False,2.3645278e-07,0.5214699
FINAWorldChampionships2019_Women3mSynchronised_final_r4::4,fit,5,False,9.302489e-08,0.3975866
FINAWorldChampionships2019_Women3mSynchronised_final_r4::5,fit,5,False,1.7208637e-07,0.24439405
FINAWorldChampionships2019_Women3mSynchronised_final_r4::6,fit,5,False,3.1268473e-07,0.36638725
FINAWorldChampionships2019_Women3mSynchronised_final_r4::7,fit,5,False,2.993156e-06,0.59525883
FINAWorldChampionships2019_Women3mSynchronised_final_r4::8,fit,5,False,2.1095867e-07,0.1246766
FINAWorldChampionships2019_Women3mSynchronised_final_r4::9,fit,5,False,1.1674068e-05,0.15045445
FINAWorldChampionships2019_Women3mSynchronised_final_r4::11,fit,5,False,5.5304497e-07,0.48915485
FINAWorldChampionships2019_Women3mSynchronised_final_r5::0,fit,5,False,1.4018628e-06,0.6785793
FINAWorldChampionships2019_Women3mSynchronised_final_r5::2,fit,5,False,1.9405802e-07,0.3001141
FINAWorldChampionships2019_Women3mSynchronised_final_r5::5,fit,5,False,3.3714855e-07,0.46975282
FINAWorldChampionships2019_Women3mSynchronised_final_r5::6,fit,5,False,2.7757568e-07,0.11632504
FINAWorldChampionships2019_Women3mSynchronised_final_r5::7,fit,5,False,3.9585963e-08,0.38454518
FINAWorldChampionships2019_Women3mSynchronised_final_r5::8,fit,5,False,2.899308e-07,0.25151682
FINAWorldChampionships2019_Women3mSynchronised_final_r5::9,fit,5,False,1.2207467e-07,0.3001099
FINAWorldChampionships2019_Women3m_final_r1::0,calibration,5,False,1.780924e-07,0.1943971
FINAWorldChampionships2019_Women3m_final_r1::1,calibration,5,False,1.7288203e-05,0.34314814
FINAWorldChampionships2019_Women3m_final_r1::2,calibration,5,False,3.4708108e-07,0.37348372
FINAWorldChampionships2019_Women3m_final_r1::3,calibration,5,False,1.4797928e-07,0.33161283
FINAWorldChampionships2019_Women3m_final_r1::4,calibration,5,False,1.14630936e-07,0.37459844
FINAWorldChampionships2019_Women3m_final_r2::0,calibration,5,False,8.1252927e-07,0.3694217
FINAWorldChampionships2019_Women3m_final_r2::1,calibration,5,False,4.380671e-07,0.4181686
FINAWorldChampionships2019_Women3m_final_r2::3,calibration,5,False,1.1383459e-06,0.67434454
FINAWorldChampionships2019_Women3m_final_r2::5,calibration,5,False,3.08096e-07,0.47359732
FINAWorldChampionships2019_Women3m_final_r2::7,calibration,5,False,1.1944523e-07,0.26515946
FINAWorldChampionships2019_Women3m_final_r2::8,calibration,5,False,6.2771824e-07,0.39836076
FINAWorldChampionships2019_Women3m_final_r2::9,calibration,5,False,3.9651223e-07,0.3559115
FINAWorldChampionships2019_Women3m_final_r2::10,calibration,5,False,6.492837e-07,0.3421183
FINAWorldChampionships2019_Women3m_final_r2::11,calibration,5,False,7.088555e-08,0.22408056
FINAWorldChampionships2019_Women3m_final_r3::0,calibration,5,False,1.3508327e-07,0.46317703
FINAWorldChampionships2019_Women3m_final_r3::1,calibration,5,False,1.8469874e-06,0.48750162
FINAWorldChampionships2019_Women3m_final_r3::2,calibration,5,False,2.2982013e-06,0.382864
FINAWorldChampionships2019_Women3m_final_r3::3,calibration,5,False,8.245145e-06,0.2708507
FINAWorldChampionships2019_Women3m_final_r3::4,calibration,5,False,5.1364464e-06,0.47469386
FINAWorldChampionships2019_Women3m_final_r3::5,calibration,5,False,3.915886e-07,0.4757817
FINAWorldChampionships2019_Women3m_final_r3::6,calibration,5,False,2.286349e-07,0.2716345
FINAWorldChampionships2019_Women3m_final_r3::7,calibration,5,False,1.7060502e-07,0.2876621
FINAWorldChampionships2019_Women3m_final_r3::8,calibration,5,False,1.2230443e-07,0.19256684
FINAWorldChampionships2019_Women3m_final_r3::10,calibration,5,False,1.5105157e-07,0.3789079
FINAWorldChampionships2019_Women3m_final_r3::11,calibration,5,False,4.4901432e-07,0.23559174
FINAWorldChampionships2019_Women3m_final_r4::0,calibration,5,False,5.9371166e-07,0.28816935
FINAWorldChampionships2019_Women3m_final_r4::2,calibration,5,False,4.862032e-07,0.24739942
FINAWorldChampionships2019_Women3m_final_r4::5,calibration,5,False,1.2950021e-07,0.3127658
FINAWorldChampionships2019_Women3m_final_r4::6,calibration,5,False,4.7618173e-07,0.47577167
FINAWorldChampionships2019_Women3m_final_r4::7,calibration,5,False,1.9855242e-06,0.23783039
FINAWorldChampionships2019_Women3m_final_r4::8,calibration,5,False,1.3750812e-07,0.29940048
FINAWorldChampionships2019_Women3m_final_r4::9,calibration,5,False,1.1920929e-07,0.13671492
FINAWorldChampionships2019_Women3m_final_r4::10,calibration,5,False,1.5673938e-07,0.3030828
FINAWorldChampionships2019_Women3m_final_r5::4,calibration,5,False,2.8668904e-07,0.2429215
FINAWorldChampionships2019_Women3m_final_r5::5,calibration,5,False,1.6924238e-07,0.18198106
FINAWorldChampionships2019_Women3m_final_r5::7,calibration,5,False,4.930723e-06,0.4617416
FINAWorldChampionships2019_Women3m_final_r5::8,calibration,5,False,2.721021e-06,0.13385592
FINAWorldChampionships2019_Women3m_final_r5::10,calibration,5,False,5.339752e-07,0.3496905
FINAWorldChampionships2019_Women3m_final_r5::11,calibration,5,False,1.7410442e-06,0.5796843
FullMenSynchronised10mPlatform_Tokyo2020Replays_1::1,fit,5,False,2.6886125e-06,0.3638803
FullMenSynchronised10mPlatform_Tokyo2020Replays_1::2,fit,5,False,3.1792006e-06,0.557015
FullMenSynchronised10mPlatform_Tokyo2020Replays_1::7,fit,5,False,6.4267147e-07,0.073366605
FullMenSynchronised10mPlatform_Tokyo2020Replays_1::8,fit,5,False,2.9351155e-05,1.0484432
FullMenSynchronised10mPlatform_Tokyo2020Replays_1::9,fit,5,False,4.2574106e-07,0.16882642
FullMenSynchronised10mPlatform_Tokyo2020Replays_1::10,fit,5,False,2.0757481e-05,0.36067432
FullMenSynchronised10mPlatform_Tokyo2020Replays_1::11,fit,5,False,8.5656495e-07,0.21891454
FullMenSynchronised10mPlatform_Tokyo2020Replays_1::13,fit,5,False,4.9717846e-06,0.2841108
FullMenSynchronised10mPlatform_Tokyo2020Replays_1::15,fit,5,False,6.0880055e-08,0.39481702
FullMenSynchronised10mPlatform_Tokyo2020Replays_1::16,fit,5,False,9.898396e-08,0.46791336
FullMenSynchronised10mPlatform_Tokyo2020Replays_2::0,fit,5,False,1.0590571e-07,0.47868788
FullMenSynchronised10mPlatform_Tokyo2020Replays_2::1,fit,5,False,6.9395077e-07,0.34394398
FullMenSynchronised10mPlatform_Tokyo2020Replays_2::2,fit,5,False,2.9256748e-07,0.15117025
FullMenSynchronised10mPlatform_Tokyo2020Replays_2::3,fit,5,False,1.6065894e-07,0.5383326
FullMenSynchronised10mPlatform_Tokyo2020Replays_2::4,fit,5,False,2.163865e-07,0.13825312
FullMenSynchronised10mPlatform_Tokyo2020Replays_2::5,fit,5,False,2.9925443e-06,0.24824901
FullMenSynchronised10mPlatform_Tokyo2020Replays_2::6,fit,5,False,-2.4093358e-08,0.11743265
FullMenSynchronised10mPlatform_Tokyo2020Replays_2::7,fit,5,False,1.0344588e-06,0.14791235
FullMenSynchronised10mPlatform_Tokyo2020Replays_2::8,fit,5,False,5.593771e-07,0.4263686
FullMenSynchronised10mPlatform_Tokyo2020Replays_2::9,fit,5,False,1.6644678e-07,0.20438527
FullMenSynchronised10mPlatform_Tokyo2020Replays_2::10,fit,5,False,3.5323507e-07,0.24117315
FullMenSynchronised10mPlatform_Tokyo2020Replays_2::12,fit,5,False,2.4427445e-06,0.50818485
FullMenSynchronised10mPlatform_Tokyo2020Replays_2::14,fit,5,False,1.6675248e-06,0.23090436
FullMenSynchronised10mPlatform_Tokyo2020Replays_2::15,fit,5,False,4.367431e-07,0.24813743
FullMenSynchronised10mPlatform_Tokyo2020Replays_2::16,fit,5,False,2.9725575e-07,0.33343962
FullMenSynchronised10mPlatform_Tokyo2020Replays_3::0,fit,5,False,1.0094124e-07,0.33024812
FullMenSynchronised10mPlatform_Tokyo2020Replays_3::1,fit,5,False,1.5587044e-06,0.4037185
FullMenSynchronised10mPlatform_Tokyo2020Replays_3::2,fit,5,False,5.437252e-06,0.31068432
FullMenSynchronised10mPlatform_Tokyo2020Replays_3::3,fit,5,False,9.0217384e-08,0.24223715
FullMenSynchronised10mPlatform_Tokyo2020Replays_3::4,fit,5,False,2.4767712e-07,0.17552498
FullMenSynchronised10mPlatform_Tokyo2020Replays_3::5,fit,5,False,3.9573396e-07,0.3812032
FullMenSynchronised10mPlatform_Tokyo2020Replays_3::6,fit,5,False,1.5400032e-07,0.29650304
FullMenSynchronised10mPlatform_Tokyo2020Replays_3::7,fit,5,False,1.7230894e-06,0.3510225
FullMenSynchronised10mPlatform_Tokyo2020Replays_3::8,fit,5,False,7.9301606e-07,0.28058395
FullMenSynchronised10mPlatform_Tokyo2020Replays_3::11,fit,5,False,3.5265356e-07,0.19607052
