clip_uid,official_split,analysis_role,event_family,action_type,difficulty,dive_score,open_set,reference_baseline,predicted_quality,phi_takeoff,occlusion_takeoff,duration_contribution_takeoff,phi_flight,occlusion_flight,duration_contribution_flight,phi_entry,occlusion_entry,duration_contribution_entry,top_phase,actual_max_intervention_phase,top_phase_intervention_match,targeted_intervention_effect,random_intervention_effect,reconstruction_error,scorer_alignment_error,phase_boundary_cosine,phase_boundary_top_match,reference_change_cosine,coalition_0,coalition_1,coalition_2,coalition_3,coalition_4,coalition_5,coalition_6,coalition_7,targeted_minus_random,targeted_effect,mean_nonselected_effect,strongest_nonselected_effect,loo_reconstruction_error
01::1,test,official_test,01,407c,3.2,88.0,False,8.352567,8.837064,0.09975513,0.09994125,0.0538330078125,0.025378546,0.026582718,0.107666015625,0.3593634,0.34498405,0.322998046875,entry,entry,True,0.3449840545654297,0.3449840545654297,0.0,4.3213367462158203e-07,0.99471277,1.0,0.972768,8.352567,8.450572,8.375177,8.49208,8.724746,8.810481,8.737123,8.837064,0.0,0.3449840545654297,0.0632619857788086,0.09994125366210938,0.012989044189453125
01::8,test,official_test,01,6245d,3.6,77.4,False,7.295438,7.602175,0.14503288,0.14456034,0.06816387176513672,0.037026405,0.012862682,0.06816387176513672,0.124678135,0.1045413,0.1704096794128418,takeoff,takeoff,True,0.1445603370666504,0.1445603370666504,0.0,0.0,0.7459439,0.5,-0.4740694,7.295438,7.443519,7.359204,7.497634,7.4428287,7.5893126,7.457615,7.602175,0.0,0.1445603370666504,0.05870199203491211,0.10454130172729492,0.044773101806640625
01::9,test,official_test,01,107b,3.0,61.5,False,6.640008,6.6613917,0.29595003,0.3465891,0.00950389438205295,0.067224346,0.119170666,0.004751947191026475,-0.3417906,-0.28392553,0.007127920786539713,entry,takeoff,False,0.28392553329467773,0.3465890884399414,0.0,1.7881393432617188e-07,0.9482715,0.5,0.987187,6.640008,6.9030337,6.673001,6.9453173,6.258067,6.542221,6.3148026,6.6613917,-0.06266355514526367,0.28392553329467773,0.2328798770904541,0.3465890884399414,0.16045045852661133
01::11,test,official_test,01,107b,3.0,72.0,False,7.9094453,7.9780393,-0.045943182,-0.1487689,0.030486212836371526,0.0651234,0.04084015,0.022864659627278645,0.04941376,0.10645628,0.015243106418185763,flight,takeoff,False,0.04084014892578125,0.14876890182495117,0.0,6.705522537231445e-08,0.6061875,0.5,-0.14827125,7.9094453,7.941198,7.973722,7.871583,7.8766866,7.937199,8.126808,7.9780393,-0.10792875289916992,0.04084014892578125,0.12761259078979492,0.14876890182495117,0.07006645202636719
01::15,test,official_test,01,107b,3.0,76.5,False,8.039658,7.9510975,-0.08360648,-0.12665558,-0.029520034790039062,-0.02638483,-0.045804977,-0.029520034790039062,0.021431208,0.0059485435,-0.029520034790039062,takeoff,takeoff,True,0.12665557861328125,0.005948543548583984,0.0,1.1175870895385742e-07,0.9216197,1.0,-0.5337365,8.039658,7.983851,8.017444,7.945149,8.061322,7.9969025,8.077753,7.9510975,0.12070703506469727,0.12665557861328125,0.025876760482788086,0.04580497741699219,0.07795190811157227
01::17,test,official_test,01,5152b,2.9,72.5,False,8.129551,8.299691,0.11271397,0.07031727,0.05671342213948567,0.00040976205,-0.030719757,0.05671342213948567,0.057016533,0.02416706,0.05671342213948567,takeoff,takeoff,True,0.07031726837158203,0.030719757080078125,0.0,4.470348358154297e-07,0.40243638,0.5,0.85405475,8.129551,8.269226,8.145655,8.275524,8.203981,8.330411,8.229374,8.299691,0.039597511291503906,0.07031726837158203,0.027443408966064453,0.030719757080078125,0.10637569427490234
01::21,test,official_test,01,109c,3.7,81.4,False,6.614813,7.0568323,0.73007697,0.8609967,0.1473398208618164,0.1601445,0.21487427,0.1473398208618164,-0.44820198,-0.30955648,0.1473398208618164,takeoff,takeoff,True,0.8609967231750488,0.3095564842224121,0.0,1.1920928955078125e-07,0.9199585,0.5,0.9971167,6.614813,7.2494683,6.755726,7.366389,6.0634637,6.841958,6.1958356,7.0568323,0.5514402389526367,0.8609967231750488,0.26221537590026855,0.3095564842224121,0.3242950439453125
01::45,test,official_test,01,5156b,3.8,81.7,False,7.05549,7.2247915,0.1489137,0.116910934,0.037622557746039495,0.07177933,0.06970072,0.037622557746039495,-0.051391523,-0.061888218,0.09405639436509874,takeoff,takeoff,True,0.11691093444824219,0.06188821792602539,0.0,2.086162567138672e-07,0.8966898,0.5,-0.1830715,7.05549,7.2288303,7.121772,7.2866797,7.007019,7.155091,7.1078806,7.2247915,0.0550227165222168,0.11691093444824219,0.06579446792602539,0.06970071792602539,0.04457807540893555
01::54,test,official_test,01,6243d,3.2,81.6,False,8.57609,8.77782,0.030117035,0.028601646,0.06724325815836588,0.020800114,0.020192146,0.06724325815836588,0.15081263,0.1482935,0.06724325815836588,entry,entry,True,0.14829349517822266,0.028601646423339844,0.0,2.2351741790771484e-08,0.35890135,0.5,0.95168835,8.57609,8.610394,8.600169,8.629526,8.732093,8.7576275,8.749218,8.77782,0.11969184875488281,0.14829349517822266,0.024396896362304688,0.028601646423339844,0.004642486572265625
01::56,test,official_test,01,407b,3.5,71.75,False,8.07085,6.5870085,-0.04297884,-0.06207466,-0.16487132178412542,0.16731898,0.3262267,-0.4946139653523763,-1.6081821,-1.4339514,-0.8243566089206272,entry,entry,True,1.4339513778686523,0.06207466125488281,0.0,1.1920928955078125e-07,0.9974282,1.0,1.0,8.07085,8.035676,8.06797,8.02096,6.2771463,6.260782,6.649083,6.5870085,1.3718767166137695,1.4339513778686523,0.19415068626403809,0.32622671127319336,0.3140425682067871
01::66,test,official_test,01,207b,3.6,100.8,False,8.203345,8.64458,-0.017073631,-0.006463051,0.04902606540256076,-0.024560452,-0.008114815,0.14707819620768228,0.48286867,0.49054718,0.24513032701280382,entry,entry,True,0.49054718017578125,0.006463050842285156,0.0,7.450580596923828e-09,0.9881214,1.0,0.9995018,8.203345,8.173508,8.160186,8.154033,8.676382,8.652695,8.651043,8.64458,0.4840841293334961,0.49054718017578125,0.007288932800292969,0.008114814758300781,0.03473472595214844
01::68,test,official_test,01,109c,3.7,83.25,False,8.197263,8.3358345,0.022316137,-0.02189064,0.04619057973225911,-0.08302387,-0.06379604,0.04619057973225911,0.19927947,0.17973518,0.04619057973225911,entry,entry,True,0.1797351837158203,0.0637960433959961,0.0,1.043081283569336e-07,0.1185909,0.5,0.9605912,8.197263,8.263557,8.094783,8.156099,8.415858,8.399631,8.357725,8.3358345,0.11593914031982422,0.1797351837158203,0.04284334182739258,0.0637960433959961,0.04452323913574219
01::74,test,official_test,01,6245d,3.6,57.6,False,8.375792,8.07012,0.004510959,0.0068683624,-0.13585408528645831,-0.36202088,-0.30548573,-0.10189056396484375,0.051838238,0.09984827,-0.06792704264322916,flight,flight,True,0.30548572540283203,0.09984827041625977,0.0,4.172325134277344e-07,0.1467006,0.0,0.22723503,8.375792,8.383143,7.962434,7.9702716,8.384818,8.375606,8.0632515,8.07012,0.20563745498657227,0.30548572540283203,0.05335831642150879,0.09984827041625977,0.1069025993347168
01::77,test,official_test,01,626c,3.3,75.9,False,8.0860405,8.083139,0.17294519,0.1844759,-0.0009670257568359375,0.010007541,0.0064992905,-0.0009670257568359375,-0.1858538,-0.16946316,-0.0009670257568359375,entry,takeoff,False,0.1694631576538086,0.18447589874267578,0.0,3.725290298461914e-07,0.94608337,1.0,0.68693864,8.0860405,8.247102,8.099203,8.252603,7.883443,8.07664,7.8986635,8.083139,-0.015012741088867188,0.1694631576538086,0.09548759460449219,0.18447589874267578,0.024413108825683594
01::80,test,official_test,01,207c,3.3,64.35,False,7.2135267,7.594911,-0.05146885,-0.05198908,0.042376041412353516,0.17299867,0.1566205,0.12712812423706055,0.25985456,0.24746132,0.21188020706176758,entry,entry,True,0.24746131896972656,0.051989078521728516,0.0,1.9371509552001953e-07,0.79841185,0.5,0.9937096,7.2135267,7.1614122,7.4017377,7.34745,7.4846087,7.4382906,7.6469,7.594911,0.19547224044799805,0.24746131896972656,0.10430479049682617,0.15662050247192383,0.029291629791259766
01::90,test,official_test,01,307c,3.4,94.05,False,8.659338,8.539617,-0.01075999,-0.006822586,-0.02660475836859809,-0.008117358,-0.0016241074,-0.05320951673719618,-0.10084406,-0.095202446,-0.03990713755289713,entry,entry,True,0.09520244598388672,0.0016241073608398438,0.0,9.685754776000977e-08,0.6324946,0.5,-0.99690914,8.659338,8.644376,8.644463,8.634819,8.5525875,8.541241,8.546439,8.539617,0.09357833862304688,0.09520244598388672,0.004223346710205078,0.0068225860595703125,0.01607227325439453
01::100,test,official_test,01,307c,3.4,74.25,False,7.8450813,8.268432,0.021944284,0.023703575,0.09407785203721787,0.09387493,0.09451103,0.09407785203721787,0.30753112,0.31164455,0.23519463009304473,entry,entry,True,0.3116445541381836,0.023703575134277344,0.0,1.6391277313232422e-07,0.9635738,1.0,0.9832076,7.8450813,7.8666306,7.9396844,7.956787,8.149863,8.173921,8.244728,8.268432,0.28794097900390625,0.3116445541381836,0.059107303619384766,0.09451103210449219,0.006508827209472656
01::102,test,official_test,01,207c,3.3,37.95,False,6.8189898,7.191357,0.13037689,0.14823866,0.08274830712212457,0.031268913,0.05804062,0.16549661424424914,0.21072157,0.21849346,0.12412246068318684,entry,entry,True,0.21849346160888672,0.1482386589050293,0.0,1.341104507446289e-07,0.32108238,0.0,0.51927257,6.8189898,6.927888,6.81987,6.9728637,7.0183225,7.1333165,7.0431185,7.191357,0.07025480270385742,0.21849346160888672,0.10313963890075684,0.1482386589050293,0.052405357360839844
01::103,test,official_test,01,6243d,3.2,64.0,False,6.798425,6.8298907,0.19423015,0.20761299,0.010488510131835938,0.0015247663,0.0049672127,0.010488510131835938,-0.1642894,-0.15132332,0.010488510131835938,takeoff,takeoff,True,0.2076129913330078,0.2076129913330078,0.0,1.7881393432617188e-07,0.7619574,0.0,0.9237444,6.798425,6.977392,6.794627,6.981214,6.6192894,6.8249235,6.6222777,6.8298907,0.0,0.2076129913330078,0.07814526557922363,0.1513233184814453,0.02979135513305664
01::115,test,official_test,01,107b,3.0,67.5,False,8.395935,8.455427,0.016745249,0.012016296,0.019830703735351562,0.041281383,0.061816216,0.019830703735351562,0.0014654795,0.023244858,0.019830703735351562,flight,flight,True,0.06181621551513672,0.06181621551513672,0.0,1.862645149230957e-07,0.566916,0.5,0.008262472,8.395935,8.426823,8.426095,8.432182,8.385035,8.393611,8.443411,8.455427,0.0,0.06181621551513672,0.017630577087402344,0.023244857788085938,0.03758525848388672
01::117,test,official_test,01,6245d,3.6,81.0,False,7.4113235,7.0223565,0.18132646,0.18078852,-0.1296556790669759,0.0038097699,-0.006716728,-0.1296556790669759,-0.5741033,-0.5718894,-0.1296556790669759,entry,entry,True,0.5718894004821777,0.006716728210449219,0.0,1.7881393432617188e-07,0.962244,1.0,0.98069376,7.4113235,7.5868416,7.4193134,7.594246,6.82866,7.029073,6.841568,7.0223565,0.5651726722717285,0.5718894004821777,0.09375262260437012,0.18078851699829102,0.008850574493408203
01::118,test,official_test,01,307c,3.4,79.2,False,7.884573,8.239035,-0.021195412,-0.018699646,0.03938462999131944,0.10923195,0.11887264,0.11815388997395833,0.26642513,0.2778325,0.19692314995659724,entry,entry,True,0.2778325080871582,0.11887264251708984,0.0,9.685754776000977e-08,0.99366707,1.0,0.7525088,7.884573,7.8609595,7.984242,7.961202,8.139668,8.120162,8.257734,8.239035,0.15895986557006836,0.2778325080871582,0.0687861442565918,0.11887264251708984,0.023543834686279297
01::120,test,official_test,01,109c,3.7,77.7,False,7.116962,7.376102,0.6364061,0.98383427,0.057586669921875,0.41749564,0.69619656,0.11517333984375,-0.7947617,-0.46006203,0.0863800048828125,entry,takeoff,False,0.46006202697753906,0.9838342666625977,0.0,5.960464477539063e-08,0.94346714,0.5,0.9937203,7.116962,7.422963,7.27278,7.836164,6.0045238,6.6799054,6.3922677,7.376102,-0.5237722396850586,0.46006202697753906,0.8400154113769531,0.9838342666625977,0.9608287811279297
01::123,test,official_test,01,207b,3.6,91.8,False,8.213559,8.234047,0.011278947,0.0038166046,0.006829261779785156,0.00023492177,-0.0051546097,0.006829261779785156,0.008973916,0.00065898895,0.006829261779785156,takeoff,flight,False,0.0038166046142578125,0.0038166046142578125,0.0,4.3958425521850586e-07,0.29912978,0.0,-0.8702292,8.213559,8.232593,8.219476,8.233388,8.23114,8.239202,8.23023,8.234047,0.0,0.0038166046142578125,0.00290679931640625,0.005154609680175781,0.02116680145263672
01::126,test,official_test,01,307c,3.4,54.45,False,6.302386,6.5106854,0.3588271,0.38100576,0.06943321228027344,0.14540291,0.14505959,0.06943321228027344,-0.2959304,-0.2851014,0.06943321228027344,takeoff,takeoff,True,0.38100576400756836,0.14505958557128906,0.0,2.086162567138672e-07,0.9138253,0.0,0.7901333,6.302386,6.6504855,6.4595833,6.795787,6.0070777,6.365626,6.1296797,6.5106854,0.2359461784362793,0.38100576400756836,0.21508049964904785,0.28510141372680664,0.03266429901123047
01::131,test,official_test,01,207c,3.3,84.15,False,7.965949,8.42023,-0.02617065,-0.023566246,0.05047565036349826,-0.019423643,-0.014640808,0.15142695109049478,0.49987516,0.5004177,0.25237825181749135,entry,entry,True,0.5004177093505859,0.023566246032714844,0.0,2.8312206268310547e-07,0.9969451,1.0,0.980267,7.965949,7.93684,7.9414086,7.919812,8.464948,8.434871,8.443796,8.42023,0.4768514633178711,0.5004177093505859,0.019103527069091797,0.023566246032714844,0.007929801940917969
01::133,test,official_test,01,207c,3.3,66.0,False,5.7619767,6.1443973,0.22155873,0.25378895,0.042491171095106334,0.11336199,0.18168736,0.127473513285319,0.047499817,0.09424925,0.2124558554755317,takeoff,takeoff,True,0.25378894805908203,0.1816873550415039,0.0,1.7881393432617188e-07,0.87452024,0.5,0.7631264,5.7619767,5.963136,5.8188443,6.050148,5.774558,5.96271,5.8906083,6.1443973,0.07210159301757812,0.25378894805908203,0.1379683017730713,0.1816873550415039,0.14730501174926758
01::135,test,official_test,01,307c,3.4,74.25,False,7.3102202,7.4425716,0.21646015,0.21856499,0.044117132822672524,0.0559961,0.05835867,0.044117132822672524,-0.14010485,-0.12346935,0.044117132822672524,takeoff,takeoff,True,0.2185649871826172,0.12346935272216797,0.0,1.4901161193847656e-07,0.94182783,0.0,0.985436,7.3102202,7.5251594,7.3644376,7.566041,7.1540637,7.384213,7.2240067,7.4425716,0.09509563446044922,0.2185649871826172,0.09091401100158691,0.12346935272216797,0.0211029052734375
01::139,test,official_test,01,5253b,3.2,72.0,False,6.876245,7.052071,0.10314568,0.116654396,0.0390724605984158,0.003627618,-0.005988121,0.0781449211968316,0.06905278,0.058938503,0.058608690897623696,takeoff,takeoff,True,0.1166543960571289,0.05893850326538086,0.0,2.086162567138672e-07,0.3364073,0.0,-0.1783313,6.876245,6.969602,6.8932085,6.9931326,6.959132,7.058059,6.9354167,7.052071,0.05771589279174805,0.1166543960571289,0.03246331214904785,0.05893850326538086,0.006221294403076172
01::142,test,official_test,01,307c,3.4,64.35,False,5.3654013,5.2334976,-0.010835965,-0.064436436,-0.014655960930718316,0.45419565,0.4753499,-0.043967882792154946,-0.5752633,-0.5168381,-0.07327980465359159,entry,entry,True,0.5168380737304688,0.06443643569946289,0.0,2.384185791015625e-07,0.9782772,1.0,0.994675,5.3654013,5.400528,5.790805,5.7503357,4.724075,4.7581477,5.297934,5.2334976,0.45240163803100586,0.5168380737304688,0.26989316940307617,0.47534990310668945,0.025979042053222656
01::153,test,official_test,01,207b,3.6,81.0,False,7.5474544,7.247388,0.248926,0.24501657,-0.06668143802218966,0.088922344,-0.0057520866,-0.13336287604437932,-0.63791484,-0.69179344,-0.1000221570332845,entry,entry,True,0.6917934417724609,0.6917934417724609,0.0,2.086162567138672e-07,0.9647092,1.0,0.9949891,7.5474544,7.7833033,7.7140646,7.9391813,6.9464316,7.25314,7.0023713,7.247388,0.0,0.6917934417724609,0.12538433074951172,0.24501657485961914,0.15246248245239258
01::157,test,official_test,01,207b,3.6,39.6,False,4.769811,3.3785603,0.08182875,0.01292491,-0.3091668552822537,0.030586282,0.05687523,-0.3091668552822537,-1.5036659,-1.5977113,-0.7729171382056342,entry,entry,True,1.5977113246917725,1.5977113246917725,0.0,0.0,0.9993975,1.0,0.9975801,4.769811,4.916631,4.770196,4.9762716,3.3562782,3.321685,3.3656354,3.3785603,0.0,1.5977113246917725,0.03490006923675537,0.05687522888183594,0.13666033744812012
01::161,test,official_test,01,5255b,3.6,81.0,False,8.406971,8.403307,-0.03967333,-0.041175842,-0.001221338907877604,-0.011022091,-0.019136429,-0.001221338907877604,0.047031403,0.041070938,-0.001221338907877604,entry,takeoff,False,0.04107093811035156,0.04107093811035156,0.0,2.3096799850463867e-07,0.19482304,1.0,0.9826306,8.406971,8.368812,8.404075,8.362236,8.459974,8.422443,8.444483,8.403307,0.0,0.04107093811035156,0.03015613555908203,0.04117584228515625,0.015577316284179688
01::162,test,official_test,01,5255b,3.6,86.4,False,8.456636,8.403482,-0.052852154,-0.047067642,-0.011811998155381944,0.011873245,0.011153221,-0.023623996310763888,-0.012175083,-0.016082764,-0.017717997233072914,takeoff,takeoff,True,0.04706764221191406,0.016082763671875,0.0,2.7567148208618164e-07,0.5187626,0.0,0.16182062,8.456636,8.39756,8.46879,8.419565,8.447929,8.392329,8.45055,8.403482,0.030984878540039062,0.04706764221191406,0.013617992401123047,0.016082763671875,0.0011568069458007812
01::167,test,official_test,01,5253b,3.2,67.2,False,6.597143,6.992904,-0.028047642,-0.0029120445,0.043973445892333984,0.19729726,0.2182002,0.13192033767700195,0.2265114,0.23129797,0.21986722946166992,entry,entry,True,0.23129796981811523,0.23129796981811523,0.0,0.0,0.8960763,0.5,0.78496325,6.597143,6.540869,6.770447,6.761606,6.8157773,6.774704,6.995816,6.992904,0.0,0.23129796981811523,0.11055612564086914,0.2182002067565918,0.05082511901855469
01::169,test,official_test,01,5255b,3.6,84.6,False,7.5178194,7.3099217,0.12904565,0.14314413,-0.04619948069254557,-0.059666235,-0.065279484,-0.09239896138509114,-0.27727708,-0.29482698,-0.06929922103881836,entry,entry,True,0.2948269844055176,0.1431441307067871,0.0,2.086162567138672e-07,0.47845098,0.5,0.9988038,7.5178194,7.6335063,7.464506,7.6047487,7.258832,7.375201,7.1667776,7.3099217,0.15168285369873047,0.2948269844055176,0.10421180725097656,0.1431441307067871,0.009064674377441406
01::171,test,official_test,01,6243d,3.2,68.8,False,8.302944,8.264528,-0.0400486,-0.03959751,-0.01280530293782552,0.007071972,0.008591652,-0.01280530293782552,-0.0054392815,-0.0072746277,-0.01280530293782552,takeoff,takeoff,True,0.039597511291503906,0.008591651916503906,0.0,8.940696716308594e-08,0.4119981,0.0,-0.6888337,8.302944,8.262647,8.308699,8.271803,8.299542,8.255937,8.304126,8.264528,0.031005859375,0.039597511291503906,0.00793313980102539,0.008591651916503906,0.0001354217529296875
01::182,test,official_test,01,5255b,3.6,86.4,False,7.6151404,8.047489,-0.022396803,-0.022667885,0.048038747575547956,-0.055862904,-0.05919552,0.14411624272664386,0.51060843,0.51311684,0.24019373787773982,entry,entry,True,0.5131168365478516,0.022667884826660156,0.0,2.1606683731079102e-07,0.992233,1.0,0.9936556,7.6151404,7.5921183,7.5617137,7.5343723,8.122344,8.106685,8.070157,8.047489,0.4904489517211914,0.5131168365478516,0.04093170166015625,0.059195518493652344,0.0010952949523925781
02::5,test,official_test,02,407c,3.2,81.6,False,8.930854,8.992137,0.11924235,0.124209404,0.020427703857421875,-0.0061333976,-0.005988121,0.020427703857421875,-0.05182584,-0.051994324,0.020427703857421875,takeoff,takeoff,True,0.12420940399169922,0.12420940399169922,0.0,7.450580596923828e-09,0.8947664,1.0,0.64304465,8.930854,9.045808,8.925254,9.044131,8.879875,8.998125,8.867928,8.992137,0.0,0.12420940399169922,0.028991222381591797,0.05199432373046875,0.00494384765625
02::6,test,official_test,02,5253b,3.2,68.8,False,6.335665,6.2594357,0.12827842,0.081936836,-0.01693990495469835,0.0829064,0.0054421425,-0.0338798099093967,-0.2874144,-0.3601036,-0.025409857432047524,entry,entry,True,0.3601036071777344,0.3601036071777344,0.0,1.1920928955078125e-07,0.9930649,1.0,0.99399877,6.335665,6.4903784,6.476129,6.6195393,6.101033,6.2539935,6.177499,6.2594357,0.0,0.3601036071777344,0.04368948936462402,0.08193683624267578,0.19649505615234375
02::14,test,official_test,02,207c,3.3,85.8,False,8.765038,9.067904,0.0497729,0.038562775,0.06730376349555121,0.00285546,-0.012272835,0.13460752699110243,0.25023857,0.24727249,0.10095564524332681,entry,entry,True,0.24727249145507812,0.012272834777832031,0.0,3.8743019104003906e-07,0.9888858,1.0,0.9888413,8.765038,8.828496,8.785497,8.820632,9.020718,9.080177,9.029342,9.067904,0.2349996566772461,0.24727249145507812,0.025417804718017578,0.038562774658203125,0.02930450439453125
02::18,test,official_test,02,407c,3.2,89.6,False,8.758798,8.830875,0.11965084,0.13306999,0.024025917053222656,-0.024876118,-0.011006355,0.024025917053222656,-0.022696972,-0.019720078,0.024025917053222656,takeoff,takeoff,True,0.1330699920654297,0.011006355285644531,0.0,1.4901161193847656e-08,0.5417924,0.5,0.93045956,8.758798,8.866135,8.721157,8.850595,8.734229,8.841882,8.697805,8.830875,0.12206363677978516,0.1330699920654297,0.015363216400146484,0.019720077514648438,0.03026580810546875
02::19,test,official_test,02,407c,3.2,86.4,False,8.189712,8.571551,-0.022311846,-0.028831482,0.04242663913302951,0.09783777,0.095929146,0.12727991739908853,0.30631384,0.31247425,0.21213319566514757,entry,entry,True,0.31247425079345703,0.09592914581298828,0.0,7.450580596923828e-09,0.957623,1.0,0.8952706,8.189712,8.175022,8.290561,8.259077,8.490968,8.475622,8.600383,8.571551,0.21654510498046875,0.31247425079345703,0.062380313873291016,0.09592914581298828,0.0022678375244140625
02::26,test,official_test,02,5255b,3.6,86.4,False,7.8438854,7.7290735,0.09481224,0.09526634,-0.03827063242594401,-0.036785048,-0.03793478,-0.03827063242594401,-0.17283909,-0.17434692,-0.03827063242594401,entry,entry,True,0.174346923828125,0.03793478012084961,0.0,8.568167686462402e-08,0.8858345,1.0,0.9771339,7.8438854,7.9379144,7.807921,7.9034204,7.672225,7.7670083,7.633807,7.7290735,0.1364121437072754,0.174346923828125,0.06660056114196777,0.09526634216308594,0.0022034645080566406
02::27,test,official_test,02,407c,3.2,75.2,False,7.8260937,8.078119,0.07626343,0.06847286,0.02800284491644965,0.04719329,0.037955284,0.08400853474934895,0.12856889,0.13055182,0.14001422458224827,entry,entry,True,0.13055181503295898,0.13055181503295898,0.0,4.544854164123535e-07,0.8571377,0.5,0.94737357,7.8260937,7.9116473,7.8840246,7.9475675,7.9541793,8.040164,8.009646,8.078119,0.0,0.13055181503295898,0.053214073181152344,0.06847286224365234,0.015045642852783203
02::42,test,official_test,02,626c,3.3,69.3,False,7.7561946,7.6417694,0.21447642,0.21259022,-0.038141727447509766,-0.06096403,-0.074248314,-0.038141727447509766,-0.26793757,-0.27345467,-0.038141727447509766,entry,entry,True,0.2734546661376953,0.0742483139038086,0.0,1.1920928955078125e-07,0.8883995,0.5,0.957541,7.7561946,7.97106,7.7070174,7.915224,7.4922767,7.7160177,7.429179,7.6417694,0.19920635223388672,0.2734546661376953,0.1434192657470703,0.21259021759033203,0.020687580108642578
02::46,test,official_test,02,407c,3.2,86.4,False,8.986143,9.070222,0.15661764,0.1587677,0.01868417527940538,-0.028876305,-0.03083992,0.03736835055881076,-0.043662548,-0.049059868,0.02802626291910807,takeoff,takeoff,True,0.1587677001953125,0.04905986785888672,0.0,2.4586915969848633e-07,0.78839266,0.5,0.44795227,8.986143,9.137699,8.956319,9.119282,8.944966,9.101062,8.911454,9.070222,0.10970783233642578,0.1587677001953125,0.039949893951416016,0.04905986785888672,0.00521087646484375
02::61,test,official_test,02,307c,3.4,84.15,False,8.26034,8.282772,0.023253918,0.017303467,0.007477442423502604,0.016881466,0.010813713,0.007477442423502604,-0.017703056,-0.015500069,0.007477442423502604,takeoff,takeoff,True,0.017303466796875,0.015500068664550781,0.0,3.203749656677246e-07,0.5908105,0.0,0.7882862,8.26034,8.2889595,8.282704,8.298272,8.239849,8.271958,8.265469,8.282772,0.0018033981323242188,0.017303466796875,0.013156890869140625,0.015500068664550781,0.009815216064453125
02::66,test,official_test,02,207c,3.3,89.1,False,8.79686,9.12709,0.07605711,0.0772953,0.110076904296875,0.005103747,0.0036268234,0.110076904296875,0.24906985,0.2525921,0.110076904296875,entry,entry,True,0.2525920867919922,0.0036268234252929688,0.0,3.5762786865234375e-07,0.99803895,1.0,0.9985049,8.79686,8.876935,8.808697,8.874498,9.047664,9.123464,9.049795,9.12709,0.24896526336669922,0.2525920867919922,0.040461063385009766,0.07729530334472656,0.0032835006713867188
02::67,test,official_test,02,6245d,3.6,81.0,False,7.1720915,6.9368587,0.26340684,0.31446314,-0.07841094334920247,0.23277791,0.27315617,-0.07841094334920247,-0.7314176,-0.6619506,-0.07841094334920247,entry,entry,True,0.6619505882263184,0.31446313858032227,0.0,1.1920928955078125e-07,0.94437003,1.0,0.9505853,7.1720915,7.404473,7.384522,7.5988092,6.3912377,6.6637025,6.6223955,6.9368587,0.3474874496459961,0.6619505882263184,0.2938096523284912,0.31446313858032227,0.16090154647827148
02::69,test,official_test,02,207b,3.6,86.4,False,8.166348,8.342729,-0.021012941,-0.025813103,0.058793385823567704,0.051822025,0.042099953,0.058793385823567704,0.14557107,0.1446991,0.058793385823567704,entry,entry,True,0.1446990966796875,0.1446990966796875,0.0,3.0547380447387695e-07,0.57548827,0.5,0.8124013,8.166348,8.151117,8.228874,8.1980295,8.313773,8.300629,8.368542,8.342729,0.0,0.1446990966796875,0.03395652770996094,0.042099952697753906,0.015394210815429688
02::86,test,official_test,02,307c,3.4,89.1,False,8.31865,8.4957905,0.07835039,0.065130234,0.05904674530029297,-0.007194678,-0.0015621185,0.05904674530029297,0.10598453,0.1020174,0.05904674530029297,entry,entry,True,0.10201740264892578,0.0015621185302734375,0.0,2.1606683731079102e-07,0.033489704,0.0,-0.1913192,8.31865,8.408013,8.303616,8.393773,8.426394,8.497353,8.43066,8.4957905,0.10045528411865234,0.10201740264892578,0.03334617614746094,0.06513023376464844,0.011554718017578125
02::89,test,official_test,02,6245d,3.6,75.6,False,7.9500656,7.680275,0.08459171,0.10395908,-0.05995347764756944,-0.053458374,-0.060056686,-0.11990695529513888,-0.30092397,-0.30402708,-0.08993021647135416,entry,entry,True,0.30402708053588867,0.30402708053588867,0.0,8.940696716308594e-08,0.9800997,1.0,0.8854742,7.9500656,8.016645,7.904561,7.984302,7.6536,7.7403316,7.576316,7.680275,0.0,0.30402708053588867,0.08200788497924805,0.1039590835571289,0.009665966033935547
02::97,test,official_test,02,5255b,3.6,91.8,False,7.9690833,8.499397,0.03354025,0.026693344,0.05892377429538303,0.095286846,0.07588005,0.17677132288614908,0.40148687,0.3832798,0.2946188714769152,entry,entry,True,0.38327980041503906,0.38327980041503906,0.0,4.544854164123535e-07,0.9871098,1.0,0.4864263,7.9690833,8.009185,8.083491,8.1161175,8.388492,8.423517,8.472704,8.499397,0.0,0.38327980041503906,0.05128669738769531,0.07588005065917969,0.04446077346801758
02::99,test,official_test,02,5255b,3.6,86.4,False,7.7016587,8.02103,0.06661272,0.065490246,0.07097148895263672,0.0018515587,0.0024929047,0.07097148895263672,0.25090742,0.24871683,0.1774287223815918,entry,entry,True,0.2487168312072754,0.0654902458190918,0.0,9.685754776000977e-08,0.98333764,1.0,0.9822541,7.7016587,7.768764,7.702239,7.7723136,7.954127,8.0185375,7.95554,8.02103,0.1832265853881836,0.2487168312072754,0.03399157524108887,0.0654902458190918,0.0026717185974121094
02::100,test,official_test,02,5255b,3.6,70.2,False,6.6138167,6.464581,0.3565444,0.39752293,-0.04974524180094401,0.046470325,0.08848095,-0.04974524180094401,-0.55225044,-0.51460314,-0.04974524180094401,entry,entry,True,0.5146031379699707,0.3975229263305664,0.0,1.7881393432617188e-07,0.98557884,1.0,0.93016875,6.6138167,6.954833,6.643727,6.979184,6.0493693,6.3761,6.067058,6.464581,0.1170802116394043,0.5146031379699707,0.24300193786621094,0.3975229263305664,0.1206364631652832
02::108,test,official_test,02,5255b,3.6,97.2,False,8.500359,8.494601,0.022111097,0.02406025,-0.001919110616048177,0.01584641,0.014712334,-0.001919110616048177,-0.04371484,-0.0454731,-0.001919110616048177,entry,entry,True,0.04547309875488281,0.014712333679199219,0.0,3.650784492492676e-07,0.25248748,0.5,0.9179002,8.500359,8.520347,8.517165,8.540074,8.458228,8.479889,8.470541,8.494601,0.030760765075683594,0.04547309875488281,0.01938629150390625,0.02406024932861328,0.0009431838989257812
03::4,test,official_test,03,107b,3.0,76.5,False,8.470524,8.436694,0.050688583,0.04702854,-0.011276563008626301,0.0043500266,-0.033462524,-0.015035417344835069,-0.0888683,-0.0923996,-0.0075177086724175345,entry,entry,True,0.09239959716796875,0.047028541564941406,0.0,1.1920928955078125e-07,0.49313283,0.5,0.6881537,8.470524,8.530062,8.517876,8.529094,8.390376,8.470157,8.389666,8.436694,0.045371055603027344,0.09239959716796875,0.04024553298950195,0.047028541564941406,0.04500389099121094
03::5,test,official_test,03,407c,3.2,80.0,False,7.5099406,8.028792,-0.04270975,-0.03334427,0.05765019522772895,0.29532108,0.3113122,0.17295058568318683,0.26624045,0.26835108,0.28825097613864475,flight,flight,True,0.311312198638916,0.26835107803344727,0.0,1.6391277313232422e-07,0.9119746,0.5,0.9959807,7.5099406,7.4633946,7.7948,7.7604413,7.7795997,7.71748,8.062137,8.028792,0.04296112060546875,0.311312198638916,0.1508476734161377,0.26835107803344727,0.02746725082397461
03::8,test,official_test,03,6245d,3.6,97.2,False,8.434873,8.636218,0.085156284,0.07605171,0.06711514790852864,0.025065264,0.012635231,0.06711514790852864,0.0911239,0.088952065,0.06711514790852864,entry,entry,True,0.08895206451416016,0.08895206451416016,0.0,1.6391277313232422e-07,0.97134656,0.5,0.800571,8.434873,8.525275,8.46851,8.547266,8.52431,8.623583,8.560166,8.636218,0.0,0.08895206451416016,0.04434347152709961,0.07605171203613281,0.023706436157226562
03::10,test,official_test,03,5255b,3.6,91.8,False,8.496412,8.41768,-0.0482351,-0.042051315,-0.008748054504394531,0.003551801,0.0092868805,-0.043740272521972656,-0.034049194,-0.03398323,-0.026244163513183594,takeoff,takeoff,True,0.04205131530761719,0.04205131530761719,0.0,2.2351741790771484e-07,0.7890511,0.5,0.860122,8.496412,8.441988,8.494224,8.451663,8.462292,8.408393,8.459731,8.41768,0.0,0.04205131530761719,0.021635055541992188,0.03398323059082031,0.011984825134277344
03::13,test,official_test,03,407c,3.2,91.2,False,7.8277626,7.757561,0.025743166,0.029490948,-0.007800155215793185,-0.011813243,-0.022120953,-0.03900077607896593,-0.08413132,-0.095486164,-0.023400465647379555,entry,entry,True,0.09548616409301758,0.022120952606201172,0.0,3.725290298461914e-08,0.43881088,0.5,0.92031866,7.8277626,7.8504834,7.8269825,7.8530474,7.7557116,7.779682,7.7280703,7.757561,0.0733652114868164,0.09548616409301758,0.025805950164794922,0.029490947723388672,0.017914772033691406
03::15,test,official_test,03,109c,3.7,88.8,False,7.7981577,7.79325,-0.05621608,-0.06808567,-0.0021811591254340275,0.034442823,0.047132492,-0.0016358693440755208,0.01686565,0.03693819,-0.0010905795627170138,takeoff,takeoff,True,0.0680856704711914,0.0680856704711914,0.0,1.1175870895385742e-07,0.5862217,0.5,0.24405184,7.7981577,7.7469707,7.8130703,7.756312,7.7881103,7.7461176,7.8613358,7.79325,0.0,0.0680856704711914,0.04203534126281738,0.04713249206542969,0.020892620086669922
03::18,test,official_test,03,109c,3.7,83.25,False,7.55875,7.6551876,0.062783875,0.18128204,0.032145818074544266,0.13810961,0.26675892,0.032145818074544266,-0.10445603,0.029908657,0.032145818074544266,flight,flight,True,0.26675891876220703,0.26675891876220703,0.0,5.21540641784668e-08,0.9924857,1.0,-0.11433246,7.55875,7.5299506,7.595125,7.625279,7.346844,7.3884287,7.4739056,7.6551876,0.0,0.26675891876220703,0.10559535026550293,0.18128204345703125,0.3815121650695801
03::20,test,official_test,03,109c,3.7,92.5,False,8.491501,8.473798,-0.068219185,-0.052191734,-0.007868025037977431,-0.11916447,-0.010406494,-0.005901018778483072,0.1696806,0.27513218,-0.0039340125189887155,entry,entry,True,0.2751321792602539,0.2751321792602539,0.0,2.905726432800293e-07,0.89921904,0.0,0.89245903,8.491501,8.408922,8.265246,8.198666,8.557398,8.484204,8.52599,8.473798,0.0,0.2751321792602539,0.03129911422729492,0.052191734313964844,0.23023700714111328
03::23,test,official_test,03,407c,3.2,86.4,False,8.717169,8.9029665,-0.0083607035,-0.0025758743,0.020644187927246094,0.030442396,0.035554886,0.06193256378173828,0.163716,0.16410828,0.10322093963623047,entry,entry,True,0.1641082763671875,0.03555488586425781,0.0,3.3527612686157227e-07,0.9543159,1.0,0.98324245,8.717169,8.703668,8.743143,8.738858,8.881137,8.867412,8.905542,8.9029665,0.1285533905029297,0.1641082763671875,0.019065380096435547,0.03555488586425781,0.011289596557617188
03::31,test,official_test,03,109c,3.7,83.25,False,8.376014,8.197631,-0.05606405,0.13539028,-0.0792812771267361,0.28027615,0.5173907,-0.05946095784505208,-0.40259495,-0.10424042,-0.03964063856336805,entry,flight,False,0.10424041748046875,0.5173907279968262,0.0,1.1920928955078125e-07,0.8445175,1.0,0.62156814,8.376014,8.1430025,8.433682,8.301871,7.6895714,7.68024,8.062241,8.197631,-0.4131503105163574,0.10424041748046875,0.32639050483703613,0.5173907279968262,0.7269234657287598
03::37,test,official_test,03,307c,3.4,92.4,False,8.616607,8.894066,0.044929188,0.045944214,0.06165758768717448,0.05150525,0.050253868,0.12331517537434895,0.18102472,0.17668152,0.09248638153076172,entry,entry,True,0.1766815185546875,0.050253868103027344,0.0,4.470348358154297e-07,0.73373395,0.5,-0.8101449,8.616607,8.659604,8.668447,8.717384,8.801058,8.843812,8.848122,8.894066,0.12642765045166016,0.1766815185546875,0.04809904098510742,0.050253868103027344,0.0045795440673828125
03::46,test,official_test,03,109c,3.7,98.05,False,8.043083,7.9161077,-0.07939919,-0.057402134,-0.04232517878214518,0.3382956,0.36857033,-0.056433571709526904,-0.38587198,-0.31385183,-0.028216785854763452,entry,flight,False,0.31385183334350586,0.31385183334350586,0.0,6.705522537231445e-08,0.78484833,1.0,0.80305946,8.043083,7.897648,8.307065,8.2299595,7.541152,7.5475373,7.97351,7.9161077,0.0,0.31385183334350586,0.21298623085021973,0.36857032775878906,0.12429189682006836
03::51,test,official_test,03,307c,3.4,56.1,False,8.833558,8.880209,-0.06787872,-0.07465935,0.010366863674587673,-0.005408764,-0.010397911,0.020733727349175345,0.11993837,0.123244286,0.01555029551188151,entry,entry,True,0.1232442855834961,0.1232442855834961,0.0,9.685754776000977e-08,0.9575852,1.0,0.7658717,8.833558,8.772212,8.8328905,8.756965,8.949943,8.890607,8.954868,8.880209,0.0,0.1232442855834961,0.042528629302978516,0.07465934753417969,0.008463859558105469
03::66,test,official_test,03,5255b,3.6,91.8,False,8.010146,7.659377,-0.0050489902,-0.012918949,-0.07794867621527778,-0.05780244,-0.07663345,-0.15589735243055555,-0.2879176,-0.30906677,-0.11692301432291666,entry,entry,True,0.3090667724609375,0.07663345336914062,0.0,1.043081283569336e-07,0.4799812,0.5,0.62521183,8.010146,8.011233,7.969441,7.968444,7.741644,7.7360106,7.672296,7.659377,0.23243331909179688,0.3090667724609375,0.044776201248168945,0.07663345336914062,0.04785013198852539
03::70,test,official_test,03,307c,3.4,90.75,False,8.824998,8.783412,0.03955857,0.037302017,-0.00924131605360243,0.010252635,0.00789547,-0.01848263210720486,-0.09139713,-0.09409237,-0.013861974080403645,entry,entry,True,0.09409236907958984,0.03730201721191406,0.0,1.6391277313232422e-07,0.29636693,0.5,-0.7470223,8.824998,8.8670845,8.837879,8.877504,8.7365675,8.7755165,8.74611,8.783412,0.05679035186767578,0.09409236907958984,0.022598743438720703,0.03730201721191406,0.0073089599609375
03::71,test,official_test,03,5255b,3.6,102.6,False,8.6045885,8.687619,-0.0051981607,0.00042533875,0.009225633409288194,-0.0053073564,0.0017786026,0.046128167046440974,0.09353622,0.09484291,0.027676900227864582,entry,entry,True,0.09484291076660156,0.0017786026000976562,0.0,2.980232238769531e-07,0.93517005,1.0,-0.8200425,8.6045885,8.593531,8.591959,8.592776,8.696582,8.685841,8.687194,8.687619,0.0930643081665039,0.09484291076660156,0.0011019706726074219,0.0017786026000976562,0.014016151428222656
04::6,test,official_test,04,6243d,3.2,67.2,False,7.0440626,7.3151426,-0.12329062,-0.13469553,0.030120001898871526,0.09139601,0.08837414,0.09036000569661458,0.3029746,0.3248291,0.15060000949435765,entry,entry,True,0.3248291015625,0.3248291015625,0.0,8.940696716308594e-08,0.91734236,0.5,0.89320135,7.0440626,6.930472,7.1367755,6.9903135,7.3234777,7.2267685,7.449838,7.3151426,0.0,0.3248291015625,0.11153483390808105,0.13469552993774414,0.007427692413330078
04::7,test,official_test,04,107b,3.0,72.0,False,7.35799,7.7962875,0.053606033,0.051610947,0.09739949968126084,0.05498743,0.042704105,0.19479899936252168,0.32970428,0.31146908,0.14609924952189127,entry,entry,True,0.31146907806396484,0.042704105377197266,0.0,1.7136335372924805e-07,0.54312915,0.5,0.2645809,7.35799,7.4106555,7.422325,7.4848185,7.702994,7.7535834,7.7446766,7.7962875,0.2687649726867676,0.31146907806396484,0.04715752601623535,0.05161094665527344,0.03251361846923828
04::8,test,official_test,04,405b,2.8,51.6,False,6.8616505,7.077795,-0.034379244,-0.03668642,0.02401606241861979,0.15667582,0.14725113,0.07204818725585938,0.09384799,0.103354454,0.12008031209309897,flight,flight,True,0.14725112915039062,0.03668642044067383,0.0,2.0116567611694336e-07,0.8604432,1.0,0.8286176,6.8616505,6.8374243,7.035597,6.9744406,6.953838,6.930544,7.1144814,7.077795,0.1105647087097168,0.14725112915039062,0.07002043724060059,0.10335445404052734,0.0022253990173339844
04::9,test,official_test,04,5253b,3.2,67.2,False,6.3632174,6.574662,0.1214753,0.15459442,0.0469877454969618,0.2693728,0.34175825,0.0469877454969618,-0.17940323,-0.12771368,0.11746936374240452,flight,flight,True,0.34175825119018555,0.12771368026733398,0.0,2.086162567138672e-07,0.874748,0.5,0.9259308,6.3632174,6.460118,6.568749,6.702376,6.140669,6.232904,6.420068,6.574662,0.21404457092285156,0.34175825119018555,0.14115405082702637,0.15459442138671875,0.1571941375732422
04::16,test,official_test,04,107b,3.0,72.0,False,6.9814563,7.2990446,0.051084757,0.04956627,0.07057518429226345,0.17611241,0.19166183,0.1411503685845269,0.09039116,0.11518192,0.10586277643839517,flight,flight,True,0.19166183471679688,0.19166183471679688,0.0,0.0,0.8288081,0.5,-0.14890538,6.9814563,7.034773,7.1427326,7.1838627,7.04777,7.107383,7.2494783,7.2990446,0.0,0.19166183471679688,0.08237409591674805,0.11518192291259766,0.03882169723510742
04::34,test,official_test,04,5253b,3.2,72.0,False,6.933435,7.0345516,-0.056153934,-0.05376339,0.022470368279351127,0.21615036,0.24492645,0.04494073655870225,-0.058879774,-0.036130905,0.03370555241902669,flight,flight,True,0.24492645263671875,0.03613090515136719,0.0,1.2665987014770508e-07,0.07154583,1.0,0.7556412,6.933435,6.8789854,7.124904,7.0706825,6.8559012,6.789625,7.088315,7.0345516,0.20879554748535156,0.24492645263671875,0.044947147369384766,0.053763389587402344,0.05391550064086914
04::36,test,official_test,04,407c,3.2,73.6,False,6.891141,7.1383224,-0.10757438,-0.09837723,0.027464601728651256,0.3046609,0.33460903,0.08239380518595377,0.05009492,0.06865454,0.1373230086432563,flight,flight,True,0.3346090316772461,0.06865453720092773,0.0,4.470348358154297e-08,0.8653495,1.0,0.86823446,6.891141,6.7770033,7.1684875,7.069668,6.92531,6.8037133,7.2366996,7.1383224,0.26595449447631836,0.3346090316772461,0.08351588249206543,0.09837722778320312,0.057704925537109375
04::40,test,official_test,04,626c,3.3,67.65,False,7.7835608,7.59642,-0.016077122,-0.023953915,-0.041586875915527344,-0.027047476,-0.032238483,-0.08317375183105469,-0.14401634,-0.14467144,-0.062380313873291016,entry,entry,True,0.14467144012451172,0.03223848342895508,0.0,1.1920928955078125e-07,0.54366475,0.5,0.98209983,7.7835608,7.7742977,7.7606416,7.7410913,7.639137,7.6286583,7.6203737,7.59642,0.11243295669555664,0.14467144012451172,0.02809619903564453,0.03223848342895508,0.013722896575927734
04::47,test,official_test,04,407c,3.2,40.0,False,4.0821548,4.0893445,6.254514e-05,0.0029540062,0.0007988611857096354,0.16396315,-0.033885002,0.0023965835571289062,-0.15683596,-0.36087847,0.003994305928548178,flight,entry,False,0.03388500213623047,0.0029540061950683594,0.0,5.960464477539063e-08,0.06757921,0.0,0.68930185,4.0821548,4.0772333,4.4418736,4.450223,4.127269,4.1232295,4.0863905,4.0893445,0.03093099594116211,0.03388500213623047,0.1819162368774414,0.36087846755981445,0.3989992141723633
04::50,test,official_test,04,207c,3.3,47.85,False,3.862314,4.2263484,0.0013772646,0.0018405914,0.04044826825459798,-0.00357004,0.017080784,0.12134480476379395,0.36622718,0.38549995,0.20224134127298993,entry,entry,True,0.3854999542236328,0.0018405914306640625,0.0,1.7881393432617188e-07,0.98241055,1.0,-0.78057146,3.862314,3.8646562,3.8395214,3.8408484,4.2106967,4.2092676,4.224508,4.2263484,0.38365936279296875,0.3854999542236328,0.009460687637329102,0.01708078384399414,0.04038691520690918
04::55,test,official_test,04,407c,3.2,48.0,False,5.313787,5.1830297,-0.076914154,-0.07636452,-0.014528592427571613,0.08188716,0.1239624,-0.043585777282714844,-0.13573034,-0.110471725,-0.07264296213785808,entry,flight,False,0.11047172546386719,0.12396240234375,0.0,1.1920928955078125e-07,0.9551139,0.0,0.8559035,5.313787,5.2340264,5.351302,5.2935014,5.1505013,5.0590672,5.259394,5.1830297,-0.013490676879882812,0.11047172546386719,0.10016345977783203,0.12396240234375,0.06788349151611328
04::59,test,official_test,04,5253b,3.2,67.2,False,6.822476,6.6393046,-0.23919852,-0.24267578,-0.04070472717285156,0.11129228,0.10692835,-0.08140945434570312,-0.055265028,-0.05870104,-0.061057090759277344,takeoff,takeoff,True,0.24267578125,0.24267578125,0.0,2.2351741790771484e-08,0.5668084,0.5,0.8942448,6.822476,6.5742064,6.925584,6.6980057,6.7580986,6.5323763,6.8819804,6.6393046,0.0,0.24267578125,0.08281469345092773,0.10692834854125977,0.011277198791503906
04::60,test,official_test,04,6243d,3.2,72.0,False,6.934511,7.477019,0.20377493,0.2187376,0.12055725521511501,-0.039726973,0.005027294,0.12055725521511501,0.3784597,0.40657377,0.30139313803778756,entry,entry,True,0.4065737724304199,0.21873760223388672,0.0,1.9371509552001953e-07,0.95031106,1.0,-0.1601889,6.934511,7.121889,6.8485956,7.070445,7.2834225,7.4719915,7.258281,7.477019,0.1878361701965332,0.4065737724304199,0.11188244819641113,0.21873760223388672,0.08783102035522461
04::63,test,official_test,04,626c,3.3,46.2,False,4.5142016,4.7457886,0.04227082,0.032234192,0.05146376291910807,0.039030235,0.026396275,0.05146376291910807,0.15028588,0.10781431,0.1286594072977702,entry,entry,True,0.10781431198120117,0.10781431198120117,0.0,2.384185791015625e-07,0.88055557,0.5,-0.91410625,4.5142016,4.547987,4.5473437,4.6379743,4.688437,4.7193923,4.7135544,4.7457886,0.0,0.10781431198120117,0.02931523323059082,0.03223419189453125,0.06514215469360352
04::66,test,official_test,04,207c,3.3,39.6,False,5.1000714,4.7055874,-0.013497512,-0.024795055,-0.08766312069363064,-0.11238185,-0.08108091,-0.17532624138726127,-0.26860467,-0.21041155,-0.13149468104044595,entry,entry,True,0.21041154861450195,0.08108091354370117,0.0,2.384185791015625e-07,0.40258545,0.5,0.85887456,5.1000714,5.1022863,4.9608035,4.915999,4.7776885,4.7866683,4.7303824,4.7055874,0.12933063507080078,0.21041154861450195,0.052937984466552734,0.08108091354370117,0.07819652557373047
04::67,test,official_test,04,407c,3.2,57.6,False,6.621033,6.5738406,-0.0779442,-0.11147213,-0.010487238566080729,0.058137733,0.018196583,-0.020974477132161457,-0.027386108,-0.03900242,-0.015730857849121094,takeoff,takeoff,True,0.11147212982177734,0.018196582794189453,0.0,1.7881393432617188e-07,-0.16829114,0.0,0.8975368,6.621033,6.573525,6.71602,6.612843,6.6021714,6.555644,6.6853127,6.5738406,0.09327554702758789,0.11147212982177734,0.02859950065612793,0.039002418518066406,0.08508539199829102
04::68,test,official_test,04,207c,3.3,62.7,False,5.9234633,5.584277,-0.009398222,-0.023410797,-0.07537470923529731,0.09045577,0.10266113,-0.15074941847059461,-0.42024374,-0.40215206,-0.11306206385294595,entry,entry,True,0.40215206146240234,0.1026611328125,0.0,0.0,0.9966543,1.0,0.9951184,5.9234633,5.9267282,6.0003643,5.986429,5.4837785,5.481616,5.607688,5.584277,0.29949092864990234,0.40215206146240234,0.06303596496582031,0.1026611328125,0.016284465789794922
04::69,test,official_test,04,405b,2.8,64.4,False,7.1390257,7.0080767,0.036091488,0.040812492,-0.029099782307942707,0.06911603,0.076746464,-0.058199564615885414,-0.23615654,-0.23211813,-0.04364967346191406,entry,entry,True,0.2321181297302246,0.2321181297302246,0.0,1.4901161193847656e-07,0.99585676,1.0,-0.026218256,7.1390257,7.1697187,7.199834,7.240195,6.8981533,6.93133,6.967264,7.0080767,0.0,0.2321181297302246,0.05877947807312012,0.07674646377563477,0.016389846801757812
04::70,test,official_test,04,6243d,3.2,52.8,False,5.2223086,4.565633,0.19541931,0.10551119,-0.2188919385274251,0.46366382,0.25611734,-0.2188919385274251,-1.315759,-1.655725,-0.2188919385274251,entry,entry,True,1.6557250022888184,0.10551118850708008,0.0,5.960464477539063e-08,0.98368096,1.0,0.95318544,5.2223086,5.5140586,5.8999414,6.221358,4.2529383,4.3095155,4.4601216,4.565633,1.5502138137817383,1.6557250022888184,0.18081426620483398,0.2561173439025879,0.637420654296875
04::74,test,official_test,04,407c,3.2,78.4,False,8.296651,8.055848,-0.001303037,0.0015544891,-0.026755862765842013,-0.052601654,-0.056666374,-0.13377931382921007,-0.18689807,-0.19353867,-0.08026758829752603,entry,entry,True,0.19353866577148438,0.05666637420654297,0.0,4.6938657760620117e-07,0.31090167,0.5,0.61694884,8.296651,8.2923765,8.248,8.249387,8.11628,8.1125145,8.054294,8.055848,0.1368722915649414,0.19353866577148438,0.029110431671142578,0.05666637420654297,0.007847785949707031
04::78,test,official_test,04,207c,3.3,24.75,False,4.2522607,3.6636739,-0.0060144267,0.008368015,-0.13079706827799478,0.015958825,-0.006095648,-0.26159413655598956,-0.5985312,-0.6191797,-0.1961956024169922,entry,entry,True,0.6191797256469727,0.0060956478118896484,0.0,1.1920928955078125e-07,0.99579686,1.0,0.998,4.2522607,4.2337375,4.2921476,4.2828536,3.6762516,3.6697695,3.6553059,3.6636739,0.613084077835083,0.6191797256469727,0.0072318315505981445,0.00836801528930664,0.0283205509185791
04::95,test,official_test,04,407c,3.2,81.6,False,7.6793027,7.9273252,-0.077907406,-0.08588886,0.027558061811659068,0.026708046,0.012203693,0.0826741854349772,0.2992219,0.29347992,0.13779030905829537,entry,entry,True,0.29347991943359375,0.29347991943359375,0.0,1.4156103134155273e-07,0.96335393,1.0,0.9895287,7.6793027,7.6102624,7.7214007,7.6338453,7.9851522,7.9151216,8.013214,7.9273252,0.0,0.29347991943359375,0.04904627799987793,0.08588886260986328,0.028227806091308594
04::98,test,official_test,04,305c,2.7,60.75,False,7.842845,8.372607,0.11675533,0.11385441,0.11772494845920138,0.051884014,0.051199913,0.23544989691840276,0.36112294,0.365098,0.17658742268880206,entry,entry,True,0.3650979995727539,0.3650979995727539,0.0,4.470348358154297e-07,0.24553353,0.5,0.9992864,7.842845,7.9606,7.893512,8.007509,8.1980915,8.321407,8.258753,8.372607,0.0,0.3650979995727539,0.08252716064453125,0.11385440826416016,0.00039005279541015625
04::100,test,official_test,04,407c,3.2,76.8,False,7.3206053,7.7584476,0.00018318494,-0.0027770996,0.04864915211995442,0.22100551,0.22564363,0.14594745635986328,0.21665366,0.2219801,0.24324576059977215,flight,flight,True,0.22564363479614258,0.22564363479614258,0.0,7.450580596923828e-09,0.98462343,0.5,0.14837326,7.3206053,7.3267183,7.5399423,7.5364676,7.534902,7.532804,7.7612247,7.7584476,0.0,0.22564363479614258,0.11237859725952148,0.22198009490966797,0.007004261016845703
04::101,test,official_test,04,407c,3.2,70.4,False,7.544242,7.751843,-0.0817047,-0.10177374,0.023066785600450303,0.14600055,0.12470341,0.0692003568013509,0.14330523,0.14682007,0.11533392800225152,flight,entry,False,0.12470340728759766,0.10177373886108398,0.0,8.940696716308594e-08,0.9603925,1.0,0.98704076,7.544242,7.4840064,7.7129397,7.605023,7.6854324,7.6271396,7.8536167,7.751843,0.022929668426513672,0.12470340728759766,0.12429690361022949,0.146820068359375,0.03785133361816406
04::103,test,official_test,04,305b,3.0,63.8,False,7.0948243,7.1717725,0.059541862,0.065247536,0.01709959242078993,0.06746093,0.088101864,0.03419918484157986,-0.05005463,-0.03222704,0.025649388631184895,flight,flight,True,0.08810186386108398,0.0652475357055664,0.0,2.086162567138672e-07,0.52514255,1.0,0.86912525,7.0948243,7.152349,7.145333,7.2039995,7.0306306,7.0836706,7.106525,7.1717725,0.022854328155517578,0.08810186386108398,0.048737287521362305,0.0652475357055664,0.0441741943359375
04::111,test,official_test,04,107b,3.0,72.0,False,8.218615,8.423146,-0.016191402,0.00084495544,0.0681772232055664,0.34023675,0.44482517,0.09090296427408853,-0.11951367,-0.033421516,0.045451482137044266,flight,flight,True,0.4448251724243164,0.03342151641845703,0.0,2.4586915969848633e-07,0.18075211,0.5,0.883443,8.218615,8.168744,8.43762,8.456568,7.996366,7.978321,8.422301,8.423146,0.4114036560058594,0.4448251724243164,0.017133235931396484,0.03342151641845703,0.2077169418334961
04::113,test,official_test,04,5253b,3.2,67.2,False,6.898389,6.8393884,0.030938545,0.023336887,-0.013111220465766057,0.012497346,0.00786972,-0.026222440931532115,-0.102436386,-0.09160757,-0.019666830698649086,entry,entry,True,0.09160757064819336,0.02333688735961914,0.0,2.9802322387695312e-08,0.69764036,0.5,0.96274626,6.898389,6.9391375,6.917722,6.930996,6.787332,6.8315187,6.8160515,6.8393884,0.06827068328857422,0.09160757064819336,0.015603303909301758,0.02333688735961914,0.0014004707336425781
04::114,test,official_test,04,5253b,3.2,67.2,False,8.339047,8.279693,-0.029025078,-0.02713871,-0.019784927368164062,0.23680735,0.22974491,-0.026379903157552082,-0.26713705,-0.27770996,-0.013189951578776041,entry,entry,True,0.2777099609375,0.027138710021972656,0.0,2.3096799850463867e-07,0.86251825,0.5,0.8435104,8.339047,8.310077,8.584858,8.557403,8.084424,8.049948,8.306831,8.279693,0.25057125091552734,0.2777099609375,0.12844181060791016,0.22974491119384766,0.015748977661132812
04::117,test,official_test,04,5253b,3.2,43.2,False,5.236981,4.9438033,0.041941404,0.021811485,-0.03257528940836588,0.22000313,0.1615305,-0.09772586822509766,-0.55512214,-0.6595378,-0.16287644704182944,entry,entry,True,0.6595377922058105,0.6595377922058105,0.0,5.960464477539063e-08,0.9879677,1.0,0.98889637,5.236981,5.274241,5.4906454,5.603341,4.761463,4.782273,4.921992,4.9438033,0.0,0.6595377922058105,0.09167098999023438,0.1615304946899414,0.18301820755004883
04::126,test,official_test,04,5253b,3.2,72.0,False,8.084088,7.8413744,-0.05811898,-0.05898428,-0.053936428493923605,0.067340456,-0.010047913,-0.10787285698784721,-0.2519354,-0.33339882,-0.08090464274088541,entry,entry,True,0.33339881896972656,0.33339881896972656,0.0,6.705522537231445e-08,0.88342166,1.0,0.9167607,8.084088,8.027771,8.2297535,8.174773,7.9145527,7.8514223,7.9003587,7.8413744,0.0,0.33339881896972656,0.034516096115112305,0.05898427963256836,0.15971708297729492
04::129,test,official_test,04,5253b,3.2,48.0,False,5.49495,5.399427,-0.070340395,-0.06356859,-0.010613653394911023,0.29752445,0.26796627,-0.03184096018473307,-0.32270694,-0.3418064,-0.05306826697455513,entry,entry,True,0.34180641174316406,0.0635685920715332,0.0,0.0,0.98719746,1.0,0.9836043,5.49495,5.4368668,5.8410616,5.7412333,5.2103715,5.1314607,5.4629955,5.399427,0.27823781967163086,0.34180641174316406,0.16576743125915527,0.26796627044677734,0.0418858528137207
05::4,test,official_test,05,107b,3.0,70.5,False,7.439941,7.493666,0.10512439,0.10821676,0.017908414204915363,0.089390434,0.12175083,0.017908414204915363,-0.14078958,-0.12488985,0.017908414204915363,entry,entry,True,0.12488985061645508,0.1217508316040039,0.0,2.086162567138672e-07,0.8644695,0.5,0.8346503,7.439941,7.552025,7.507023,7.618556,7.2933035,7.3719153,7.3854494,7.493666,0.003139019012451172,0.12488985061645508,0.11498379707336426,0.1217508316040039,0.051352500915527344
05::7,test,official_test,05,107b,3.0,58.5,False,6.2450366,6.151069,0.020415625,0.06188488,-0.031322479248046875,0.15947898,0.2091837,-0.031322479248046875,-0.27386203,-0.3106885,-0.031322479248046875,entry,entry,True,0.31068849563598633,0.2091836929321289,0.0,1.4901161193847656e-07,0.98398954,1.0,0.8593688,6.2450366,6.200508,6.331336,6.4617577,5.984526,5.9418855,6.0891843,6.151069,0.10150480270385742,0.31068849563598633,0.13553428649902344,0.2091836929321289,0.05434751510620117
05::13,test,official_test,05,107b,3.0,69.0,False,7.9507933,7.6322,0.06151271,0.045646667,-0.10619783401489258,-0.02687502,-0.03805399,-0.10619783401489258,-0.3532312,-0.36312008,-0.10619783401489258,entry,entry,True,0.36312007904052734,0.03805398941040039,0.0,1.341104507446289e-07,0.57196003,0.5,0.07446999,7.9507933,8.029553,7.9364786,7.99532,7.6088324,7.6702538,7.586553,7.6322,0.32506608963012695,0.36312007904052734,0.04185032844543457,0.04564666748046875,0.03693389892578125
05::14,test,official_test,05,107b,3.0,73.5,False,8.436113,8.255006,-0.067939915,-0.093746185,-0.06036917368570963,0.019142946,-0.004705429,-0.06036917368570963,-0.13231055,-0.15724277,-0.06036917368570963,entry,entry,True,0.1572427749633789,0.1572427749633789,0.0,2.3096799850463867e-07,0.8502688,0.5,-0.72426146,8.436113,8.389073,8.474198,8.412249,8.323829,8.259711,8.348752,8.255006,0.0,0.1572427749633789,0.049225807189941406,0.09374618530273438,0.07458686828613281
05::16,test,official_test,05,405b,2.8,58.8,False,7.255696,7.4284825,-0.07414905,-0.08537722,0.01919852362738715,0.17513616,0.15865088,0.057595570882161454,0.0717996,0.06661415,0.09599261813693577,flight,flight,True,0.15865087509155273,0.15865087509155273,0.0,5.21540641784668e-08,0.96311843,1.0,0.45624557,7.255696,7.194451,7.448993,7.3618684,7.334357,7.2698317,7.5138597,7.4284825,0.0,0.15865087509155273,0.07599568367004395,0.08537721633911133,0.032898902893066406
05::18,test,official_test,05,107b,3.0,73.5,False,8.3162985,8.196731,0.000112215675,-0.009036064,-0.03985595703125,-0.010096868,-0.013773918,-0.03985595703125,-0.10958322,-0.10408211,-0.03985595703125,entry,entry,True,0.10408210754394531,0.009036064147949219,0.0,3.3527612686157227e-07,0.612097,0.5,0.32769844,8.3162985,8.32768,8.311999,8.300813,8.203335,8.210505,8.205767,8.196731,0.0950460433959961,0.10408210754394531,0.011404991149902344,0.013773918151855469,0.00732421875
05::21,test,official_test,05,6243d,3.2,72.0,False,6.598806,7.175746,0.06350875,0.06189251,0.12820890214708117,0.040583372,0.045934677,0.12820890214708117,0.47284794,0.4760418,0.3205222553677029,entry,entry,True,0.4760417938232422,0.04593467712402344,0.0,5.960464477539063e-08,0.9775026,1.0,-0.81468093,6.598806,6.6650686,6.6351757,6.699704,7.0695977,7.1298113,7.1138535,7.175746,0.43010711669921875,0.4760417938232422,0.05391359329223633,0.06189250946044922,0.006928920745849609
05::22,test,official_test,05,407c,3.2,67.2,False,7.5089936,7.9378676,0.0056829453,0.0012164116,0.04765266842312283,0.07164788,0.085244656,0.14295800526936847,0.3515432,0.37478685,0.23826334211561415,entry,entry,True,0.3747868537902832,0.0012164115905761719,0.0,1.564621925354004e-07,0.99340063,1.0,0.97829545,7.5089936,7.5167837,7.5646853,7.563081,7.8349338,7.852623,7.936651,7.9378676,0.37357044219970703,0.3747868537902832,0.043230533599853516,0.08524465560913086,0.032373905181884766
05::25,test,official_test,05,205b,2.9,49.3,False,4.88263,4.8067904,0.010051568,0.0055065155,-0.016853226555718314,0.0824612,0.07070875,-0.016853226555718314,-0.16835229,-0.1884222,-0.042133066389295794,entry,entry,True,0.18842220306396484,0.0707087516784668,0.0,1.1920928955078125e-07,0.9626974,1.0,0.986098,4.88263,4.9001336,4.9797506,4.9952126,4.7372546,4.7360816,4.801284,4.8067904,0.11771345138549805,0.18842220306396484,0.03810763359069824,0.0707087516784668,0.03636741638183594
05::26,test,official_test,05,407c,3.2,64.0,False,6.385338,7.1542764,0.024866423,0.019802094,0.17087523142496744,0.21180756,0.21825981,0.17087523142496744,0.53226453,0.5494075,0.42718807856241864,entry,entry,True,0.5494074821472168,0.5494074821472168,0.0,2.9802322387695312e-08,0.9592028,1.0,0.12594804,6.385338,6.4159203,6.591345,6.604869,6.901111,6.9360166,7.1344743,7.1542764,0.0,0.5494074821472168,0.11903095245361328,0.2182598114013672,0.018530845642089844
05::32,test,official_test,05,6243d,3.2,64.0,False,7.9409866,7.929544,0.025557915,0.021520615,-0.0025428136189778643,-0.0364569,-0.058564663,-0.005085627237955729,-0.0005436738,-0.01772499,-0.003814220428466797,flight,flight,True,0.05856466293334961,0.05856466293334961,0.0,1.7136335372924805e-07,-0.10739247,1.0,0.41701308,7.9409866,7.970858,7.9269137,7.947269,7.9579005,7.9881086,7.9080234,7.929544,0.0,0.05856466293334961,0.019622802734375,0.021520614624023438,0.043326377868652344
05::35,test,official_test,05,205b,2.9,75.4,False,8.365084,8.459556,-0.05558316,-0.0462265,0.02099376254611545,0.049494583,0.041527748,0.0419875250922309,0.10056051,0.09296322,0.03149064381917317,entry,entry,True,0.09296321868896484,0.09296321868896484,0.0,4.544854164123535e-07,0.36703673,0.5,0.9893674,8.365084,8.301398,8.4237995,8.366592,8.474496,8.418028,8.505782,8.459556,0.0,0.09296321868896484,0.04387712478637695,0.04622650146484375,0.006207466125488281
05::44,test,official_test,05,205b,2.9,56.55,False,7.170392,7.0472145,-0.082545124,-0.07567358,-0.02737278408474392,0.038465183,0.054887295,-0.05474556816948784,-0.07909759,-0.086884975,-0.04105917612711588,takeoff,entry,False,0.07567358016967773,0.08688497543334961,0.0,7.450580596923828e-09,0.5148091,0.0,0.62265164,7.170392,7.087129,7.198589,7.1340995,7.1052356,6.992327,7.122888,7.0472145,-0.011211395263671875,0.07567358016967773,0.07088613510131836,0.08688497543334961,0.015506267547607422
05::51,test,official_test,05,6243d,3.2,76.8,False,8.35551,8.19076,-0.117966495,-0.10364437,-0.0732222663031684,-0.0014580091,0.017050743,-0.0366111331515842,-0.045325596,-0.046279907,-0.0549166997273763,takeoff,takeoff,True,0.10364437103271484,0.10364437103271484,0.0,3.725290298461914e-08,0.7877688,0.5,-0.7530744,8.35551,8.223737,8.336059,8.23704,8.311654,8.173709,8.294404,8.19076,0.0,0.10364437103271484,0.03166532516479492,0.0462799072265625,0.031876564025878906
05::55,test,official_test,05,207c,3.3,41.25,False,3.2241843,3.4384768,0.0075761876,0.00041389465,0.047620561387803816,-0.026069919,-0.04953146,0.047620561387803816,0.23278625,0.20518637,0.11905140346950956,entry,entry,True,0.2051863670349121,0.04953145980834961,0.0,8.940696716308594e-08,0.98929024,1.0,-0.9880514,3.2241843,3.240228,3.222881,3.2332904,3.4858756,3.4880083,3.438063,3.4384768,0.1556549072265625,0.2051863670349121,0.02497267723083496,0.04953145980834961,0.058223724365234375
05::58,test,official_test,05,6142d,3.1,65.1,False,8.271276,7.651669,-0.064436994,-0.08547783,-0.13769054412841797,-0.04353102,-0.062264442,-0.27538108825683594,-0.5116394,-0.51797915,-0.20653581619262695,entry,entry,True,0.5179791450500488,0.5179791450500488,0.0,5.21540641784668e-08,0.9972263,1.0,1.0,8.271276,8.227711,8.246309,8.169648,7.765807,7.7139335,7.737147,7.651669,0.0,0.5179791450500488,0.07387113571166992,0.08547782897949219,0.04611396789550781
05::66,test,official_test,05,407c,3.2,67.2,False,7.370499,7.5311522,-0.10123476,-0.084695816,0.017850346035427515,0.025583664,0.026318073,0.05355103810628255,0.23630421,0.23955679,0.0892517301771376,entry,entry,True,0.23955678939819336,0.23955678939819336,0.0,5.21540641784668e-08,0.99402696,1.0,0.9605556,7.370499,7.2534676,7.3960905,7.2915955,7.604293,7.504834,7.615848,7.5311522,0.0,0.23955678939819336,0.05550694465637207,0.08469581604003906,0.02052593231201172
05::75,test,official_test,05,205b,2.9,56.55,False,5.3358455,5.8966107,0.017675638,0.04997444,0.124614503648546,0.07857895,0.10813856,0.124614503648546,0.46451068,0.48594332,0.311536259121365,entry,entry,True,0.4859433174133301,0.04997444152832031,0.0,5.960464477539063e-08,0.9934194,1.0,0.9871181,5.3358455,5.3333893,5.397032,5.4106674,5.7910905,5.788472,5.8466363,5.8966107,0.43596887588500977,0.4859433174133301,0.0790565013885498,0.1081385612487793,0.08329105377197266
05::85,test,official_test,05,5253b,3.2,56.0,False,6.3207693,6.495964,-0.018115044,-0.014050007,0.03893216451009114,0.18498564,0.22710514,0.03893216451009114,0.008324146,0.040627956,0.09733041127522787,flight,flight,True,0.22710514068603516,0.014050006866455078,0.0,8.940696716308594e-08,0.7491243,1.0,0.4279548,6.3207693,6.3063307,6.471377,6.455336,6.304531,6.268859,6.510014,6.495964,0.21305513381958008,0.22710514068603516,0.02733898162841797,0.04062795639038086,0.07848834991455078
05::87,test,official_test,05,5253b,3.2,76.8,False,8.43417,8.299982,-0.008928935,-0.013988495,-0.04472923278808594,0.00077517825,-0.003232956,-0.04472923278808594,-0.12603395,-0.12903786,-0.04472923278808594,entry,entry,True,0.12903785705566406,0.013988494873046875,0.0,3.203749656677246e-07,0.7369793,0.5,-0.9748397,8.43417,8.4287815,8.437434,8.42902,8.309621,8.303215,8.313971,8.299982,0.11504936218261719,0.12903785705566406,0.008610725402832031,0.013988494873046875,0.012071609497070312
05::89,test,official_test,05,5253b,3.2,72.0,False,7.127702,7.281541,0.039919216,0.038392067,0.034186363220214844,-0.021372477,0.035286427,0.034186363220214844,0.13529189,0.19129086,0.08546590805053711,entry,entry,True,0.19129085540771484,0.038392066955566406,0.0,5.21540641784668e-08,0.98356944,1.0,0.95267284,7.127702,7.1670885,7.0476108,7.09025,7.204935,7.2462544,7.243149,7.281541,0.15289878845214844,0.19129085540771484,0.03683924674987793,0.038392066955566406,0.1111307144165039
05::90,test,official_test,05,5253b,3.2,84.8,False,8.449037,8.3744335,-0.052574318,-0.0525465,-0.01657846238878038,-0.01598517,-0.015291214,-0.03315692477756076,-0.006043593,-0.0067825317,-0.02486769358317057,takeoff,takeoff,True,0.05254650115966797,0.00678253173828125,0.0,3.3527612686157227e-07,0.41060486,0.0,0.0791945,8.449037,8.396072,8.431995,8.381216,8.44337,8.389725,8.42698,8.3744335,0.04576396942138672,0.05254650115966797,0.011036872863769531,0.015291213989257812,1.71661376953125e-05
06::1,test,official_test,06,107b,3.0,70.5,False,6.6863546,6.766903,0.4459487,0.665822,0.03579923841688368,-0.20401876,-0.033584595,0.026849428812662758,-0.16138165,-0.27129507,0.01789961920844184,takeoff,takeoff,True,0.6658220291137695,0.0335845947265625,0.0,1.7881393432617188e-07,0.5226977,0.0,0.8382442,6.6863546,6.9352865,6.3347583,7.038198,6.657743,6.8004875,6.101081,6.766903,0.632237434387207,0.6658220291137695,0.15243983268737793,0.27129507064819336,0.2803940773010254
06::9,test,official_test,06,107b,3.0,78.0,False,8.106376,7.9620094,-0.018672546,0.11273289,-0.06416278415256076,-0.076968275,0.024951458,-0.04812208811442057,-0.048725445,-0.038863182,-0.03208139207628038,flight,takeoff,False,0.024951457977294922,0.1127328872680664,0.0,5.21540641784668e-08,0.4719582,0.5,-0.07224088,8.106376,7.9855886,7.9567785,8.000873,8.077079,7.937058,7.8492765,7.9620094,-0.08778142929077148,0.024951457977294922,0.07579803466796875,0.1127328872680664,0.24318742752075195
06::12,test,official_test,06,107b,3.0,85.5,False,7.857934,7.572296,-0.24691804,-0.27390766,-0.12695015801323783,0.011018674,-0.0013842583,-0.09521261850992838,-0.049738485,-0.06993008,-0.06347507900661892,takeoff,takeoff,True,0.2739076614379883,0.2739076614379883,0.0,7.450580596923828e-09,0.7721006,1.0,0.4378376,7.857934,7.603562,7.846912,7.642226,7.7939434,7.5736804,7.846204,7.572296,0.0,0.2739076614379883,0.03565716743469238,0.0699300765991211,0.05958414077758789
06::13,test,official_test,06,407c,3.2,72.0,False,7.348009,7.1303225,-0.034762066,-0.032067776,-0.024187405904134113,0.06314882,0.067613125,-0.07256221771240234,-0.24607341,-0.23642349,-0.12093702952067058,entry,entry,True,0.23642349243164062,0.06761312484741211,0.0,0.0,0.9959021,1.0,-0.90822613,7.348009,7.307499,7.40364,7.366746,7.089232,7.0627093,7.16239,7.1303225,0.16881036758422852,0.23642349243164062,0.049840450286865234,0.06761312484741211,0.016808509826660156
06::18,test,official_test,06,5253b,3.2,76.8,False,8.481767,8.479504,0.013703664,0.011666298,-0.0005029042561848958,-0.058896225,-0.061624527,-0.0010058085123697915,0.04292949,0.043358803,-0.0007543563842773438,flight,flight,True,0.06162452697753906,0.043358802795410156,0.0,4.470348358154297e-07,-0.098118514,0.5,0.7230568,8.481767,8.496463,8.424554,8.436145,8.523222,8.541128,8.467837,8.479504,0.018265724182128906,0.06162452697753906,0.027512550354003906,0.043358802795410156,0.004336357116699219
06::19,test,official_test,06,207c,3.3,61.05,False,5.76145,6.0509996,0.11743943,0.16822004,0.032172203063964844,0.2277321,0.32127857,0.09651660919189453,-0.055621702,0.01928854,0.16086101531982422,flight,flight,True,0.32127857208251953,0.16822004318237305,0.0,1.7881393432617188e-07,0.8371397,0.5,0.9892305,5.76145,5.8540335,5.9215603,6.031711,5.6568427,5.729721,5.8827796,6.0509996,0.15305852890014648,0.32127857208251953,0.09375429153442383,0.16822004318237305,0.2192373275756836
06::21,test,official_test,06,6243d,3.2,72.0,False,8.386197,8.485631,0.0021117528,0.001821518,0.022096421983506944,-0.010574977,-0.012219429,0.04419284396701389,0.107897125,0.108490944,0.033144632975260414,entry,entry,True,0.1084909439086914,0.1084909439086914,0.0,1.9371509552001953e-07,0.9426885,1.0,0.027034959,8.386197,8.388084,8.376752,8.37714,8.492986,8.49785,8.483809,8.485631,0.0,0.1084909439086914,0.007020473480224609,0.012219429016113281,0.0013408660888671875
06::22,test,official_test,06,407c,3.2,83.2,False,8.46852,8.188128,0.040861923,0.045482635,-0.06230926513671875,-0.047777336,-0.039852142,-0.1246185302734375,-0.27347627,-0.26424694,-0.09346389770507812,entry,entry,True,0.26424694061279297,0.045482635498046875,0.0,2.8312206268310547e-07,0.9894164,1.0,0.61887324,8.46852,8.506587,8.414643,8.452375,8.18764,8.227981,8.142646,8.188128,0.2187643051147461,0.26424694061279297,0.042667388916015625,0.045482635498046875,0.021775245666503906
06::23,test,official_test,06,207c,3.3,80.85,False,8.116785,8.024962,-0.029889265,-0.02731514,-0.020405027601453993,0.007324537,0.006075859,-0.04081005520290799,-0.06925789,-0.0765152,-0.03060754140218099,entry,entry,True,0.07651519775390625,0.07651519775390625,0.0,3.501772880554199e-07,0.94229704,1.0,0.5281172,8.116785,8.0848465,8.125883,8.101478,8.055309,8.018887,8.052278,8.024962,0.0,0.07651519775390625,0.016695499420166016,0.027315139770507812,0.005931854248046875
06::24,test,official_test,06,407c,3.2,84.8,False,8.4723425,8.433261,0.030097166,0.027751923,-0.008684794108072916,0.015822569,0.022015572,-0.017369588216145832,-0.08500131,-0.086380005,-0.013027191162109375,entry,entry,True,0.0863800048828125,0.02201557159423828,0.0,4.5821070671081543e-07,0.97045654,1.0,0.8112286,8.4723425,8.503051,8.480238,8.519641,8.386986,8.411245,8.405509,8.433261,0.06436443328857422,0.0863800048828125,0.024883747100830078,0.027751922607421875,0.0024690628051757812
06::28,test,official_test,06,6243d,3.2,76.8,False,7.287142,7.73288,-0.05723524,-0.070337296,0.049526479509141706,0.17346549,0.17952442,0.1485794385274251,0.32950807,0.3560629,0.24763239754570857,entry,entry,True,0.3560628890991211,0.07033729553222656,0.0,5.960464477539063e-08,0.8700752,0.5,0.9870831,7.287142,7.2448864,7.456426,7.376817,7.591973,7.5533557,7.8032174,7.73288,0.28572559356689453,0.3560628890991211,0.12493085861206055,0.17952442169189453,0.019511699676513672
06::30,test,official_test,06,6243d,3.2,62.4,False,6.171098,5.825656,0.15346408,0.1292944,-0.07676495446099176,0.11739802,0.105537415,-0.1535299089219835,-0.6163044,-0.6799259,-0.11514743169148763,entry,entry,True,0.6799259185791016,0.12929439544677734,0.0,2.384185791015625e-07,0.9056575,1.0,0.971426,6.171098,6.3320847,6.2837095,6.505582,5.601768,5.7201185,5.6963615,5.825656,0.5506315231323242,0.6799259185791016,0.1174159049987793,0.12929439544677734,0.09965181350708008
06::31,test,official_test,06,107b,3.0,72.0,False,8.097872,8.132942,0.01176389,0.020921707,0.011690139770507812,0.03247579,0.024175644,0.011690139770507812,-0.009169261,0.008936882,0.011690139770507812,flight,flight,True,0.024175643920898438,0.008936882019042969,0.0,8.195638656616211e-08,0.58342487,0.5,0.41751143,8.097872,8.101117,8.139287,8.124005,8.071236,8.108767,8.1120205,8.132942,0.015238761901855469,0.024175643920898438,0.01492929458618164,0.020921707153320312,0.01896381378173828
06::34,test,official_test,06,6243d,3.2,83.2,False,8.591146,8.567464,-0.05624755,-0.050751686,-0.007894198099772135,-0.0058821044,-0.0026903152,-0.007894198099772135,0.038447063,0.04201603,-0.007894198099772135,takeoff,takeoff,True,0.050751686096191406,0.0026903152465820312,0.0,3.948807716369629e-07,0.8705832,1.0,-0.17698403,8.591146,8.52972,8.58239,8.525448,8.626342,8.570154,8.618216,8.567464,0.048061370849609375,0.050751686096191406,0.022353172302246094,0.042016029357910156,0.012256622314453125
06::43,test,official_test,06,407c,3.2,78.4,False,8.085975,8.133644,0.003475666,0.00587368,0.005296601189507378,0.0025663376,0.008228302,0.015889803568522133,0.041627407,0.044643402,0.026483005947536893,entry,entry,True,0.044643402099609375,0.044643402099609375,0.0,2.905726432800293e-07,0.58861536,0.5,0.9721019,8.085975,8.087721,8.083548,8.089001,8.125255,8.125416,8.12777,8.133644,0.0,0.044643402099609375,0.007050991058349609,0.008228302001953125,0.011075973510742188
06::46,test,official_test,06,207c,3.3,57.75,False,4.4481945,4.5455008,0.023924112,0.02677393,0.021623611450195312,-0.033041,0.008815765,0.021623611450195312,0.10642314,0.1662755,0.05405902862548828,entry,entry,True,0.1662755012512207,0.008815765380859375,0.0,5.960464477539063e-08,0.8761403,1.0,0.9339586,4.4481945,4.4705796,4.3746076,4.3792253,4.496076,4.536685,4.518727,4.5455008,0.15745973587036133,0.1662755012512207,0.01779484748840332,0.026773929595947266,0.10455894470214844
06::47,test,official_test,06,626c,3.3,66.0,False,7.9612,7.116806,0.09593829,0.09039259,-0.18764315711127386,0.015108188,-0.011692524,-0.3752863142225477,-0.9554407,-0.96691895,-0.28146473566691077,entry,entry,True,0.9669189453125,0.9669189453125,0.0,8.940696716308594e-08,0.558508,0.5,0.42939332,7.9612,8.060917,8.001342,8.083725,7.0154705,7.1284986,7.0264134,7.116806,0.0,0.9669189453125,0.05104255676269531,0.0903925895690918,0.04382467269897461
06::48,test,official_test,06,207c,3.3,79.2,False,7.9675307,7.807552,0.07296673,0.069621086,-0.035550859239366316,0.013765256,0.0050435066,-0.07110171847873263,-0.24671085,-0.25622034,-0.05332628885904948,entry,entry,True,0.25622034072875977,0.25622034072875977,0.0,1.1920928955078125e-07,0.6423866,0.5,0.9654931,7.9675307,8.041256,7.9874306,8.063772,7.727742,7.8025084,7.737931,7.807552,0.0,0.25622034072875977,0.03733229637145996,0.06962108612060547,0.021576881408691406
06::55,test,official_test,06,5253b,3.2,73.6,False,8.352348,8.267672,0.005815665,0.004392624,-0.009408526950412326,0.03730647,0.02948761,-0.047042634752061635,-0.12779887,-0.13095188,-0.028225580851236977,entry,entry,True,0.1309518814086914,0.02948760986328125,0.0,1.2665987014770508e-07,0.26741517,0.5,-0.9648708,8.352348,8.358979,8.396866,8.398623,8.227095,8.238184,8.263279,8.267672,0.10146427154541016,0.1309518814086914,0.01694011688232422,0.02948760986328125,0.012394905090332031
06::57,test,official_test,06,5253b,3.2,76.8,False,6.5676374,6.5527735,0.026457071,0.03576708,-0.0033031039767795136,0.13510108,0.117431164,-0.006606207953559027,-0.17642212,-0.19876575,-0.0049546559651692705,entry,entry,True,0.19876575469970703,0.19876575469970703,0.0,2.9802322387695312e-08,0.9101397,0.5,0.9809955,6.5676374,6.586413,6.722037,6.751539,6.4151874,6.4353423,6.5170064,6.5527735,0.0,0.19876575469970703,0.07659912109375,0.1174311637878418,0.03070354461669922
06::58,test,official_test,06,5253b,3.2,81.6,False,8.3458395,8.490803,0.022910437,0.013661385,0.032214058770073786,0.09894594,0.081822395,0.06442811754014757,0.023106894,0.015206337,0.04832108815511067,flight,flight,True,0.08182239532470703,0.08182239532470703,0.0,3.3527612686157227e-07,0.92090505,1.0,0.72032136,8.3458395,8.374099,8.458009,8.475596,8.372947,8.40898,8.477141,8.490803,0.0,0.08182239532470703,0.014433860778808594,0.015206336975097656,0.03427314758300781
06::60,test,official_test,06,5253b,3.2,86.4,False,7.4274406,7.6605015,-0.026997408,-0.026651382,0.025895648532443576,0.13453643,0.14000368,0.07768694559733072,0.12552182,0.12991858,0.12947824266221789,flight,flight,True,0.14000368118286133,0.026651382446289062,0.0,7.450580596923828e-09,0.78049594,0.5,0.9154425,7.4274406,7.4007072,7.55712,7.530583,7.5491757,7.520498,7.687153,7.6605015,0.11335229873657227,0.14000368118286133,0.07828497886657715,0.12991857528686523,0.010210037231445312
07::7,test,official_test,07,101b,1.5,30.0,False,7.992702,5.830108,0.008386214,0.0043730736,-0.48057640923394096,-0.08545796,-0.14150763,-0.9611528184678819,-2.0855222,-2.1634421,-0.7208646138509114,entry,entry,True,2.1634421348571777,2.1634421348571777,0.0,2.9802322387695312e-08,0.84212244,0.5,0.99999315,7.992702,8.008875,7.9670672,7.9935503,5.9888735,5.971616,5.825735,5.830108,0.0,2.1634421348571777,0.07294034957885742,0.14150762557983398,0.13798284530639648
07::8,test,official_test,07,103b,1.6,33.6,False,7.416669,6.5156803,-0.22727855,-0.24983788,-0.2002196841769748,-0.16835077,-0.23371458,-0.4004393683539496,-0.50535923,-0.57299566,-0.3003295262654622,entry,entry,True,0.572995662689209,0.24983787536621094,0.0,1.341104507446289e-07,0.7526475,0.5,0.9953649,7.416669,7.212977,7.314709,7.088676,6.9799733,6.749395,6.765518,6.5156803,0.32315778732299805,0.572995662689209,0.2417762279510498,0.24983787536621094,0.15555953979492188
07::11,test,official_test,07,103b,1.6,26.4,False,6.4408793,5.9479384,-0.17468166,-0.09050417,-0.05477121141221788,0.11544895,0.11032486,-0.16431363423665363,-0.4337082,-0.37296104,-0.2738560570610894,entry,entry,True,0.37296104431152344,0.37296104431152344,0.0,1.1920928955078125e-07,0.9865341,1.0,0.92591035,6.4408793,6.177834,6.557266,6.3208995,5.942238,5.8376136,6.0384426,5.9479384,0.0,0.37296104431152344,0.10041451454162598,0.11032485961914062,0.1398005485534668
07::12,test,official_test,07,403b,2.0,46.0,False,7.989332,7.1645637,-0.04652381,-0.047580242,-0.18328189849853516,-0.015216589,-0.050647736,-0.3665637969970703,-0.76302814,-0.801126,-0.27492284774780273,entry,entry,True,0.8011260032653809,0.8011260032653809,0.0,2.3096799850463867e-07,0.9824725,1.0,0.98986846,7.989332,7.9439473,8.009629,7.9656897,7.2644844,7.2152114,7.212144,7.1645637,0.0,0.8011260032653809,0.04911398887634277,0.050647735595703125,0.0745854377746582
07::14,test,official_test,07,103b,1.6,32.8,False,6.7867274,6.4586763,-0.20203233,-0.17188168,-0.03645012113783094,-0.06849718,-0.067521095,-0.10935036341349283,-0.05752158,-0.096529484,-0.18225060568915474,takeoff,takeoff,True,0.17188167572021484,0.09652948379516602,0.0,1.6391277313232422e-07,0.9386496,1.0,0.79449064,6.7867274,6.5583344,6.721044,6.555206,6.7720037,6.5261974,6.630558,6.4586763,0.07535219192504883,0.17188167572021484,0.08202528953552246,0.09652948379516602,0.00788116455078125
07::19,test,official_test,07,403b,2.0,40.0,False,7.0142345,6.4967484,-0.08426038,-0.076523304,-0.05749845504760742,-0.072337545,-0.108336926,-0.17249536514282227,-0.36088815,-0.40674543,-0.2874922752380371,entry,entry,True,0.40674543380737305,0.40674543380737305,0.0,0.0,0.93714476,1.0,0.9555437,7.0142345,6.921413,6.9770722,6.903494,6.6983795,6.6050854,6.5732718,6.4967484,0.0,0.40674543380737305,0.09243011474609375,0.1083369255065918,0.07411956787109375
07::23,test,official_test,07,201b,1.8,43.2,False,8.704914,8.831834,-0.019758701,-0.020637512,0.02820438808865017,0.019822598,0.028960228,0.05640877617730034,0.12685585,0.13950825,0.04230658213297526,entry,entry,True,0.13950824737548828,0.02063751220703125,0.0,1.6391277313232422e-07,0.8835822,1.0,0.9915601,8.704914,8.687008,8.716573,8.692326,8.820091,8.802874,8.852471,8.831834,0.11887073516845703,0.13950824737548828,0.024798870086669922,0.028960227966308594,0.020911216735839844
07::24,test,official_test,07,301b,1.9,55.1,False,8.247651,8.180878,0.048414707,0.07338905,-0.014838536580403645,0.07965708,0.10325813,-0.02967707316080729,-0.1948452,-0.18684006,-0.02225780487060547,entry,entry,True,0.18684005737304688,0.07338905334472656,0.0,3.0547380447387695e-07,0.09273104,0.5,0.8549452,8.247651,8.272596,8.305212,8.367718,8.046306,8.07762,8.107489,8.180878,0.11345100402832031,0.18684005737304688,0.08832359313964844,0.10325813293457031,0.056580543518066406
07::25,test,official_test,07,403b,2.0,42.0,False,7.017574,6.813303,-0.106724896,-0.11927557,-0.02269675996568468,0.19313772,0.18133736,-0.06809027989705403,-0.29068366,-0.29728127,-0.1134837998284234,entry,entry,True,0.29728126525878906,0.11927556991577148,0.0,1.4901161193847656e-07,0.97129095,1.0,0.85446,7.017574,6.920403,7.2195153,7.1105843,6.730491,6.6319656,6.9325786,6.813303,0.17800569534301758,0.29728126525878906,0.15030646324157715,0.1813373565673828,0.030948638916015625
07::36,test,official_test,07,5132d,2.1,40.95,False,6.6307096,5.6891794,-0.16259448,-0.08760309,-0.10461446974012586,-0.2223169,-0.13269949,-0.31384340922037757,-0.55661887,-0.52708626,-0.5230723487006294,entry,entry,True,0.5270862579345703,0.08760309219360352,0.0,5.960464477539063e-08,0.95464516,1.0,0.99999994,6.6307096,6.411685,6.3373365,6.2162657,6.0631194,5.821879,5.7767825,5.6891794,0.4394831657409668,0.5270862579345703,0.11015129089355469,0.13269948959350586,0.19414138793945312
07::43,test,official_test,07,5231d,2.0,43.0,False,7.3614397,6.8050632,-0.051255386,-0.057562828,-0.12363921271430121,0.052512486,0.07883787,-0.24727842542860243,-0.5576336,-0.5350046,-0.1854588190714518,entry,entry,True,0.5350046157836914,0.07883787155151367,0.0,2.384185791015625e-07,0.76699567,0.5,0.9901023,7.3614397,7.3170023,7.3881373,7.340068,6.7816877,6.7262254,6.862626,6.8050632,0.45616674423217773,0.5350046157836914,0.06820034980773926,0.07883787155151367,0.04264688491821289
07::45,test,official_test,07,5253b,3.2,65.6,False,7.3630934,7.1982136,0.042467594,0.03900671,-0.05495993296305338,0.033206224,0.07004881,-0.0732799106174045,-0.24055362,-0.17102194,-0.03663995530870225,entry,entry,True,0.1710219383239746,0.07004880905151367,0.0,2.086162567138672e-07,-0.046332754,0.5,0.35475698,7.3630934,7.4005136,7.350949,7.3692355,7.0445,7.128165,7.159207,7.1982136,0.10097312927246094,0.1710219383239746,0.05452775955200195,0.07004880905151367,0.10291337966918945
07::46,test,official_test,07,407c,3.2,76.8,False,6.1955686,6.580502,-0.16847928,-0.13933182,0.0427703857421875,0.1381716,0.19313669,0.1283111572265625,0.41524115,0.48507547,0.2138519287109375,entry,entry,True,0.4850754737854004,0.13933181762695312,0.0,1.1920928955078125e-07,0.9822142,1.0,0.9930192,6.1955686,6.009015,6.2898483,6.0954266,6.5520487,6.3873653,6.719834,6.580502,0.34574365615844727,0.4850754737854004,0.16623425483703613,0.19313669204711914,0.1539468765258789
07::56,test,official_test,07,107b,3.0,55.5,False,4.798502,5.521634,-0.21951874,-0.27023602,0.08034801483154297,0.12066928,0.14553261,0.2410440444946289,0.8219816,0.82866335,0.40174007415771484,entry,entry,True,0.8286633491516113,0.2702360153198242,0.0,1.1920928955078125e-07,0.9204252,1.0,0.9747779,4.798502,4.613397,4.8780046,4.6929708,5.5974984,5.3761015,5.79187,5.521634,0.5584273338317871,0.8286633491516113,0.2078843116760254,0.2702360153198242,0.019172191619873047
07::66,test,official_test,07,107b,3.0,58.5,False,4.842881,5.4501934,-0.13219325,-0.09363508,0.06747913360595703,-0.2118303,-0.07333994,0.2024374008178711,0.9513357,1.036015,0.33739566802978516,entry,entry,True,1.0360150337219238,1.0360150337219238,0.0,2.384185791015625e-07,0.97761476,1.0,0.910874,4.842881,4.6671233,4.487554,4.4141784,5.704531,5.5235333,5.5438285,5.4501934,0.0,1.0360150337219238,0.08348751068115234,0.09363508224487305,0.26172780990600586
07::67,test,official_test,07,407c,3.2,76.8,False,7.9734406,7.8375044,-0.014809847,-0.0010552406,-0.030208057827419702,0.026250362,0.043264866,-0.060416115654839404,-0.14737678,-0.13889599,-0.045312086741129555,entry,entry,True,0.13889598846435547,0.0010552406311035156,0.0,4.470348358154297e-08,0.032412287,0.5,0.8804996,7.9734406,7.9445786,7.982379,7.9764004,7.8172855,7.7942395,7.8385596,7.8375044,0.13784074783325195,0.13889598846435547,0.022160053253173828,0.04326486587524414,0.03924989700317383
07::68,test,official_test,07,307c,3.4,91.8,False,7.099537,6.957132,-0.069714785,-0.075576305,-0.03164556291368272,-0.052698374,-0.046932697,-0.06329112582736544,-0.019991875,-0.012758255,-0.047468344370524086,takeoff,takeoff,True,0.0755763053894043,0.04693269729614258,0.0,1.4901161193847656e-07,0.6765861,0.0,0.930358,7.099537,7.0346317,7.040021,6.96989,7.0712595,7.0040646,7.032708,6.957132,0.02864360809326172,0.0755763053894043,0.029845476150512695,0.04693269729614258,0.007137775421142578
07::70,test,official_test,07,207c,3.3,69.3,False,7.0149655,6.694025,0.14596415,0.20388317,-0.07132010989718966,0.011567593,0.02791214,-0.14264021979437932,-0.47847223,-0.48147583,-0.1069801648457845,entry,entry,True,0.481475830078125,0.20388317108154297,0.0,1.341104507446289e-07,0.6029271,0.5,0.9503293,7.0149655,7.115435,7.022613,7.175501,6.5519214,6.666113,6.490142,6.694025,0.27759265899658203,0.481475830078125,0.11589765548706055,0.20388317108154297,0.07125997543334961
07::71,test,official_test,07,307c,3.4,71.4,False,6.5627723,6.1778517,-0.13906296,-0.16317225,-0.08553791046142578,0.025809446,0.013239384,-0.17107582092285156,-0.2716671,-0.28414917,-0.12830686569213867,entry,entry,True,0.284149169921875,0.013239383697509766,0.0,2.086162567138672e-07,0.25439778,0.5,0.99263585,6.5627723,6.444827,6.5981603,6.462001,6.3005958,6.1646123,6.341024,6.1778517,0.27090978622436523,0.284149169921875,0.08820581436157227,0.16317224502563477,0.049161434173583984
07::83,test,official_test,07,307c,3.4,47.6,False,6.589997,5.317918,-0.13650186,-0.13401985,-0.28268422020806205,-0.08490928,-0.06710434,-0.5653684404161241,-1.0506679,-1.0394797,-0.4240263303120931,entry,entry,True,1.0394797325134277,1.0394797325134277,0.0,2.384185791015625e-07,0.4971639,0.5,0.33449814,6.589997,6.447345,6.4836144,6.3573976,5.5244727,5.385022,5.4519377,5.317918,0.0,1.0394797325134277,0.10056209564208984,0.1340198516845703,0.031475067138671875
07::86,test,official_test,07,207c,3.3,56.1,False,5.11446,4.895969,-0.14838219,-0.18667507,-0.024276786380343966,-0.24419498,-0.311718,-0.12138393190171984,0.1740861,0.09191036,-0.07283035914103189,flight,flight,True,0.3117179870605469,0.3117179870605469,0.0,0.0,0.94811827,1.0,-0.3482243,5.11446,5.0145125,4.94793,4.8040586,5.3808637,5.207687,5.082644,4.895969,0.0,0.3117179870605469,0.13929271697998047,0.1866750717163086,0.18799161911010742
07::87,test,official_test,07,5253b,3.2,64.0,False,6.2046733,6.03508,-0.10281547,-0.093206406,-0.01884370379977756,-0.15156801,-0.28005743,-0.0942185189988878,0.08479015,-0.076256275,-0.05653111139933268,flight,flight,True,0.280057430267334,0.07625627517700195,0.0,1.4901161193847656e-07,0.6862392,0.0,0.87561077,6.2046733,6.1057057,6.1950517,6.111336,6.463967,6.3151374,6.1282864,6.03508,0.20380115509033203,0.280057430267334,0.0847313404083252,0.09320640563964844,0.27992677688598633
07::89,test,official_test,07,207c,3.3,41.25,False,4.0309663,4.4817944,-0.009408872,-0.0099515915,0.05009200837877061,-0.04535107,-0.03723526,0.15027602513631183,0.505588,0.49605298,0.25046004189385307,entry,entry,True,0.49605298042297363,0.49605298042297363,0.0,5.960464477539063e-08,0.99346256,1.0,0.99855655,4.0309663,4.026897,3.9822962,3.9857414,4.550886,4.5190296,4.491746,4.4817944,0.0,0.49605298042297363,0.023593425750732422,0.037235260009765625,0.001961946487426758
07::93,test,official_test,07,5255b,3.6,84.6,False,6.0394177,6.4747467,0.03782018,0.019037247,0.0967397689819336,-0.0061015286,-0.016664505,0.0967397689819336,0.40361032,0.3770647,0.24184942245483398,entry,entry,True,0.37706470489501953,0.016664505004882812,0.0,1.4901161193847656e-07,0.97071505,1.0,-0.5922677,6.0394177,6.0965095,6.044368,6.097682,6.4700623,6.491411,6.4557095,6.4747467,0.3604001998901367,0.37706470489501953,0.017850875854492188,0.019037246704101562,0.05589151382446289
07::94,test,official_test,07,5253b,3.2,60.8,False,6.1741524,6.30398,0.12624805,0.14333391,0.028850555419921875,0.051850002,0.07027054,0.05770111083984375,-0.048270542,-0.044804573,0.04327583312988281,takeoff,takeoff,True,0.14333391189575195,0.07027053833007812,0.0,1.1920928955078125e-07,0.87636286,0.0,0.70489615,6.1741524,6.287292,6.2115593,6.3487844,6.1263933,6.2337093,6.160646,6.30398,0.07306337356567383,0.14333391189575195,0.05753755569458008,0.07027053833007812,0.03897237777709961
07::96,test,official_test,07,5253b,3.2,67.2,False,6.234146,5.9790473,-0.100710236,-0.108756065,-0.05668862660725911,-0.089866005,-0.15930176,-0.11337725321451822,-0.06452259,-0.16193151,-0.08503293991088867,takeoff,entry,False,0.10875606536865234,0.16193151473999023,0.0,2.9802322387695312e-08,0.60002756,0.0,0.40099323,6.234146,6.1435294,6.2157636,6.140979,6.26908,6.138349,6.0878034,5.9790473,-0.05317544937133789,0.10875606536865234,0.16061663627624512,0.16193151473999023,0.17489051818847656
09::4,test,official_test,09,103b,1.6,28.8,False,6.773046,5.592775,-0.01756692,-0.016789436,-0.26228247748480904,0.032340765,0.039613724,-0.26228247748480904,-1.195045,-1.1631699,-0.6557061937120225,entry,entry,True,1.1631698608398438,0.01678943634033203,0.0,5.960464477539063e-08,0.97719204,1.0,0.9997935,6.773046,6.7581534,6.8015656,6.7559447,5.5495777,5.553161,5.6095643,5.592775,1.1463804244995117,1.1631698608398438,0.028201580047607422,0.03961372375488281,0.039925575256347656
09::6,test,official_test,09,103b,1.6,31.2,False,7.328411,4.9422193,-0.012425661,-0.035768986,-0.7953972816467285,-0.24677682,-0.5137143,-0.7953972816467285,-2.1269894,-2.4131088,-0.7953972816467285,entry,entry,True,2.4131088256835938,0.5137143135070801,0.0,5.960464477539063e-08,0.8844276,0.5,0.9987347,7.328411,7.346249,7.355492,7.355328,5.4944615,5.4559336,4.9779882,4.9422193,1.8993945121765137,2.4131088256835938,0.27474164962768555,0.5137143135070801,0.5764002799987793
09::16,test,official_test,09,403b,2.0,31.0,False,8.031986,5.7580705,-0.15270798,-0.17559719,-1.0106292300754123,-0.7540602,-1.228589,-0.7579719225565592,-1.3671476,-1.8477354,-0.5053146150377061,entry,entry,True,1.8477354049682617,0.1755971908569336,0.0,0.0,0.7495674,0.5,0.99934214,8.031986,7.911864,7.7621512,7.605806,7.1551228,6.9866595,5.9336677,5.7580705,1.6721382141113281,1.8477354049682617,0.7020931243896484,1.2285890579223633,0.9780058860778809
09::17,test,official_test,09,403b,2.0,42.0,False,6.7952933,6.6949954,-0.11390734,-0.12656927,-0.0222884284125434,0.09732056,0.101788044,-0.0222884284125434,-0.08371115,-0.086064816,-0.05572107103135851,takeoff,takeoff,True,0.12656927108764648,0.08606481552124023,0.0,2.9802322387695312e-08,0.7417098,1.0,0.2533069,6.7952933,6.693614,6.8877125,6.78106,6.713502,6.5932074,6.8215647,6.6949954,0.04050445556640625,0.12656927108764648,0.09392642974853516,0.10178804397583008,0.010548114776611328
09::18,test,official_test,09,403b,2.0,54.0,False,7.2046237,7.3634105,-0.13562083,-0.15145397,0.017642974853515625,0.039298058,-0.00017213821,0.052928924560546875,0.25510955,0.2368474,0.08821487426757812,entry,entry,True,0.2368474006652832,0.2368474006652832,0.0,1.7136335372924805e-07,0.95218223,1.0,0.89855784,7.2046237,7.085207,7.283763,7.126563,7.4783664,7.3635826,7.5148644,7.3634105,0.0,0.2368474006652832,0.07581305503845215,0.15145397186279297,0.07356548309326172
09::21,test,official_test,09,403b,2.0,50.0,False,7.8441052,7.819534,0.032506865,0.029876232,-0.0054603152804904515,-0.110155664,-0.15600777,-0.010920630560980903,0.05307738,0.0010671616,-0.008190472920735676,flight,flight,True,0.1560077667236328,0.0010671615600585938,0.0,2.9802322387695312e-08,0.104928814,0.5,0.47099647,7.8441052,7.8750896,7.7756486,7.8184667,7.9450397,7.9755416,7.7896576,7.819534,0.15494060516357422,0.1560077667236328,0.015471696853637695,0.029876232147216797,0.10049295425415039
09::23,test,official_test,09,201b,1.8,41.4,False,7.5227203,7.2110825,0.051908493,0.05907345,-0.06925286187065972,-0.17688727,-0.40265322,-0.13850572374131945,-0.1866591,-0.41567612,-0.10387929280598958,entry,entry,True,0.4156761169433594,0.40265321731567383,0.0,2.1606683731079102e-07,0.5681939,0.5,0.9042711,7.5227203,7.5659113,7.5700464,7.6267586,7.5635257,7.6137357,7.152009,7.2110825,0.013022899627685547,0.4156761169433594,0.23086333274841309,0.40265321731567383,0.4476180076599121
09::32,test,official_test,09,301b,1.9,37.05,False,7.153202,6.1359177,-0.09920017,-0.10032034,-0.33909479777018225,-0.003509442,0.002392292,-0.33909479777018225,-0.9145748,-0.9148822,-0.33909479777018225,entry,entry,True,0.9148821830749512,0.9148821830749512,0.0,1.1920928955078125e-07,0.67687994,0.5,0.9956331,7.153202,7.054958,7.1436267,7.0508,6.2387705,6.1335254,6.236238,6.1359177,0.0,0.9148821830749512,0.05135631561279297,0.10032033920288086,0.004474163055419922
09::35,test,official_test,09,301b,1.9,40.85,False,7.3767986,7.2638545,-0.052283604,-0.035167694,-0.02509869469536675,0.09782473,0.16407633,-0.0501973893907335,-0.15848525,-0.100367546,-0.037648042043050126,entry,flight,False,0.10036754608154297,0.1640763282775879,0.0,0.0,0.046483025,0.0,0.9408601,7.3767986,7.3095174,7.41049,7.364222,7.162314,7.099778,7.299022,7.2638545,-0.06370878219604492,0.10036754608154297,0.09962201118469238,0.1640763282775879,0.14148521423339844
09::46,test,official_test,09,305c,2.8,56.0,False,7.205379,6.963554,-0.06218831,-0.056432247,-0.08060836791992188,-0.009697358,0.0005311966,-0.08060836791992188,-0.16993944,-0.17407227,-0.08060836791992188,entry,entry,True,0.174072265625,0.174072265625,0.0,6.705522537231445e-08,0.055366162,0.0,-0.72768736,7.205379,7.139305,7.1873236,7.137626,7.041443,6.9630227,7.019986,6.963554,0.0,0.174072265625,0.028481721878051758,0.056432247161865234,0.011851787567138672
09::54,test,official_test,09,105b,2.3,54.05,False,6.7796106,8.475223,0.03803293,0.042066574,0.5652039845784504,0.0020453136,0.020918846,0.5652039845784504,1.6555337,1.6759982,0.5652039845784504,entry,entry,True,1.6759982109069824,0.04206657409667969,0.0,3.725290298461914e-08,0.95434546,1.0,1.0,6.7796106,6.8131375,6.76231,6.7992244,8.414207,8.454304,8.433156,8.475223,1.6339316368103027,1.6759982109069824,0.03149271011352539,0.04206657409667969,0.04337167739868164
09::61,test,official_test,09,626c,3.3,52.8,False,4.281548,4.6105475,-0.013886134,-0.03488016,0.07311100429958767,0.038514454,0.03031826,0.07311100429958767,0.3043712,0.28365707,0.1827775107489692,entry,entry,True,0.2836570739746094,0.03488016128540039,0.0,1.1920928955078125e-07,0.99426806,1.0,-0.95654535,4.281548,4.28797,4.327573,4.3268905,4.6059475,4.5802293,4.6454277,4.6105475,0.24877691268920898,0.2836570739746094,0.03259921073913574,0.03488016128540039,0.04990434646606445
09::65,test,official_test,09,405b,2.8,61.6,False,6.8403487,7.012162,-0.0531977,-0.05997467,0.019090387556287978,0.068328775,0.09277201,0.05727116266886393,0.15668242,0.17851067,0.09545193778143989,entry,entry,True,0.1785106658935547,0.05997467041015625,0.0,1.2665987014770508e-07,0.91555864,0.5,0.8288195,6.8403487,6.7897587,6.880065,6.8336515,6.9710336,6.91939,7.072137,7.012162,0.11853599548339844,0.1785106658935547,0.07637333869934082,0.09277200698852539,0.03949451446533203
09::73,test,official_test,09,6243d,3.2,81.6,False,6.859957,6.580469,0.06557226,0.059267044,-0.06210846371120876,-0.0023241043,0.00049829483,-0.12421692742241752,-0.34273624,-0.33928633,-0.09316269556681314,entry,entry,True,0.33928632736206055,0.0004982948303222656,0.0,8.940696716308594e-08,0.26342633,0.5,0.9781116,6.859957,6.9300804,6.8530564,6.9197555,6.512017,6.579971,6.521202,6.580469,0.3387880325317383,0.33928632736206055,0.02988266944885254,0.05926704406738281,3.2901763916015625e-05
09::77,test,official_test,09,107b,3.0,58.5,False,6.9466553,6.233262,-0.16715081,-0.12136841,-0.23779773712158203,-0.20102866,-0.18117142,-0.3170636494954427,-0.34521374,-0.29792118,-0.15853182474772134,entry,entry,True,0.29792118072509766,0.121368408203125,0.0,1.7881393432617188e-07,0.6302039,0.5,0.7376877,6.9466553,6.7633696,6.755417,6.5311832,6.5837965,6.4144335,6.3546305,6.233262,0.17655277252197266,0.29792118072509766,0.15126991271972656,0.18117141723632812,0.11293220520019531
09::82,test,official_test,09,407c,3.2,48.0,False,5.1876388,5.2111225,0.012956937,-0.0041279793,0.005218611823187933,0.011598905,0.07507372,0.005218611823187933,-0.0010720888,0.07561827,0.013046529557969836,takeoff,entry,False,0.004127979278564453,0.07561826705932617,0.0,1.7881393432617188e-07,-0.34611782,0.5,-0.57929057,5.1876388,5.219124,5.137206,5.1355042,5.1113195,5.136049,5.2152505,5.2111225,-0.07149028778076172,0.004127979278564453,0.07534599304199219,0.07561826705932617,0.12308025360107422
09::83,test,official_test,09,305c,2.8,46.2,False,7.1300783,6.8527627,0.12173685,0.15547132,-0.061625692579481334,-0.13162224,-0.08968449,-0.12325138515896267,-0.26743022,-0.24151802,-0.092438538869222,entry,entry,True,0.2415180206298828,0.08968448638916016,0.0,2.1606683731079102e-07,0.52537835,0.5,0.92385685,7.1300783,7.2228546,6.9612923,7.0942807,6.84151,6.942447,6.6972914,6.8527627,0.15183353424072266,0.2415180206298828,0.12257790565490723,0.1554713249206543,0.10158443450927734
10::9,test,official_test,10,407c,3.2,67.2,False,6.6038914,6.251957,0.0076945624,0.0011844635,-0.07820765177408853,-0.052398365,-0.080590725,-0.15641530354817706,-0.30723062,-0.328784,-0.11731147766113281,entry,entry,True,0.3287839889526367,0.3287839889526367,0.0,1.341104507446289e-07,0.25419766,0.5,0.95362717,6.6038914,6.6189346,6.580524,6.580741,6.3190527,6.3325477,6.2507725,6.251957,0.0,0.3287839889526367,0.04088759422302246,0.08059072494506836,0.05625581741333008
10::27,test,official_test,10,6243d,3.2,65.6,False,6.411455,5.7405233,0.34788442,0.36493778,-0.22364393870035806,-0.18787098,-0.26358557,-0.22364393870035806,-0.83094525,-0.8961253,-0.22364393870035806,entry,entry,True,0.896125316619873,0.896125316619873,0.0,5.960464477539063e-08,0.44387418,0.5,0.94104993,6.411455,6.7395,6.2965126,6.6366487,5.642904,6.004109,5.3755856,5.7405233,0.0,0.896125316619873,0.31426167488098145,0.36493778228759766,0.1238412857055664
10::30,test,official_test,10,305c,2.8,33.6,False,5.114163,4.106403,0.043231487,0.024775982,-0.22394667731391057,-0.2363801,-0.3876915,-0.44789335462782115,-0.81461143,-0.98708105,-0.33592001597086585,entry,entry,True,0.9870810508728027,0.9870810508728027,0.0,5.960464477539063e-08,0.94245195,1.0,0.97125745,5.114163,5.17583,5.029074,5.093484,4.472001,4.4940944,4.081627,4.106403,0.0,0.9870810508728027,0.20623373985290527,0.3876914978027344,0.3422365188598633
10::35,test,official_test,10,407c,3.2,48.0,False,5.5598035,4.934029,0.22661121,0.19756651,-0.13906097412109375,-0.19183843,-0.31619883,-0.2781219482421875,-0.6605472,-0.79990625,-0.20859146118164062,entry,entry,True,0.7999062538146973,0.19756650924682617,0.0,0.0,0.68009377,0.5,0.9915783,5.5598035,5.8208323,5.4976983,5.7339354,5.043988,5.250228,4.7364626,4.934029,0.6023397445678711,0.7999062538146973,0.2568826675415039,0.31619882583618164,0.29276418685913086
10::41,test,official_test,10,5152b,2.9,52.2,False,7.5764594,6.9665475,0.058879215,0.05801201,-0.20330397288004556,-0.08728019,-0.017498493,-0.27107196384006077,-0.58151096,-0.52837276,-0.13553598192003039,entry,entry,True,0.5283727645874023,0.05801200866699219,0.0,2.3096799850463867e-07,0.88893807,1.0,0.7094956,7.5764594,7.649982,7.4331737,7.4949203,6.9555864,6.984046,6.9085355,6.9665475,0.47036075592041016,0.5283727645874023,0.03775525093078613,0.05801200866699219,0.12205266952514648
10::43,test,official_test,10,407c,3.2,73.6,False,6.2232833,6.665151,0.07465211,0.086765766,0.09819285074869791,-0.017163834,0.0438056,0.09819285074869791,0.38437954,0.39721203,0.2454821268717448,entry,entry,True,0.39721202850341797,0.08676576614379883,0.0,2.086162567138672e-07,0.9937899,1.0,0.7175448,6.2232833,6.27911,6.138438,6.267939,6.5881186,6.6213455,6.5783854,6.665151,0.31044626235961914,0.39721202850341797,0.06528568267822266,0.08676576614379883,0.08591556549072266
13::9,test,official_test,13,207c,3.3,69.3,False,6.350183,6.1576524,0.18014486,0.18900633,-0.042784584893120654,0.017676434,0.020656586,-0.08556916978624131,-0.39035192,-0.37726164,-0.06417687733968098,entry,entry,True,0.3772616386413574,0.18900632858276367,0.0,1.1920928955078125e-07,0.13074677,0.5,0.9946574,6.350183,6.528847,6.37226,6.534914,5.9541216,6.136996,5.968646,6.1576524,0.18825531005859375,0.3772616386413574,0.10483145713806152,0.18900632858276367,0.024931907653808594
13::11,test,official_test,13,407c,3.2,64.0,False,4.2588496,4.470236,0.17604542,0.20555544,0.04697471194797092,0.18311834,0.07996321,0.04697471194797092,-0.14777756,-0.36787796,0.1174367798699273,flight,entry,False,0.07996320724487305,0.20555543899536133,0.0,2.384185791015625e-07,0.62012726,0.5,0.69273895,4.2588496,4.3527303,4.4924684,4.838114,4.2785177,4.3902726,4.2646804,4.470236,-0.12559223175048828,0.07996320724487305,0.2867166996002197,0.3678779602050781,0.2937455177307129
13::12,test,official_test,13,407c,3.2,78.4,False,7.804608,7.7280645,0.21633546,0.28359652,-0.01700962914360894,-0.25698695,-0.25031424,-0.03401925828721788,-0.03589185,-0.1100688,-0.02551444371541341,flight,takeoff,False,0.25031423568725586,0.11006879806518555,0.0,8.940696716308594e-08,0.54647833,0.5,0.5591603,7.804608,7.9453382,7.532604,7.8381333,7.834549,7.978379,7.444468,7.7280645,0.1402454376220703,0.25031423568725586,0.19683265686035156,0.2835965156555176,0.00024318695068359375
13::17,test,official_test,13,207c,3.3,57.8,False,5.1819263,5.161109,0.09477774,0.10832596,-0.00462606218126085,-0.18258412,-0.38382578,-0.0092521243625217,0.0669891,-0.07404566,-0.0069390932718912755,flight,flight,True,0.38382577896118164,0.07404565811157227,0.0,0.0,0.2388371,1.0,-0.24377358,5.1819263,5.247967,5.185395,5.2351546,5.374761,5.5449347,5.052783,5.161109,0.3097801208496094,0.38382577896118164,0.0911858081817627,0.10832595825195312,0.32872819900512695
13::20,test,official_test,13,6243d,3.2,72.0,False,6.3275867,7.1359415,0.20904684,0.20988846,0.17963441212972003,0.24106169,0.24099159,0.17963441212972003,0.35824633,0.3479886,0.44908603032430017,entry,entry,True,0.3479886054992676,0.3479886054992676,0.0,2.086162567138672e-07,0.9378463,1.0,0.8242623,6.3275867,6.5279098,6.5608363,6.787953,6.6882086,6.89495,6.926053,7.1359415,0.0,0.3479886054992676,0.22544002532958984,0.24099159240722656,0.009486198425292969
13::23,test,official_test,13,626c,3.3,59.4,False,6.0476394,5.962467,0.36578918,0.45393562,-0.018927150302463107,0.08166623,0.15259838,-0.018927150302463107,-0.5326276,-0.44592857,-0.04731787575615777,entry,takeoff,False,0.44592857360839844,0.44592857360839844,0.0,0.0,0.8939895,1.0,0.9217512,6.0476394,6.32445,6.0575414,6.408396,5.4274807,5.809869,5.5085316,5.962467,0.0,0.44592857360839844,0.3032670021057129,0.4539356231689453,0.24577760696411133
13::26,test,official_test,13,305c,2.8,72.8,False,7.653532,8.182358,0.12537749,0.1497097,0.11751683553059895,-0.053347033,-0.025751114,0.11751683553059895,0.4567953,0.4672842,0.29379208882649743,entry,entry,True,0.4672842025756836,0.025751113891601562,0.0,2.2351741790771484e-07,0.79019034,1.0,0.96660465,7.653532,7.753923,7.5719347,7.7150736,8.099184,8.208109,8.032648,8.182358,0.44153308868408203,0.4672842025756836,0.08773040771484375,0.14970970153808594,0.062417030334472656
13::28,test,official_test,13,5253b,3.2,76.8,False,7.7931266,7.4779983,0.013774951,0.009365082,-0.0700285169813368,-0.037610453,-0.027550697,-0.1400570339626736,-0.29129282,-0.2797141,-0.1050427754720052,entry,entry,True,0.27971410751342773,0.27971410751342773,0.0,9.685754776000977e-08,0.31269658,0.5,0.97605777,7.7931266,7.8114376,7.7455826,7.7577124,7.4903812,7.505549,7.468633,7.4779983,0.0,0.27971410751342773,0.018457889556884766,0.027550697326660156,0.01722860336303711
13::30,test,official_test,13,5253b,3.2,86.4,False,8.272468,8.44622,0.18262784,0.18866825,0.03861172993977864,0.03824727,0.04566288,0.07722345987955728,-0.04712232,-0.048547745,0.05791759490966797,takeoff,takeoff,True,0.18866825103759766,0.04854774475097656,0.0,3.2782554626464844e-07,0.11455488,0.0,0.8972037,8.272468,8.448436,8.30268,8.494768,8.226151,8.4005575,8.257552,8.44622,0.1401205062866211,0.18866825103759766,0.04710531234741211,0.04854774475097656,0.012030601501464844
14::2,test,official_test,14,6142d,3.1,63.55,False,8.649299,6.6399326,-0.23754454,-0.33195353,-0.6697886784871419,-1.155072,-1.2339325,-0.8930515713161892,-0.6167495,-0.6376009,-0.4465257856580946,flight,flight,True,1.2339324951171875,0.6376008987426758,0.0,2.1606683731079102e-07,0.7068265,0.5,1.0,8.649299,8.529797,7.5967207,7.2775335,8.077034,7.873865,6.971886,6.6399326,0.5963315963745117,1.2339324951171875,0.48477721214294434,0.6376008987426758,0.1941208839416504
14::10,test,official_test,14,107b,3.0,46.5,False,6.2247095,4.5581374,-0.011228879,0.06938648,-0.7406987084282769,-0.32618102,-0.24053526,-0.5555240313212076,-1.3291622,-1.1587772,-0.37034935421413845,entry,entry,True,1.1587772369384766,0.24053525924682617,0.0,1.1920928955078125e-07,0.986068,1.0,0.97738045,6.2247095,6.168075,5.8480926,5.7169147,4.760372,4.7986727,4.488751,4.5581374,0.9182419776916504,1.1587772369384766,0.15496087074279785,0.24053525924682617,0.33664608001708984
14::12,test,official_test,14,405b,2.8,42.0,False,6.174615,5.9865665,-0.022787968,-0.049889088,-0.0417885250515408,-0.10279433,-0.11394119,-0.0417885250515408,-0.062466066,-0.05421686,-0.104471312628852,flight,flight,True,0.11394119262695312,0.11394119262695312,0.0,2.086162567138672e-07,0.788574,1.0,-0.26011,6.174615,6.1914444,6.095484,6.0407834,6.116416,6.1005077,6.0364556,5.9865665,0.0,0.11394119262695312,0.052052974700927734,0.054216861724853516,0.029998779296875
14::15,test,official_test,14,5253b,3.2,54.4,False,6.4041767,6.2921324,0.0057225227,-0.021062374,-0.02489874098036024,-0.123304605,-0.1746211,-0.04979748196072048,0.0055377483,-0.023648262,-0.03734811147054036,flight,flight,True,0.1746211051940918,0.02364826202392578,0.0,2.086162567138672e-07,-0.10045126,0.5,0.9647161,6.4041767,6.4378877,6.333392,6.3157806,6.440104,6.4667535,6.3131948,6.2921324,0.15097284317016602,0.1746211051940918,0.022355318069458008,0.02364826202392578,0.10728740692138672
14::16,test,official_test,14,5152b,2.9,47.85,False,6.664352,6.5544624,-0.08474883,-0.12473059,-0.036629835764567055,-0.1466728,-0.18766022,-0.036629835764567055,0.12153212,0.105531216,-0.036629835764567055,flight,flight,True,0.18766021728515625,0.18766021728515625,0.0,1.4901161193847656e-08,0.8397506,0.5,0.95657736,6.664352,6.631859,6.5709405,6.448931,6.814159,6.7421227,6.679193,6.5544624,0.0,0.18766021728515625,0.11513090133666992,0.12473058700561523,0.0969700813293457
14::20,test,official_test,14,305c,2.8,71.4,False,7.390666,7.6115108,0.0011680921,-0.017222404,0.049076610141330294,-0.23212592,-0.25029516,0.09815322028266059,0.45180258,0.45333052,0.07361491521199544,entry,entry,True,0.45333051681518555,0.01722240447998047,0.0,4.470348358154297e-08,0.9937315,1.0,0.9211709,7.390666,7.4161444,7.182629,7.15818,7.8468604,7.861806,7.628733,7.6115108,0.4361081123352051,0.45333051681518555,0.1337587833404541,0.25029516220092773,0.035031795501708984
14::27,test,official_test,14,205b,2.9,53.65,False,6.660122,6.0633774,-0.072440706,-0.09264183,-0.1989148457845052,-0.555363,-0.6111865,-0.2652197943793403,0.031059185,-0.017141342,-0.13260989718967015,flight,flight,True,0.6111865043640137,0.6111865043640137,0.0,1.341104507446289e-07,0.5586666,0.5,0.9972443,6.660122,6.610999,6.163699,6.0805187,6.7424984,6.674564,6.156019,6.0633774,0.0,0.6111865043640137,0.05489158630371094,0.09264183044433594,0.12422513961791992
14::30,test,official_test,14,5253b,3.2,70.4,False,6.8098955,6.586695,-0.07022301,-0.08020496,-0.07440010706583658,-0.07557932,-0.08109236,-0.07440010706583658,-0.07739798,-0.0745554,-0.07440010706583658,entry,flight,False,0.0745553970336914,0.0745553970336914,0.0,1.7881393432617188e-07,0.6826233,0.0,-0.17398009,6.8098955,6.750135,6.7403097,6.6612506,6.7301354,6.6677876,6.6669,6.586695,0.0,0.0745553970336914,0.08064866065979004,0.08109235763549805,0.012652397155761719
14::34,test,official_test,14,5253b,3.2,65.8,False,6.341627,6.1242304,0.0007819335,0.047113895,-0.0724655787150065,0.16999285,0.19724035,-0.0724655787150065,-0.38817152,-0.37417173,-0.0724655787150065,entry,entry,True,0.37417173385620117,0.37417173385620117,0.0,1.4901161193847656e-07,0.8895006,1.0,0.976339,6.341627,6.3071704,6.4954658,6.498402,5.950549,5.92699,6.0771165,6.1242304,0.0,0.37417173385620117,0.1221771240234375,0.19724035263061523,0.08757925033569336
14::40,test,official_test,14,407c,3.2,75.2,False,6.9100704,6.907491,-0.03591315,-0.05088997,-0.0005731582641601562,0.03188451,0.043910027,-0.0011463165283203125,0.001449426,0.034175873,-0.0008597373962402344,takeoff,takeoff,True,0.05088996887207031,0.04391002655029297,0.0,5.960464477539063e-08,-0.18705508,0.0,-0.019389635,6.9100704,6.882896,6.9236913,6.8733153,6.8725553,6.863581,6.958381,6.907491,0.006979942321777344,0.05088996887207031,0.03904294967651367,0.04391002655029297,0.029775142669677734
14::45,test,official_test,14,107c,2.7,8.1,False,5.0369816,3.3865304,0.20134914,0.09578824,-0.5501503944396973,-0.048416972,-0.24298692,-0.5501503944396973,-1.8033834,-1.9478769,-0.5501503944396973,entry,entry,True,1.9478769302368164,0.24298691749572754,0.0,1.1920928955078125e-07,0.9937804,1.0,0.9985362,5.0369816,5.304203,5.143446,5.3344073,3.3384032,3.6295173,3.2907422,3.3865304,1.7048900127410889,1.9478769302368164,0.1693875789642334,0.24298691749572754,0.4446244239807129
14::49,test,official_test,14,407c,3.2,80.0,False,8.855901,8.803753,-0.017278671,-0.011946678,-0.011588414510091145,-0.018548489,-0.0036258698,-0.02317682902018229,-0.016320705,-0.0016260147,-0.01738262176513672,flight,takeoff,False,0.0036258697509765625,0.0036258697509765625,0.0,3.427267074584961e-07,0.5569617,0.5,0.54252464,8.855901,8.835067,8.824206,8.805379,8.826662,8.807379,8.8157,8.803753,0.0,0.0036258697509765625,0.006786346435546875,0.011946678161621094,0.034949302673339844
14::51,test,official_test,14,6243d,3.2,76.8,False,7.923883,7.9932437,0.11935886,0.11708784,0.02312024434407552,-0.10841242,-0.11611128,0.02312024434407552,0.0584143,0.049972057,0.02312024434407552,takeoff,takeoff,True,0.11708784103393555,0.11708784103393555,0.0,8.940696716308594e-08,0.41478294,1.0,0.6471134,7.923883,8.045032,7.822688,7.9432716,7.990258,8.109355,7.876156,7.9932437,0.0,0.11708784103393555,0.08304166793823242,0.11611127853393555,0.018412113189697266
14::52,test,official_test,14,205b,2.9,30.45,False,5.4420505,5.274406,0.3894043,0.45716524,-0.03725433349609375,0.25012732,0.33857346,-0.0745086669921875,-0.8071761,-0.7518163,-0.055881500244140625,entry,entry,True,0.7518162727355957,0.3385734558105469,0.0,5.960464477539063e-08,0.96404314,1.0,0.95824695,5.4420505,5.803263,5.643301,6.026222,4.619084,4.9358325,4.8172407,5.274406,0.41324281692504883,0.7518162727355957,0.397869348526001,0.4571652412414551,0.21156692504882812
14::56,test,official_test,14,205b,2.9,33.35,False,5.405353,4.5470448,0.06958135,0.14129353,-0.19073518117268878,-0.040902775,0.06962967,-0.38147036234537757,-0.8869869,-0.7661638,-0.2861027717590332,entry,entry,True,0.7661638259887695,0.7661638259887695,0.0,0.0,0.9132415,1.0,0.78051484,5.405353,5.445834,5.29653,5.3132086,4.440155,4.477415,4.405751,4.5470448,0.0,0.7661638259887695,0.10546159744262695,0.14129352569580078,0.303067684173584
14::60,test,official_test,14,305c,2.8,71.4,False,7.4840164,7.436676,-0.00087753934,-0.01872158,-0.010520087348090278,-0.06256572,-0.10193634,-0.021040174696180556,0.01610287,-0.011964798,-0.015780131022135414,flight,flight,True,0.10193634033203125,0.011964797973632812,0.0,7.450580596923828e-09,-0.097877845,1.0,0.34504747,7.4840164,7.5024757,7.462314,7.448641,7.52968,7.5386124,7.4553976,7.436676,0.08997154235839844,0.10193634033203125,0.015343189239501953,0.018721580505371094,0.0852823257446289
14::67,test,official_test,14,6243d,3.2,52.8,False,5.7874975,5.6400137,0.096880995,0.13339186,-0.04916127522786458,0.34194574,0.43983984,-0.04916127522786458,-0.58631057,-0.47317553,-0.04916127522786458,entry,entry,True,0.4731755256652832,0.43983983993530273,0.0,1.7881393432617188e-07,0.995131,1.0,0.8752147,5.7874975,5.8757296,6.059411,6.113189,5.115914,5.200174,5.506622,5.6400137,0.03333568572998047,0.4731755256652832,0.28661584854125977,0.43983983993530273,0.24753999710083008
14::69,test,official_test,14,107b,3.0,57.0,False,6.7675753,5.712011,-0.12004471,-0.2334032,-0.3518548011779785,-1.1657591,-1.0523973,-0.4691397349039713,0.23023939,0.45582247,-0.23456986745198566,flight,flight,True,1.0523972511291504,0.23340320587158203,0.0,1.7881393432617188e-07,0.24236412,0.5,0.90778184,6.7675753,6.7816525,5.5092177,5.2561884,6.792995,6.764408,5.945414,5.712011,0.8189940452575684,1.0523972511291504,0.34461283683776855,0.4558224678039551,0.2255864143371582
14::70,test,official_test,14,6243d,3.2,54.4,False,6.3655257,5.93899,0.1070238,0.06787062,-0.14217853546142578,-0.043622416,-0.005803108,-0.14217853546142578,-0.48993698,-0.45324898,-0.14217853546142578,entry,entry,True,0.4532489776611328,0.4532489776611328,0.0,1.7881393432617188e-07,0.7596511,0.5,0.5545627,6.3655257,6.5020604,6.2744417,6.392239,5.8292584,5.944793,5.8711195,5.93899,0.0,0.4532489776611328,0.036836862564086914,0.0678706169128418,0.0353541374206543
14::71,test,official_test,14,6142d,3.1,68.2,False,8.270381,7.4970293,-0.1478452,-0.17772913,-0.17185592651367188,-0.02660791,-0.021475315,-0.34371185302734375,-0.5988986,-0.6102934,-0.2577838897705078,entry,entry,True,0.6102933883666992,0.02147531509399414,0.0,2.9802322387695312e-08,0.89663965,1.0,1.0,8.270381,8.150183,8.236403,8.107323,7.68064,7.5185046,7.6747584,7.4970293,0.5888180732727051,0.6102933883666992,0.09960222244262695,0.17772912979125977,0.03614616394042969
14::79,test,official_test,14,205b,2.9,56.55,False,6.7406898,6.641754,0.0322295,0.031141281,-0.03297853469848633,-0.024286667,-0.015760899,-0.03297853469848633,-0.10687844,-0.09139919,-0.03297853469848633,entry,entry,True,0.0913991928100586,0.01576089859008789,0.0,4.470348358154297e-08,0.69543165,1.0,0.7229995,6.7406898,6.774954,6.7088237,6.7331533,6.6192784,6.657515,6.610613,6.641754,0.0756382942199707,0.0913991928100586,0.02345108985900879,0.031141281127929688,0.022916793823242188
14::82,test,official_test,14,5253b,3.2,57.6,False,7.803068,7.6141496,-0.09899775,-0.09625864,-0.041981909010145396,0.03995784,0.0040431023,-0.08396381802029079,-0.12987868,-0.17497635,-0.0629728635152181,entry,entry,True,0.17497634887695312,0.004043102264404297,0.0,1.2665987014770508e-07,0.7949357,1.0,0.519036,7.803068,7.7002687,7.877878,7.789126,7.7172246,7.6101065,7.710408,7.6141496,0.17093324661254883,0.17497634887695312,0.05015087127685547,0.09625864028930664,0.07827329635620117
14::83,test,official_test,14,5253b,3.2,72.0,False,6.868354,6.9935675,-0.08850646,-0.11668587,0.02782524956597222,0.06337476,0.033391,0.05565049913194444,0.15034533,0.15518332,0.04173787434895833,entry,entry,True,0.1551833152770996,0.11668586730957031,0.0,1.4901161193847656e-08,0.430608,0.5,-0.5186093,6.868354,6.809699,6.9633846,6.838384,7.0155334,6.9601765,7.1102533,6.9935675,0.0384974479675293,0.1551833152770996,0.07503843307495117,0.11668586730957031,0.05332517623901367
14::85,test,official_test,14,5253b,3.2,67.2,False,7.567554,7.5376687,-0.0867784,-0.06867933,-0.009961764017740885,0.15603375,0.2076106,-0.009961764017740885,-0.099140644,-0.063667774,-0.009961764017740885,flight,flight,True,0.2076106071472168,0.06366777420043945,0.0,1.2665987014770508e-07,0.9342159,0.5,0.8596503,7.567554,7.4652863,7.6746206,7.6013365,7.43555,7.330058,7.606348,7.5376687,0.14394283294677734,0.2076106071472168,0.06617355346679688,0.0686793327331543,0.1051487922668457
14::86,test,official_test,14,5253b,3.2,80.0,False,7.8076134,7.6528482,-0.060841084,-0.07259703,-0.03439225090874566,0.078992605,0.06477642,-0.06878450181749132,-0.17291665,-0.18174553,-0.051588376363118485,entry,entry,True,0.1817455291748047,0.06477642059326172,0.0,1.564621925354004e-07,0.9744923,1.0,0.96067137,7.8076134,7.757786,7.9000797,7.834594,7.642783,7.588072,7.7254453,7.6528482,0.11696910858154297,0.1817455291748047,0.06868672370910645,0.07259702682495117,0.03480100631713867
17::2,test,official_test,17,405b,3.0,67.5,False,6.998415,7.054214,-0.013448954,-0.020122051,0.018599669138590492,0.100821495,0.09925318,0.018599669138590492,-0.031573534,-0.02439785,0.018599669138590492,flight,flight,True,0.09925317764282227,0.09925317764282227,0.0,6.705522537231445e-08,0.43271947,0.5,0.18120827,6.998415,6.988705,7.097871,7.078612,6.956732,6.954961,7.074336,7.054214,0.0,0.09925317764282227,0.022259950637817383,0.024397850036621094,0.0010657310485839844
17::6,test,official_test,17,205b,3.0,67.5,False,7.532708,7.7359586,-0.14830334,-0.16685677,0.045166757371690534,0.16330497,0.16143894,0.045166757371690534,0.1882488,0.2098732,0.11291689342922635,entry,entry,True,0.20987319946289062,0.1668567657470703,0.0,2.0116567611694336e-07,0.8166093,1.0,0.8640637,7.532708,7.404238,7.699159,7.5260854,7.7006125,7.5745196,7.9028153,7.7359586,0.04301643371582031,0.20987319946289062,0.16414785385131836,0.1668567657470703,0.0012049674987792969
17::10,test,official_test,17,205b,3.0,72.0,False,8.288749,8.37597,0.01237456,0.02198124,0.019382476806640625,-0.01985391,-0.01525116,0.03876495361328125,0.09470049,0.08914375,0.029073715209960938,entry,entry,True,0.08914375305175781,0.021981239318847656,0.0,3.501772880554199e-07,0.83820647,1.0,0.95386297,8.288749,8.291596,8.264372,8.286826,8.389086,8.391221,8.353989,8.37597,0.06716251373291016,0.08914375305175781,0.018616199493408203,0.021981239318847656,0.008652687072753906
17::13,test,official_test,17,205b,3.0,72.0,False,8.243769,8.225823,-0.06610171,-0.07223034,-0.005981763203938802,0.05765565,0.047837257,-0.005981763203938802,-0.009499232,-0.015138626,-0.005981763203938802,takeoff,takeoff,True,0.07223033905029297,0.07223033905029297,0.0,3.501772880554199e-07,0.40686235,0.5,0.24552062,8.243769,8.183323,8.31077,8.240962,8.239436,8.177986,8.298054,8.225823,0.0,0.07223033905029297,0.03148794174194336,0.047837257385253906,0.02158641815185547
17::14,test,official_test,17,5253b,3.4,84.15,False,8.448971,8.39778,-0.1960082,-0.19478607,-0.011375639173719617,-0.062728405,-0.061385155,-0.022751278347439233,0.20754623,0.22398376,-0.017063458760579426,entry,entry,True,0.2239837646484375,0.061385154724121094,0.0,4.172325134277344e-07,0.88038397,1.0,0.93323904,8.448971,8.252931,8.386089,8.173797,8.64127,8.459166,8.5925665,8.39778,0.1625986099243164,0.2239837646484375,0.12808561325073242,0.19478607177734375,0.019002914428710938
17::20,test,official_test,17,205b,3.0,67.5,False,6.6500835,6.612939,-0.052462976,-0.058002472,-0.008254369099934895,-0.052918117,-0.05940628,-0.01650873819986979,0.06823643,0.067287445,-0.012381553649902344,entry,entry,True,0.06728744506835938,0.059406280517578125,0.0,1.1175870895385742e-07,0.76113766,0.0,0.39809152,6.6500835,6.598475,6.5989685,6.5456514,6.714584,6.672345,6.6709414,6.612939,0.00788116455078125,0.06728744506835938,0.058704376220703125,0.059406280517578125,0.012976646423339844
17::25,test,official_test,17,205b,3.0,76.5,False,7.750927,7.7783403,-0.074985504,-0.09070492,0.0060918596055772566,0.030256271,0.008852959,0.012183719211154513,0.0721426,0.06805515,0.009137789408365885,takeoff,takeoff,True,0.09070491790771484,0.008852958679199219,0.0,1.4156103134155273e-07,0.92294586,0.0,-0.81953114,7.750927,7.6918535,7.802779,7.710285,7.8273497,7.7694874,7.8690453,7.7783403,0.08185195922851562,0.09070491790771484,0.03845405578613281,0.0680551528930664,0.041210174560546875
17::29,test,official_test,17,405b,3.0,72.0,False,7.3822966,7.4870505,-0.11705009,-0.12159681,0.02327866024441189,0.1217955,0.088074684,0.02327866024441189,0.10000857,0.07633734,0.058196650611029736,flight,takeoff,False,0.0880746841430664,0.07633733749389648,0.0,2.1606683731079102e-07,0.73094267,0.5,0.80642444,7.3822966,7.2682314,7.536251,7.410713,7.5044146,7.398976,7.6086473,7.4870505,0.011737346649169922,0.0880746841430664,0.09896707534790039,0.1215968132019043,0.06193876266479492
17::33,test,official_test,17,207c,3.6,77.0,False,7.744346,7.4604053,-0.028958717,-0.02352953,-0.06309795379638672,-0.052600067,-0.059086323,-0.12619590759277344,-0.20238201,-0.21628952,-0.09464693069458008,entry,entry,True,0.21628952026367188,0.21628952026367188,0.0,1.1175870895385742e-07,0.822212,1.0,0.7995503,7.744346,7.7125225,7.7007966,7.676695,7.558436,7.5194917,7.483935,7.4604053,0.0,0.21628952026367188,0.041307926177978516,0.05908632278442383,0.014964580535888672
17::43,test,official_test,17,407c,3.4,42.5,False,5.574831,4.835584,0.025492668,0.016706467,-0.2464156150817871,-0.026111841,-0.0209589,-0.2464156150817871,-0.7386277,-0.73741055,-0.2464156150817871,entry,entry,True,0.7374105453491211,0.020958900451660156,0.0,0.0,0.8484809,0.5,0.9735592,5.574831,5.6119943,5.5464506,5.5729947,4.8378706,4.856543,4.8188777,4.835584,0.7164516448974609,0.7374105453491211,0.018832683563232422,0.020958900451660156,0.0024161338806152344
17::44,test,official_test,17,107b,3.1,65.1,False,7.5275764,7.324773,0.10473474,0.10479498,-0.04506746927897135,-0.030282894,0.0450449,-0.0901349385579427,-0.27725545,-0.19357586,-0.06760120391845703,entry,entry,True,0.19357585906982422,0.045044898986816406,0.0,1.1175870895385742e-07,0.76624256,0.5,0.960217,7.5275764,7.6265483,7.416263,7.5183487,7.1609387,7.279728,7.219978,7.324773,0.1485309600830078,0.19357585906982422,0.0749199390411377,0.10479497909545898,0.15906763076782227
17::53,test,official_test,17,107b,3.1,65.1,False,8.403206,8.504882,-0.0623285,-0.066799164,0.022594663831922743,-0.09181563,-0.091890335,0.04518932766384549,0.25582013,0.25852585,0.03389199574788411,entry,entry,True,0.2585258483886719,0.2585258483886719,0.0,3.203749656677246e-07,0.9873514,1.0,0.9960107,8.403206,8.346912,8.313029,8.246356,8.657885,8.596772,8.571681,8.504882,0.0,0.2585258483886719,0.0793447494506836,0.09189033508300781,0.0018396377563476562
17::68,test,official_test,17,5154b,3.4,81.6,False,7.703209,8.26071,0.0667158,0.06547928,0.12388907538519965,-0.10855929,-0.097779274,0.2477781507703993,0.5993443,0.5949278,0.18583361307779947,entry,entry,True,0.5949277877807617,0.5949277877807617,0.0,4.246830940246582e-07,0.36224338,0.5,0.9764651,7.703209,7.769313,7.582021,7.665782,8.305121,8.358489,8.1952305,8.26071,0.0,0.5949277877807617,0.08162927627563477,0.0977792739868164,0.005126953125
17::79,test,official_test,17,5353b,3.3,70.95,False,7.540242,7.6382403,0.008881013,-0.025494576,0.043554729885525174,0.29141346,0.4024558,0.043554729885525174,-0.20229633,-0.07337332,0.010888682471381294,flight,flight,True,0.40245580673217773,0.07337331771850586,0.0,1.4901161193847656e-07,0.8848737,0.0,0.9977481,7.540242,7.5951796,7.732294,7.7116137,7.2207036,7.2357845,7.663735,7.6382403,0.3290824890136719,0.40245580673217773,0.04943394660949707,0.07337331771850586,0.20558977127075195
17::80,test,official_test,17,307c,3.5,57.75,False,7.3291936,8.220122,-0.13479066,-0.1149168,0.3959683312310113,0.31743407,0.28836966,0.3959683312310113,0.70828533,0.6867089,0.09899208280775282,entry,entry,True,0.686708927154541,0.686708927154541,0.0,1.4156103134155273e-07,0.81515735,0.5,0.9902052,7.3291936,7.1665754,7.6677384,7.5334134,8.051102,7.9317527,8.335039,8.220122,0.0,0.686708927154541,0.2016432285308838,0.28836965560913086,0.030766963958740234
17::84,test,official_test,17,205b,3.0,76.5,False,8.469069,8.580003,-0.078574814,-0.08013058,0.036978085835774735,-0.008434932,-0.016155243,0.036978085835774735,0.197944,0.20069504,0.036978085835774735,entry,entry,True,0.20069503784179688,0.20069503784179688,0.0,5.21540641784668e-08,0.84641933,0.5,0.987535,8.469069,8.394412,8.470716,8.379308,8.666624,8.596158,8.660133,8.580003,0.0,0.20069503784179688,0.04814291000366211,0.08013057708740234,0.0065250396728515625
17::85,test,official_test,17,109c,3.8,81.7,False,8.029289,8.0216465,-0.09208862,-0.11636448,-0.003396775987413194,0.27494583,0.41716766,-0.0025475819905598955,-0.19049995,-0.0666666,-0.001698387993706597,flight,flight,True,0.41716766357421875,0.41716766357421875,0.0,1.7136335372924805e-07,-0.51713693,0.0,0.75826156,8.029289,7.9655895,8.166126,8.088313,7.719069,7.604479,8.138011,8.0216465,0.0,0.41716766357421875,0.09151554107666016,0.1163644790649414,0.24177932739257812
17::87,test,official_test,17,205b,3.0,72.0,False,7.9991403,7.869772,-0.060014803,-0.071926594,-0.05749702453613281,-0.042576153,-0.11920309,-0.04312276840209961,-0.026777348,-0.09570885,-0.028748512268066406,takeoff,flight,False,0.07192659378051758,0.09570884704589844,0.0,2.086162567138672e-07,0.58185375,0.0,0.92543983,7.9991403,7.9494815,8.031635,7.965481,8.039739,7.988975,7.9416986,7.869772,-0.02378225326538086,0.07192659378051758,0.10745596885681152,0.11920309066772461,0.1574702262878418
17::97,test,official_test,17,307c,3.5,63.0,False,7.800688,7.3209558,0.039499044,0.058119297,-0.2132142384847005,-0.23872423,-0.2363472,-0.1599106788635254,-0.28050685,-0.2893734,-0.10660711924235025,entry,entry,True,0.28937339782714844,0.05811929702758789,0.0,1.1175870895385742e-07,0.89097273,1.0,0.60117334,7.800688,7.823853,7.561873,7.610329,7.531334,7.557303,7.2628365,7.3209558,0.23125410079956055,0.28937339782714844,0.147233247756958,0.23634719848632812,0.0121307373046875
17::103,test,official_test,17,407c,3.4,81.6,False,8.035371,7.9815516,-0.018175045,-0.022789478,-0.017939726511637367,-0.04483525,-0.052813053,-0.017939726511637367,0.009191115,0.0055041313,-0.017939726511637367,flight,flight,True,0.052813053131103516,0.052813053131103516,0.0,1.564621925354004e-07,0.57840353,0.5,0.5513645,8.035371,8.020686,7.9973893,7.9760475,8.047125,8.034365,8.004341,7.9815516,0.0,0.052813053131103516,0.014146804809570312,0.022789478302001953,0.016279220581054688
17::112,test,official_test,17,407c,3.4,78.2,False,8.534766,8.251722,-0.04660209,-0.041474342,-0.06289863586425781,-0.076052986,-0.07632828,-0.12579727172851562,-0.16038878,-0.17088795,-0.09434795379638672,entry,entry,True,0.17088794708251953,0.041474342346191406,0.0,6.705522537231445e-08,0.48315245,0.5,-0.27521044,8.534766,8.48266,8.458612,8.42261,8.3845005,8.328051,8.293197,8.251722,0.12941360473632812,0.17088794708251953,0.058901309967041016,0.07632827758789062,0.005646705627441406
17::114,test,official_test,17,307c,3.5,80.5,False,8.148904,7.899089,-0.16818428,-0.16272163,-0.1110288831922743,-0.04490328,-0.088225365,-0.08327166239420572,-0.03672743,-0.08237171,-0.05551444159613715,takeoff,takeoff,True,0.1627216339111328,0.08237171173095703,0.0,1.4156103134155273e-07,0.6870987,0.5,0.039521575,8.148904,7.9735193,8.145585,7.9814606,8.156083,7.987314,8.0618105,7.899089,0.08034992218017578,0.1627216339111328,0.08529853820800781,0.0882253646850586,0.08350372314453125
17::125,test,official_test,17,5154b,3.4,74.8,False,7.6986556,7.7398863,-0.032319386,-0.04529667,0.018324746025933158,0.6535196,0.8038235,0.01374355951944987,-0.57996947,-0.41991138,0.009162373012966579,flight,flight,True,0.8038234710693359,0.045296669006347656,0.0,1.4901161193847656e-07,0.117611766,0.0,0.99483114,7.6986556,7.6795897,8.2021475,8.159798,6.9589043,6.936063,7.785183,7.7398863,0.7585268020629883,0.8038234710693359,0.2326040267944336,0.41991138458251953,0.29738473892211914
17::138,test,official_test,17,5353b,3.3,69.3,False,7.3269644,7.245923,-0.073080145,-0.090461254,-0.03601837158203125,0.15538566,0.2337513,-0.027013778686523438,-0.16334684,-0.0767622,-0.018009185791015625,entry,flight,False,0.07676219940185547,0.09046125411987305,0.0,2.9802322387695312e-08,0.9006476,0.5,0.93728924,7.3269644,7.269729,7.402448,7.3226852,7.0754967,7.0121717,7.3363843,7.245923,-0.013699054718017578,0.07676219940185547,0.16210627555847168,0.2337512969970703,0.1475691795349121
17::150,test,official_test,17,305b,3.0,76.5,False,6.687049,7.448325,-0.06620654,-0.06850147,0.3383449978298611,1.2358829,1.4041357,0.3383449978298611,-0.40840015,-0.24501467,0.08458624945746528,flight,flight,True,1.4041357040405273,1.4041357040405273,0.0,1.4901161193847656e-07,0.97852397,1.0,0.6921924,6.687049,6.6305127,7.7620544,7.69334,6.1226387,6.0441895,7.5168266,7.448325,0.0,1.4041357040405273,0.15675806999206543,0.24501466751098633,0.329343318939209
17::151,test,official_test,17,205b,3.0,72.0,False,6.947734,6.6883197,-0.025566816,-0.039306164,-0.11529519822862412,0.07126832,0.10918903,-0.11529519822862412,-0.3051157,-0.26738834,-0.02882379955715603,entry,entry,True,0.26738834381103516,0.10918903350830078,0.0,2.2351741790771484e-08,0.9679229,1.0,0.56535465,6.947734,6.9371877,6.9823627,6.955708,6.606172,6.5791306,6.727626,6.6883197,0.15819931030273438,0.26738834381103516,0.07424759864807129,0.10918903350830078,0.061908721923828125
17::153,test,official_test,17,5353b,3.3,69.3,False,7.8281984,7.634483,-0.08387915,-0.0916872,-0.08609580993652344,0.04520448,0.034181595,-0.06457185745239258,-0.1550409,-0.1566925,-0.04304790496826172,entry,entry,True,0.1566925048828125,0.1566925048828125,0.0,0.0,0.9157207,0.5,0.4697135,7.8281984,7.749905,7.8822036,7.7911754,7.672587,7.6003013,7.72617,7.634483,0.0,0.1566925048828125,0.06293439865112305,0.09168720245361328,0.020482540130615234
17::160,test,official_test,17,5154b,3.4,81.6,False,7.9864774,7.9866924,-0.059805553,-0.07016182,9.557935926649305e-05,0.5791722,0.82887745,7.168451944986978e-05,-0.5191516,-0.2648821,4.7789679633246524e-05,flight,flight,True,0.8288774490356445,0.07016181945800781,0.0,2.9802322387695312e-08,0.22743306,0.5,0.9874193,7.9864774,7.936725,8.315641,8.2515745,7.2127533,7.157815,8.056854,7.9866924,0.7587156295776367,0.8288774490356445,0.16752195358276367,0.26488208770751953,0.4936184883117676
17::162,test,official_test,17,109c,3.8,74.1,False,7.419145,7.171077,-0.14104342,-0.1659007,-0.11025259229871961,0.052416086,0.11492252,-0.0826894442240397,-0.159441,-0.13769531,-0.05512629614935981,entry,takeoff,False,0.1376953125,0.16590070724487305,0.0,1.4156103134155273e-07,0.8449855,0.5,0.8903393,7.419145,7.3303213,7.436417,7.308772,7.265321,7.0561543,7.3369775,7.171077,-0.028205394744873047,0.1376953125,0.1404116153717041,0.16590070724487305,0.05939483642578125
17::163,test,official_test,17,5154b,3.4,73.1,False,8.046566,8.070029,-0.07695595,-0.08040142,0.010428110758463541,0.51421124,0.76083946,0.007821083068847656,-0.41379204,-0.16725445,0.0052140553792317705,flight,flight,True,0.7608394622802734,0.16725444793701172,0.0,4.172325134277344e-07,0.20194532,0.5,0.997716,8.046566,7.9741225,8.315216,8.237284,7.3873034,7.30919,8.150431,8.070029,0.5935850143432617,0.7608394622802734,0.12382793426513672,0.16725444793701172,0.48972034454345703
17::164,test,official_test,17,5154b,3.4,0.0,False,6.1090155,5.853818,-0.16401386,-0.13266277,-0.08506584167480469,-0.16557217,-0.1249218,-0.08506584167480469,0.074388504,0.12409115,-0.08506584167480469,flight,takeoff,False,0.12492179870605469,0.12409114837646484,0.0,2.384185791015625e-07,0.667828,0.5,0.27504456,6.1090155,5.9218526,5.910995,5.729727,6.1419034,5.9787397,5.9864807,5.853818,0.0008306503295898438,0.12492179870605469,0.12837696075439453,0.13266277313232422,0.1217041015625
17::169,test,official_test,17,5353b,3.3,82.5,False,7.9121933,7.8277497,-0.068796,-0.07616329,-0.037530475192599826,0.24501841,0.28187323,-0.028147856394449867,-0.26066598,-0.21716738,-0.018765237596299913,entry,flight,False,0.21716737747192383,0.21716737747192383,0.0,1.4901161193847656e-07,0.2508396,0.5,0.1034082,7.9121933,7.8500586,8.119651,8.044917,7.6073227,7.5458765,7.903913,7.8277497,0.0,0.21716737747192383,0.17901825904846191,0.2818732261657715,0.07298612594604492
18::13,test,official_test,18,5154b,3.4,78.2,False,7.356526,7.4763856,0.13248079,0.12505245,0.053270975748697914,0.07391969,0.098095894,0.03995323181152344,-0.08654078,-0.039623737,0.026635487874348957,takeoff,takeoff,True,0.12505245208740234,0.03962373733520508,0.0,1.4156103134155273e-07,0.4441452,1.0,-0.54660946,7.356526,7.489255,7.3990893,7.5160093,7.215888,7.3782897,7.351333,7.4763856,0.08542871475219727,0.12505245208740234,0.06885981559753418,0.09809589385986328,0.06366491317749023
18::20,test,official_test,18,5353b,3.3,84.15,False,7.933469,8.612621,0.002096494,-0.0014543533,0.22638416290283203,0.05650242,0.041377068,0.22638416290283203,0.62055355,0.6075411,0.22638416290283203,entry,entry,True,0.6075410842895508,0.6075410842895508,0.0,2.60770320892334e-07,0.9993666,1.0,0.99834293,7.933469,7.9406934,8.006674,8.00508,8.568612,8.571244,8.614076,8.612621,0.0,0.6075410842895508,0.02141571044921875,0.04137706756591797,0.031688690185546875
18::28,test,official_test,18,5353b,3.3,74.25,False,7.4648037,7.3911433,-0.030838251,-0.027292252,-0.032737943861219615,0.37503672,0.53355455,-0.02455345789591471,-0.41785884,-0.25941992,-0.016368971930609807,entry,flight,False,0.25941991806030273,0.25941991806030273,0.0,1.4156103134155273e-07,-0.04285784,0.0,0.9896635,7.4648037,7.436654,7.687557,7.6505632,6.8947406,6.857589,7.4184356,7.3911433,0.0,0.25941991806030273,0.2804234027862549,0.5335545539855957,0.32050275802612305
18::37,test,official_test,18,5353b,3.3,79.2,False,7.976876,8.515852,-0.021298409,-0.024533272,0.2395449744330512,0.120343685,0.16091537,0.1796587308247884,0.43993092,0.48741913,0.1197724872165256,entry,entry,True,0.48741912841796875,0.16091537475585938,0.0,1.564621925354004e-07,0.6670202,0.5,0.8921363,7.976876,7.958666,8.056501,8.028433,8.369172,8.354937,8.540385,8.515852,0.3265037536621094,0.48741912841796875,0.09272432327270508,0.16091537475585938,0.08482503890991211
18::38,test,official_test,18,407c,3.4,86.7,False,8.674338,8.572643,-0.048168022,-0.037341118,-0.022598902384440102,-0.051570255,-0.043992043,-0.045197804768880204,-0.0019567807,-0.0055160522,-0.033898353576660156,flight,flight,True,0.043992042541503906,0.00551605224609375,0.0,1.4156103134155273e-07,0.6290357,0.5,-0.034744073,8.674338,8.6139765,8.613823,8.578159,8.674574,8.616635,8.609984,8.572643,0.038475990295410156,0.043992042541503906,0.021428585052490234,0.03734111785888672,0.014845848083496094
18::42,test,official_test,18,307c,3.5,82.25,False,8.675694,8.750287,-0.113037586,-0.10608387,0.033152262369791664,0.14935637,0.15826416,0.02486419677734375,0.03827381,0.048662186,0.016576131184895832,flight,flight,True,0.15826416015625,0.15826416015625,0.0,9.685754776000977e-08,0.7739571,0.0,0.9633934,8.675694,8.5539875,8.814427,8.701625,8.701864,8.592023,8.856371,8.750287,0.0,0.15826416015625,0.07737302780151367,0.10608386993408203,0.02624988555908203
18::47,test,official_test,18,5154b,3.4,86.7,False,7.4509344,7.5524,-0.03480355,-0.04410982,0.045095867580837674,-0.038640898,0.04073286,0.03382190068562825,0.17491014,0.26838064,0.022547933790418837,entry,entry,True,0.26838064193725586,0.26838064193725586,0.0,8.195638656616211e-08,-0.28225723,0.0,-0.5275407,7.4509344,7.424891,7.3323736,7.2840195,7.531828,7.5116673,7.59651,7.5524,0.0,0.26838064193725586,0.04242134094238281,0.04410982131958008,0.16353797912597656
18::58,test,official_test,18,109c,3.8,96.9,False,8.394223,8.378557,-0.27639008,-0.032733917,-0.006962670220269097,0.09810209,0.29145432,-0.005222002665201822,0.16262197,0.33248043,-0.0034813351101345485,takeoff,entry,False,0.032733917236328125,0.032733917236328125,0.0,1.2665987014770508e-07,0.6962886,0.0,0.78991103,8.394223,7.879195,8.303991,8.046077,8.392005,8.087103,8.411291,8.378557,0.0,0.032733917236328125,0.3119673728942871,0.33248043060302734,0.6068668365478516
18::61,test,official_test,18,205b,3.0,75.0,False,8.127855,8.217613,0.035447598,0.03515911,0.01994620429144965,-0.014278889,-0.001282692,0.0398924085828993,0.06858921,0.08105278,0.029919306437174477,entry,entry,True,0.08105278015136719,0.08105278015136719,0.0,2.1606683731079102e-07,0.6500172,0.5,0.8411549,8.127855,8.163738,8.100727,8.13656,8.184128,8.218896,8.182454,8.217613,0.0,0.08105278015136719,0.018220901489257812,0.03515911102294922,0.025171279907226562
18::65,test,official_test,18,5154b,3.4,22.1,False,7.088821,6.1595054,-0.042306583,-0.052553654,-0.3097718556722005,-0.68693537,-0.788784,-0.41302914089626735,-0.20007364,-0.29412842,-0.20651457044813368,flight,flight,True,0.7887840270996094,0.7887840270996094,0.0,2.2351741790771484e-07,0.627313,0.5,0.93598163,7.088821,7.04615,6.493123,6.453634,6.972191,6.9482894,6.212059,6.1595054,0.0,0.7887840270996094,0.1733410358428955,0.29412841796875,0.20615053176879883
22::5,test,official_test,22,405b,3.0,63.0,False,7.2941694,7.1410546,-0.061190844,-0.06356192,-0.051038265228271484,-0.013671875,-0.0060772896,-0.051038265228271484,-0.07825208,-0.070282936,-0.051038265228271484,entry,entry,True,0.0702829360961914,0.0702829360961914,0.0,7.450580596923828e-09,0.85410666,1.0,-0.4302426,7.2941694,7.2350903,7.2726436,7.2113376,7.207689,7.147132,7.2046165,7.1410546,0.0,0.0702829360961914,0.034819602966308594,0.06356191635131836,0.01319265365600586
22::11,test,official_test,22,107c,2.8,51.8,False,6.540839,5.6128807,0.062131166,0.024609089,-0.4124259948730469,-0.2146275,-0.22240019,-0.30931949615478516,-0.77546215,-0.78401375,-0.20621299743652344,entry,entry,True,0.7840137481689453,0.22240018844604492,0.0,0.0,0.985183,1.0,0.88108724,6.540839,6.6286345,6.3221264,6.3968945,5.7620707,5.835281,5.5882716,5.6128807,0.5616135597229004,0.7840137481689453,0.123504638671875,0.22240018844604492,0.05384635925292969
22::20,test,official_test,22,205c,2.8,54.6,False,6.4722533,6.5263977,0.044117372,0.014966965,0.01804812749226888,0.0035659473,-0.0012731552,0.01804812749226888,0.006461064,-0.0036616325,0.01804812749226888,takeoff,takeoff,True,0.014966964721679688,0.0012731552124023438,0.0,2.086162567138672e-07,0.22805917,0.0,1.0,6.4722533,6.54413,6.479267,6.5300593,6.487446,6.527671,6.5114307,6.5263977,0.013693809509277344,0.014966964721679688,0.0024673938751220703,0.003661632537841797,0.044112205505371094
22::24,test,official_test,22,205c,2.8,68.6,False,6.4895425,5.857686,-0.09245523,-0.09864426,-0.14041254255506727,-0.16177447,-0.1416049,-0.28082508511013454,-0.37762675,-0.34569025,-0.2106188138326009,entry,entry,True,0.3456902503967285,0.3456902503967285,0.0,2.9802322387695312e-08,0.62078625,0.5,1.0,6.4895425,6.420908,6.32523,6.2033763,6.097611,5.999291,5.9563303,5.857686,0.0,0.3456902503967285,0.12012457847595215,0.14160490036010742,0.04591703414916992
22::26,test,official_test,22,205c,2.8,36.4,False,6.468783,5.6408024,-0.16673422,-0.15722466,-0.18399567074245876,-0.055110216,-0.03980732,-0.3679913414849175,-0.6061361,-0.59094954,-0.2759935061136881,entry,entry,True,0.590949535369873,0.1572246551513672,0.0,8.940696716308594e-08,0.9423542,1.0,1.0,6.468783,6.303754,6.4095845,6.231752,5.858675,5.6806097,5.798027,5.6408024,0.43372488021850586,0.590949535369873,0.09851598739624023,0.1572246551513672,0.03999900817871094
22::28,test,official_test,22,205c,2.8,35.0,False,6.366842,5.4831805,0.08453711,0.05670595,-0.2945537567138672,0.26747164,0.24144936,-0.2945537567138672,-1.23567,-1.2395387,-0.2945537567138672,entry,entry,True,1.2395386695861816,0.24144935607910156,0.0,1.1920928955078125e-07,0.9906136,1.0,1.0,6.366842,6.4288335,6.609959,6.722719,5.084664,5.241731,5.4264746,5.4831805,0.9980893135070801,1.2395386695861816,0.1490776538848877,0.24144935607910156,0.05772209167480469
22::30,test,official_test,22,205c,2.8,57.4,False,6.4978166,7.1726193,0.020311197,0.026212692,0.22493426005045572,-0.060264032,-0.054090023,0.22493426005045572,0.7147556,0.7180939,0.22493426005045572,entry,entry,True,0.7180938720703125,0.026212692260742188,0.0,1.2665987014770508e-07,0.98538584,1.0,1.0,6.4978166,6.516331,6.4354835,6.4545255,7.213339,7.2267094,7.1464067,7.1726193,0.6918811798095703,0.7180938720703125,0.040151357650756836,0.054090023040771484,0.015413761138916016
22::35,test,official_test,22,405c,2.7,36.45,False,6.5670958,4.345211,-0.14080866,-0.09195471,-0.4937521616617838,-0.2147549,-0.22240686,-0.9875043233235676,-1.8663212,-1.8648667,-0.7406282424926758,entry,entry,True,1.8648667335510254,1.8648667335510254,0.0,2.086162567138672e-07,0.9865569,1.0,0.9977822,6.5670958,6.344376,6.326936,6.210078,4.666263,4.567618,4.4371657,4.345211,0.0,1.8648667335510254,0.1571807861328125,0.22240686416625977,0.04265642166137695
22::36,test,official_test,22,305c,2.8,64.4,False,8.17662,8.59904,-0.11211443,-0.10145378,0.18774244520399305,0.45259905,0.4779892,0.14080683390299478,0.08193588,0.10305023,0.09387122260199653,flight,flight,True,0.47798919677734375,0.10305023193359375,0.0,1.564621925354004e-07,0.5666445,0.5,0.984502,8.17662,8.054236,8.60422,8.49599,8.237833,8.121051,8.700494,8.59904,0.37493896484375,0.47798919677734375,0.10225200653076172,0.10305023193359375,0.05716514587402344
22::41,test,official_test,22,205b,3.0,30.0,False,5.2656407,4.7127557,-0.18905902,-0.19246578,-0.12286334567599826,-0.17976642,-0.14100409,-0.2457266913519965,-0.18405962,-0.18279648,-0.18429501851399738,takeoff,takeoff,True,0.19246578216552734,0.14100408554077148,0.0,1.4901161193847656e-07,0.5463335,0.0,0.74425393,5.2656407,5.0587893,5.025913,4.895552,5.0591187,4.85376,4.9052215,4.7127557,0.05146169662475586,0.19246578216552734,0.16190028190612793,0.18279647827148438,0.036618709564208984
22::47,test,official_test,22,5152b,3.0,46.5,False,6.852378,5.8329787,-0.10548544,-0.08195162,-0.45306629604763454,0.6952605,0.80744743,-0.3397997220357259,-1.6091743,-1.4908028,-0.22653314802381727,entry,entry,True,1.4908027648925781,0.8074474334716797,0.0,8.940696716308594e-08,0.56893986,0.5,0.9587908,6.852378,6.726655,7.438748,7.3237815,5.1281285,5.0255313,5.9149303,5.8329787,0.6833553314208984,1.4908027648925781,0.4446995258331299,0.8074474334716797,0.2540922164916992
26::6,test,official_test,26,405b,3.0,63.0,False,6.7497373,6.828847,-0.1030705,-0.11929178,0.026369889577229817,0.06393719,0.05862856,0.026369889577229817,0.11824298,0.12663317,0.026369889577229817,entry,entry,True,0.1266331672668457,0.05862855911254883,0.0,7.450580596923828e-08,0.6133962,0.5,-0.45057362,6.7497373,6.664211,6.820306,6.702214,6.860913,6.7702184,6.9481387,6.828847,0.06800460815429688,0.1266331672668457,0.08896017074584961,0.11929178237915039,0.013139724731445312
26::7,test,official_test,26,5152b,3.0,70.5,False,7.726768,8.230215,0.15249436,0.13657284,0.22375424702962238,0.53794426,0.59858274,0.1678156852722168,-0.18699153,-0.101719856,0.11187712351481119,flight,flight,True,0.5985827445983887,0.13657283782958984,0.0,4.3958425521850586e-07,0.5795948,0.5,0.98215914,7.726768,7.8931813,8.202071,8.331935,7.4525023,7.6316323,8.093642,8.230215,0.46200990676879883,0.5985827445983887,0.11914634704589844,0.13657283782958984,0.1299886703491211
26::14,test,official_test,26,305b,3.0,58.5,False,6.976389,6.67392,-0.06704608,-0.062815666,-0.1344305674235026,0.30497822,0.3265066,-0.10082292556762695,-0.5404009,-0.53024054,-0.0672152837117513,entry,entry,True,0.530240535736084,0.06281566619873047,0.0,1.1920928955078125e-07,0.9317006,1.0,0.88206273,6.976389,6.9057546,7.260481,7.2041607,6.42647,6.3474135,6.736736,6.67392,0.4674248695373535,0.530240535736084,0.19466114044189453,0.3265066146850586,0.035919189453125
26::16,test,official_test,26,107b,3.1,65.1,False,7.2558365,6.810127,0.12816286,0.13737726,-0.19809320237901473,0.09031153,0.10595846,-0.09904660118950737,-0.6641841,-0.6496959,-0.14856990178426105,entry,entry,True,0.649695873260498,0.649695873260498,0.0,1.4901161193847656e-07,0.41119757,0.5,-0.04017794,7.2558365,7.3753033,7.3310194,7.4598227,6.5776825,6.7041683,6.6727495,6.810127,0.0,0.649695873260498,0.12166786193847656,0.13737726211547852,0.03934955596923828
26::19,test,official_test,26,205b,3.0,52.5,False,5.8966312,6.5069733,0.21468313,0.212399,0.13563156127929688,0.15256555,0.11561298,0.13563156127929688,0.24309333,0.2462678,0.3390789031982422,entry,entry,True,0.24626779556274414,0.11561298370361328,0.0,4.470348358154297e-08,0.9423544,1.0,0.00998257,5.8966312,6.125065,6.0976157,6.2607055,6.1480165,6.3913603,6.2945743,6.5069733,0.13065481185913086,0.24626779556274414,0.16400599479675293,0.21239900588989258,0.03606224060058594
26::25,test,official_test,26,205b,3.0,63.0,False,6.615977,6.8393984,-0.056684334,-0.072125435,0.04964923858642578,0.16895215,0.19351816,0.04964923858642578,0.11115376,0.13751125,0.12412309646606445,flight,flight,True,0.19351816177368164,0.07212543487548828,0.0,1.862645149230957e-07,0.86460114,0.5,0.9449646,6.615977,6.57349,6.7591195,6.701887,6.6995296,6.64588,6.911524,6.8393984,0.12139272689819336,0.19351816177368164,0.10481834411621094,0.1375112533569336,0.03548240661621094
26::26,test,official_test,26,107b,3.1,65.1,False,7.625224,7.682534,0.019141674,0.009156704,0.02547115749782986,0.08344364,0.1364274,0.019103368123372395,-0.04527521,0.017650127,0.01273557874891493,flight,flight,True,0.1364274024963379,0.1364274024963379,0.0,2.1606683731079102e-07,0.6231601,0.5,0.7841132,7.625224,7.648346,7.649679,7.664884,7.5110188,7.546107,7.6733775,7.682534,0.0,0.1364274024963379,0.01340341567993164,0.017650127410888672,0.10592412948608398
26::30,test,official_test,26,205c,2.8,54.6,False,5.8187594,6.0274806,0.27626172,0.24834776,0.06957372029622395,0.058061283,0.085353374,0.02319124009874132,-0.12560184,-0.13556623,0.1159562004937066,takeoff,takeoff,True,0.24834775924682617,0.13556623458862305,0.0,1.7881393432617188e-07,0.9230187,1.0,0.0960352,5.8187594,6.12817,5.8547635,6.163047,5.708357,5.942127,5.779133,6.0274806,0.11278152465820312,0.24834775924682617,0.11045980453491211,0.13556623458862305,0.010586261749267578
26::33,test,official_test,26,305b,3.0,63.0,False,7.159767,7.1556296,-0.064116634,-0.083117485,-0.001838896009657118,-0.088235535,-0.07735777,-0.0013791720072428384,0.14821465,0.17849302,-0.000919448004828559,entry,entry,True,0.17849302291870117,0.17849302291870117,0.0,3.725290298461914e-08,0.47428465,0.0,0.3036307,7.159767,7.1136193,7.059622,6.9771366,7.2766714,7.2329874,7.238747,7.1556296,0.0,0.17849302291870117,0.08023762702941895,0.08311748504638672,0.022155284881591797
26::39,test,official_test,26,305b,3.0,60.2,False,7.030579,7.231028,0.09719261,0.06921959,0.06681632995605469,0.10340699,0.08087683,0.06681632995605469,-0.00015060107,0.006271839,0.06681632995605469,flight,flight,True,0.08087682723999023,0.06921958923339844,0.0,1.7881393432617188e-07,0.75988835,0.5,0.87066996,7.030579,7.1543665,7.155138,7.2247562,7.022628,7.1501513,7.1618085,7.231028,0.011657238006591797,0.08087682723999023,0.03774571418762207,0.06921958923339844,0.04408073425292969
26::59,test,official_test,26,5152b,3.0,69.0,False,7.454074,6.9197855,0.04723215,0.016563416,-0.23746151394314235,-0.4799602,-0.3925991,-0.17809613545735675,-0.101560354,-0.0010242462,-0.11873075697157118,flight,flight,True,0.39259910583496094,0.39259910583496094,0.0,2.9802322387695312e-08,0.49026704,0.0,-0.019650673,7.454074,7.5267878,6.8815656,6.9208097,7.2467904,7.3123846,6.903222,6.9197855,0.0,0.39259910583496094,0.008793830871582031,0.01656341552734375,0.1572284698486328
26::60,test,official_test,26,305b,3.0,51.0,False,4.8904862,4.5158806,0.040550154,0.03148794,-0.16649140252007377,0.052628916,0.03502798,-0.08324570126003689,-0.46778473,-0.4929242,-0.12486855189005533,entry,entry,True,0.49292421340942383,0.03502798080444336,0.0,0.0,0.8204472,1.0,0.98159564,4.8904862,4.9502993,4.9709167,5.008805,4.4580417,4.4808526,4.4843926,4.5158806,0.45789623260498047,0.49292421340942383,0.03325796127319336,0.03502798080444336,0.051802635192871094
26::62,test,official_test,26,107b,3.0,49.5,False,7.7038503,7.427579,-0.010825396,-0.020984173,-0.06139363182915581,-0.048526287,-0.05558443,-0.12278726365831162,-0.21691966,-0.22352695,-0.09209044774373372,entry,entry,True,0.2235269546508789,0.020984172821044922,0.0,2.0116567611694336e-07,0.8904193,0.5,0.3400536,7.7038503,7.7016873,7.660886,7.651106,7.4920416,7.4831634,7.448563,7.427579,0.20254278182983398,0.2235269546508789,0.0382843017578125,0.05558443069458008,0.023824214935302734
26::69,test,official_test,26,626c,3.3,62.7,False,7.992979,6.959504,-0.10375317,-0.1276002,-0.3444916407267252,-0.061856825,-0.09306097,-0.3444916407267252,-0.8678649,-0.8984504,-0.3444916407267252,entry,entry,True,0.8984503746032715,0.12760019302368164,0.0,8.940696716308594e-08,0.66427225,0.5,-0.24687949,7.992979,7.912436,7.9616895,7.8579545,7.1550627,7.052565,7.0871043,6.959504,0.7708501815795898,0.8984503746032715,0.11033058166503906,0.12760019302368164,0.08563661575317383
26::73,test,official_test,26,305c,2.8,63.0,False,7.8757944,8.105364,0.039164305,0.045305252,0.0510154300265842,-0.048052073,-0.07320404,0.1020308600531684,0.2384572,0.202106,0.0765231450398763,entry,entry,True,0.20210599899291992,0.07320404052734375,0.0,2.2351741790771484e-08,0.89366347,1.0,0.97765344,7.8757944,7.9093304,7.853407,7.903258,8.151115,8.178568,8.060059,8.105364,0.12890195846557617,0.20210599899291992,0.05925464630126953,0.07320404052734375,0.05536222457885742
26::77,test,official_test,26,626c,3.3,64.35,False,5.664584,5.3542747,0.16746132,0.22769308,-0.03447882334391276,0.055087727,0.054367065,-0.10343647003173828,-0.53285843,-0.54093885,-0.1723941167195638,entry,entry,True,0.5409388542175293,0.0543670654296875,0.0,2.384185791015625e-07,0.9918808,1.0,0.9753109,5.664584,5.772727,5.721306,5.8952136,5.1407194,5.2999077,5.1265817,5.3542747,0.4865717887878418,0.5409388542175293,0.14103007316589355,0.2276930809020996,0.051430702209472656
26::82,test,official_test,26,5255b,3.6,64.8,False,6.8441305,6.8507442,-0.03483987,-0.041006565,0.0007348590426974826,-0.1416688,-0.13847685,0.0022045771280924478,0.1831224,0.19917297,0.0036742952134874132,entry,entry,True,0.1991729736328125,0.1991729736328125,0.0,1.4156103134155273e-07,0.8906526,1.0,0.97932994,6.8441305,6.816544,6.7003565,6.6515713,7.012289,6.989221,6.891751,6.8507442,0.0,0.1991729736328125,0.08974170684814453,0.13847684860229492,0.013075828552246094
26::83,test,official_test,26,205b,2.9,58.0,False,5.2158422,5.8659587,-0.085404396,-0.11090851,0.07223516040378146,0.14508557,0.13003492,0.2167054812113444,0.59043527,0.611568,0.36117580201890737,entry,entry,True,0.6115679740905762,0.6115679740905762,0.0,1.1920928955078125e-07,0.98966277,1.0,0.9635834,5.2158422,5.162969,5.3830056,5.2543907,5.792172,5.735924,5.976867,5.8659587,0.0,0.6115679740905762,0.12047171592712402,0.1300349235534668,0.019422054290771484
26::84,test,official_test,26,207c,3.3,34.65,False,4.0057645,3.5075963,-0.03420508,0.007147789,-0.11070405112372504,0.1254493,0.079105854,-0.22140810224745008,-0.58941245,-0.61794496,-0.16605607668558756,entry,entry,True,0.6179449558258057,0.6179449558258057,0.0,2.9802322387695312e-08,0.80789477,1.0,0.8096355,4.0057645,3.9487076,4.1960583,4.125541,3.4633856,3.4284904,3.5004485,3.5075963,0.0,0.6179449558258057,0.043126821517944336,0.07910585403442383,0.0335230827331543
26::87,test,official_test,26,207b,3.6,48.6,False,7.1594977,6.777672,0.04780364,0.058908463,-0.08485020531548394,0.004107952,-0.012397766,-0.16970041063096789,-0.43373752,-0.46095848,-0.1272753079732259,entry,entry,True,0.46095848083496094,0.01239776611328125,0.0,2.9802322387695312e-08,0.40242633,0.5,0.93236727,7.1594977,7.193435,7.17735,7.2386303,6.75022,6.7900696,6.7187634,6.777672,0.4485607147216797,0.46095848083496094,0.035653114318847656,0.05890846252441406,0.03262186050415039
26::89,test,official_test,26,307c,3.4,76.5,False,7.2057257,7.385733,0.018440565,0.008666992,0.040001657274034284,0.022561869,0.017457008,0.08000331454806857,0.13900502,0.14293575,0.06000248591105143,entry,entry,True,0.14293575286865234,0.017457008361816406,0.0,2.2351741790771484e-07,0.76040286,1.0,0.9676867,7.2057257,7.233997,7.2334495,7.2427974,7.340857,7.368276,7.377066,7.385733,0.12547874450683594,0.14293575286865234,0.013062000274658203,0.017457008361816406,0.010947704315185547
26::94,test,official_test,26,407c,3.2,81.6,False,8.37066,8.425453,-0.02722486,-0.020697594,0.018264452616373696,0.007802645,0.0333786,0.018264452616373696,0.07421557,0.10462952,0.018264452616373696,entry,entry,True,0.1046295166015625,0.03337860107421875,0.0,7.450580596923828e-08,0.8255611,1.0,0.68333614,8.37066,8.343315,8.359294,8.320824,8.420869,8.392075,8.446151,8.425453,0.07125091552734375,0.1046295166015625,0.027038097381591797,0.03337860107421875,0.06251716613769531
26::105,test,official_test,26,207c,3.3,64.35,False,5.4860773,6.1483183,0.010120074,0.012843132,0.07358233133951822,0.10440437,0.16575623,0.2207469940185547,0.54771656,0.5895829,0.3679116566975912,entry,entry,True,0.5895829200744629,0.5895829200744629,0.0,0.0,0.9888247,1.0,0.4616896,5.4860773,5.4936557,5.529311,5.5587354,5.992109,5.982562,6.135475,6.1483183,0.0,0.5895829200744629,0.08929967880249023,0.1657562255859375,0.1059412956237793
26::113,test,official_test,26,207c,3.3,72.6,False,7.2229652,7.4330544,0.0399096,0.043084145,0.02334324518839518,-0.15127039,-0.13641596,0.11671622594197592,0.32145,0.33389282,0.07002973556518555,entry,entry,True,0.333892822265625,0.333892822265625,0.0,9.685754776000977e-08,0.9600541,1.0,-0.73261344,7.2229652,7.259112,7.056252,7.0991616,7.531384,7.5694704,7.3899703,7.4330544,0.0,0.333892822265625,0.08975005149841309,0.13641595840454102,0.0304718017578125
26::114,test,official_test,26,207b,3.6,102.6,False,8.313596,8.082231,-0.06424364,-0.07890892,-0.025707244873046875,-0.122068726,-0.14296722,-0.12853622436523438,-0.045052845,-0.059822083,-0.07712173461914062,flight,flight,True,0.14296722412109375,0.14296722412109375,0.0,3.501772880554199e-07,0.6519402,1.0,0.7378888,8.313596,8.258375,8.206783,8.142053,8.27767,8.225198,8.1611395,8.082231,0.0,0.14296722412109375,0.0693655014038086,0.07890892028808594,0.05033302307128906
26::116,test,official_test,26,5152b,2.9,56.55,False,6.1451416,5.527556,-0.07594991,-0.05067587,-0.06862062878078884,-0.017591715,0.038980484,-0.20586188634236652,-0.52404404,-0.46638584,-0.34310314390394425,entry,entry,True,0.4663858413696289,0.4663858413696289,0.0,1.7881393432617188e-07,0.9929859,1.0,0.8472237,6.1451416,6.0561614,6.0832214,5.993942,5.575683,5.4885755,5.578232,5.527556,0.0,0.4663858413696289,0.044828176498413086,0.05067586898803711,0.13950443267822266
26::123,test,official_test,26,5253b,3.2,68.8,False,7.1448836,7.030898,0.13375449,0.12784433,-0.02533011966281467,-0.068736315,-0.08235741,-0.05066023932562934,-0.17900372,-0.17386627,-0.037995179494222,entry,entry,True,0.17386627197265625,0.12784433364868164,0.0,2.9802322387695312e-08,0.5317189,0.5,0.045080632,7.1448836,7.283872,7.0890923,7.2047644,6.9600663,7.1132555,6.9030538,7.030898,0.04602193832397461,0.17386627197265625,0.10510087013244629,0.12784433364868164,0.014393806457519531
3mMenSpringboardFinal-EuropeanChampionships2021_1::1,test,official_test,3mMenSpringboardFinal-EuropeanChampionships2021,407c,3.4,61.2,False,6.760266,6.317979,0.0666132,0.059725285,-0.1474289894104004,0.016638756,0.006412983,-0.1474289894104004,-0.5255389,-0.55627155,-0.1474289894104004,entry,entry,True,0.5562715530395508,0.059725284576416016,0.0,2.086162567138672e-07,0.940982,1.0,0.9972908,6.760266,6.833057,6.7864203,6.8742504,6.2647495,6.311566,6.2582536,6.317979,0.49654626846313477,0.5562715530395508,0.03306913375854492,0.059725284576416016,0.047846317291259766
3mMenSpringboardFinal-EuropeanChampionships2021_1::2,test,official_test,3mMenSpringboardFinal-EuropeanChampionships2021,407c,3.4,73.1,False,8.323851,8.29745,-0.12542756,-0.12698746,-0.008800188700358072,-0.017398676,-0.031841278,-0.008800188700358072,0.11642567,0.113043785,-0.008800188700358072,takeoff,takeoff,True,0.12698745727539062,0.12698745727539062,0.0,2.905726432800293e-07,0.8766167,0.5,0.26044738,8.323851,8.19929,8.320202,8.184406,8.4429655,8.329291,8.4244375,8.29745,0.0,0.12698745727539062,0.07244253158569336,0.11304378509521484,0.019384384155273438
3mMenSpringboardFinal-EuropeanChampionships2021_1::4,test,official_test,3mMenSpringboardFinal-EuropeanChampionships2021,107b,3.1,75.95,False,7.8255076,7.5708866,0.14581132,0.1576519,-0.08487367630004883,-0.34933114,-0.30367804,-0.11316490173339844,-0.051101208,-0.019927025,-0.05658245086669922,flight,flight,True,0.303678035736084,0.019927024841308594,0.0,1.564621925354004e-07,0.67539257,0.5,0.4864405,7.8255076,7.95962,7.430665,7.5908136,7.743374,7.8745646,7.4132347,7.5708866,0.2837510108947754,0.303678035736084,0.08878946304321289,0.1576519012451172,0.0886678695678711
3mMenSpringboardFinal-EuropeanChampionships2021_1::8,test,official_test,3mMenSpringboardFinal-EuropeanChampionships2021,5154b,3.4,85.0,False,8.502094,8.46377,0.01542298,0.015226364,-0.01277478535970052,-0.15000041,-0.086336136,-0.017033047146267362,0.096253075,0.153471,-0.008516523573133681,flight,entry,False,0.08633613586425781,0.08633613586425781,0.0,3.501772880554199e-07,-0.49537215,0.5,0.59851325,8.502094,8.516383,8.287099,8.310299,8.539799,8.550106,8.448544,8.46377,0.0,0.08633613586425781,0.08434867858886719,0.1534709930419922,0.12068557739257812
3mMenSpringboardFinal-EuropeanChampionships2021_1::9,test,official_test,3mMenSpringboardFinal-EuropeanChampionships2021,205b,3.0,66.0,False,7.5079584,7.5208645,-0.020420074,-0.00605917,0.005736033121744791,-0.14327359,-0.1621952,0.004302024841308594,0.17659974,0.13008118,0.0028680165608723955,entry,flight,False,0.1300811767578125,0.16219520568847656,0.0,2.3096799850463867e-07,-0.14079408,0.0,0.04428769,7.5079584,7.4719777,7.3824067,7.3907833,7.729877,7.6830597,7.5269237,7.5208645,-0.03211402893066406,0.1300811767578125,0.08412718772888184,0.16219520568847656,0.05107927322387695
3mMenSpringboardFinal-EuropeanChampionships2021_1::15,test,official_test,3mMenSpringboardFinal-EuropeanChampionships2021,5154b,3.4,59.5,False,8.185527,8.268752,0.10373545,0.102334976,0.027741750081380207,0.49293303,0.60716677,0.03698900010850694,-0.51344323,-0.37698174,0.01849450005425347,entry,flight,False,0.3769817352294922,0.6071667671203613,0.0,1.4156103134155273e-07,0.31689233,0.0,0.996916,8.185527,8.288614,8.562178,8.645734,7.5335736,7.6615853,8.166417,8.268752,-0.23018503189086914,0.3769817352294922,0.3547508716583252,0.6071667671203613,0.24929475784301758
3mMenSpringboardFinal-EuropeanChampionships2021_1::17,test,official_test,3mMenSpringboardFinal-EuropeanChampionships2021,107b,3.1,69.75,False,7.1193795,7.0204983,-0.10515531,-0.08004093,-0.03296041488647461,-0.16909774,-0.048932552,-0.04394721984863281,0.17537181,0.30374098,-0.021973609924316406,entry,entry,True,0.3037409782409668,0.048932552337646484,0.0,6.705522537231445e-08,0.855725,0.0,0.27331778,7.1193795,6.992723,6.8337297,6.7167573,7.1699953,7.069431,7.100539,7.0204983,0.2548084259033203,0.3037409782409668,0.06448674201965332,0.08004093170166016,0.273648738861084
3mMenSpringboardFinal-EuropeanChampionships2021_2::2,test,official_test,3mMenSpringboardFinal-EuropeanChampionships2021,307c,3.5,52.5,False,6.1500673,6.249563,0.2003804,0.20785713,0.03316529591878255,0.18901117,0.19711876,0.03316529591878255,-0.28989568,-0.29251623,0.03316529591878255,entry,entry,True,0.29251623153686523,0.19711875915527344,0.0,1.4901161193847656e-07,0.97160554,0.5,0.94913286,6.1500673,6.3555565,6.3435564,6.5420794,5.8753777,6.0524445,6.041706,6.249563,0.0953974723815918,0.29251623153686523,0.20248794555664062,0.2078571319580078,0.01296377182006836
3mMenSpringboardFinal-EuropeanChampionships2021_2::6,test,official_test,3mMenSpringboardFinal-EuropeanChampionships2021,109c,3.8,57.0,False,7.8685994,7.7850175,-0.097115755,-0.04280615,-0.027860641479492188,-0.31990075,-0.32879496,-0.03714752197265625,0.33343458,0.39151955,-0.018573760986328125,entry,entry,True,0.39151954650878906,0.39151954650878906,0.0,3.725290298461914e-08,0.9463892,0.5,0.79071766,7.8685994,7.6915064,7.531925,7.393498,8.118281,8.113812,7.8278236,7.7850175,0.0,0.39151954650878906,0.18580055236816406,0.3287949562072754,0.1035003662109375
3mMenSpringboardFinal-EuropeanChampionships2021_2::10,test,official_test,3mMenSpringboardFinal-EuropeanChampionships2021,205b,3.0,64.5,False,7.1568646,6.6749725,-0.011607885,-0.00832653,-0.1606307029724121,-0.55801845,-0.4996972,-0.2141742706298828,0.08773422,0.14910126,-0.1070871353149414,flight,flight,True,0.499697208404541,0.14910125732421875,0.0,1.4156103134155273e-07,-0.25264865,0.0,0.32369825,7.1568646,7.1477346,6.546284,6.5258713,7.188991,7.1746697,6.683299,6.6749725,0.35059595108032227,0.499697208404541,0.07871389389038086,0.14910125732421875,0.1229696273803711
3mMenSpringboardFinal-EuropeanChampionships2021_2::11,test,official_test,3mMenSpringboardFinal-EuropeanChampionships2021,109c,3.8,55.1,False,7.925941,7.5551133,-0.20150487,-0.14990568,-0.12360922495524088,0.0030046303,0.056248665,-0.16481229994032118,-0.17232744,-0.12558556,-0.08240614997016059,takeoff,takeoff,True,0.14990568161010742,0.12558555603027344,0.0,2.2351741790771484e-07,0.78723013,0.5,0.678237,7.925941,7.6929035,7.895768,7.680699,7.7269382,7.4988647,7.705019,7.5551133,0.024320125579833984,0.14990568161010742,0.09091711044311523,0.12558555603027344,0.15158510208129883
3mMenSpringboardFinal-EuropeanChampionships2021_2::12,test,official_test,3mMenSpringboardFinal-EuropeanChampionships2021,307c,3.5,85.78,False,8.394477,8.588082,0.004063288,0.0049877167,0.06453514099121094,0.005685965,-0.014909744,0.08604685465494791,0.18385617,0.16135025,0.043023427327473954,entry,entry,True,0.16135025024414062,0.0049877166748046875,0.0,4.3958425521850586e-07,0.5316349,0.5,-0.96877164,8.394477,8.389688,8.41283,8.426732,8.592911,8.602992,8.583095,8.588082,0.15636253356933594,0.16135025024414062,0.00994873046875,0.014909744262695312,0.04217720031738281
3mMenSpringboardFinal-EuropeanChampionships2021_2::15,test,official_test,3mMenSpringboardFinal-EuropeanChampionships2021,5154b,3.4,81.6,False,7.451064,6.8883543,0.05391987,0.055088043,-0.18756993611653644,-0.24957459,-0.34451246,-0.2500932481553819,-0.3670551,-0.46617746,-0.12504662407769096,entry,entry,True,0.46617746353149414,0.055088043212890625,0.0,1.825392246246338e-07,0.86284006,1.0,0.77119845,7.451064,7.501436,7.294048,7.354532,7.180752,7.232867,6.8332663,6.8883543,0.4110894203186035,0.46617746353149414,0.1998002529144287,0.3445124626159668,0.19289207458496094
3mMenSpringboardFinal-EuropeanChampionships2021_3::1,test,official_test,3mMenSpringboardFinal-EuropeanChampionships2021,5156b,3.9,85.8,False,7.582763,7.4043465,-0.095272936,-0.09010601,-0.059472242991129555,-0.4060432,-0.3679881,-0.07929632398817274,0.32289943,0.3736353,-0.03964816199408637,flight,entry,False,0.36798810958862305,0.37363529205322266,0.0,1.564621925354004e-07,0.30135903,0.0,0.9637862,7.582763,7.4851475,7.141489,7.030711,7.857751,7.7723346,7.4944525,7.4043465,-0.005647182464599609,0.36798810958862305,0.2318706512451172,0.37363529205322266,0.09395790100097656
3mMenSpringboardFinal-EuropeanChampionships2021_3::2,test,official_test,3mMenSpringboardFinal-EuropeanChampionships2021,205b,3.0,67.5,False,8.124782,7.774338,0.022869984,0.034460545,-0.15575281778971353,-0.074224554,-0.04913187,-0.11681461334228516,-0.29908928,-0.2729149,-0.07787640889485677,entry,entry,True,0.2729148864746094,0.2729148864746094,0.0,1.4901161193847656e-07,0.97716534,1.0,0.88645846,8.124782,8.138004,8.027408,8.047253,7.801461,7.8234696,7.739877,7.774338,0.0,0.2729148864746094,0.041796207427978516,0.04913187026977539,0.06285762786865234
3mMenSpringboardFinal-EuropeanChampionships2021_3::3,test,official_test,3mMenSpringboardFinal-EuropeanChampionships2021,307c,3.5,77.0,False,8.176504,7.6994214,-0.0036554337,-0.0025839806,-0.2120367685953776,-0.08056188,-0.13189507,-0.1590275764465332,-0.39286542,-0.46284437,-0.1060183842976888,entry,entry,True,0.4628443717956543,0.0025839805603027344,0.0,9.685754776000977e-08,0.29520708,0.5,0.57558596,8.176504,8.175231,8.150729,8.162266,7.8570714,7.8313165,7.7020054,7.6994214,0.46026039123535156,0.4628443717956543,0.06723952293395996,0.1318950653076172,0.12024068832397461
3mMenSpringboardFinal-EuropeanChampionships2021_3::5,test,official_test,3mMenSpringboardFinal-EuropeanChampionships2021,307c,3.5,45.5,False,6.5138984,5.880159,-0.011195183,-0.028938293,-0.21124649047851562,0.24710536,0.28955698,-0.2816619873046875,-0.86964965,-0.8097367,-0.14083099365234375,entry,entry,True,0.8097367286682129,0.28955698013305664,0.0,5.960464477539063e-08,0.51665,0.5,0.9893075,6.5138984,6.5166855,6.7147913,6.6898956,5.580575,5.590602,5.909097,5.880159,0.5201797485351562,0.8097367286682129,0.15924763679504395,0.28955698013305664,0.08462142944335938
3mMenSpringboardFinal-EuropeanChampionships2021_3::10,test,official_test,3mMenSpringboardFinal-EuropeanChampionships2021,207c,3.6,50.4,False,6.8960137,5.235929,0.049174387,0.027300835,-0.5533615748087565,-1.1389703,-1.1975002,-0.737815433078342,-0.57028884,-0.6204767,-0.368907716539171,flight,flight,True,1.197500228881836,0.02730083465576172,0.0,1.1920928955078125e-07,0.8064262,0.5,0.981434,6.8960137,6.9669952,5.815507,5.8564057,6.3758464,6.4334292,5.208628,5.235929,1.1701993942260742,1.197500228881836,0.32388877868652344,0.6204767227172852,0.13059139251708984
3mMenSpringboardFinal-EuropeanChampionships2021_3::18,test,official_test,3mMenSpringboardFinal-EuropeanChampionships2021,109c,3.8,45.6,False,7.124306,6.7426877,0.19530185,0.21551085,-0.12720616658528644,0.4692758,0.50500727,-0.16960822211371526,-1.0461961,-0.97899485,-0.08480411105685763,entry,entry,True,0.9789948463439941,0.9789948463439941,0.0,8.940696716308594e-08,0.9621466,1.0,0.9955455,7.124306,7.308647,7.5670986,7.7216825,6.020157,6.2376804,6.527177,6.7426877,0.0,0.9789948463439941,0.3602590560913086,0.505007266998291,0.12314176559448242
3mMenSpringboardFinal-EuropeanChampionships2021_3::19,test,official_test,3mMenSpringboardFinal-EuropeanChampionships2021,307c,3.5,59.5,False,7.445426,6.9447274,0.060663383,0.075865746,-0.16689952214558917,-0.3744274,-0.29967546,-0.22253269619411892,-0.18693455,-0.1380086,-0.11126634809705946,flight,flight,True,0.29967546463012695,0.29967546463012695,0.0,1.4901161193847656e-07,0.57577777,0.5,0.73512584,7.445426,7.490258,6.995618,7.082736,7.2089367,7.244403,6.8688617,6.9447274,0.0,0.29967546463012695,0.10693717002868652,0.13800859451293945,0.13888025283813477
3mMenSpringboardFinal-EuropeanChampionships2021_3::21,test,official_test,3mMenSpringboardFinal-EuropeanChampionships2021,109c,3.8,64.6,False,5.6021757,5.386702,-0.00032377243,-0.06775665,-0.07182455062866211,0.37238288,0.21607208,-0.07182455062866211,-0.58753276,-0.69334984,-0.07182455062866211,entry,entry,True,0.6933498382568359,0.6933498382568359,0.0,5.960464477539063e-08,0.95172995,1.0,0.96836776,5.6021757,5.6299157,6.0915003,6.080052,5.081091,5.17063,5.4544587,5.386702,0.0,0.6933498382568359,0.14191436767578125,0.21607208251953125,0.3295607566833496
3mMenSpringboardFinal-EuropeanChampionships2021_4::13,test,official_test,3mMenSpringboardFinal-EuropeanChampionships2021,5156b,3.9,93.6,False,7.390272,7.027423,-0.2768394,-0.20240355,-0.12094974517822266,-0.06159107,-0.018496513,-0.12094974517822266,-0.02441875,0.024496078,-0.12094974517822266,takeoff,takeoff,True,0.20240354537963867,0.024496078491210938,0.0,1.862645149230957e-08,0.7560787,0.5,0.2415401,7.390272,7.048112,7.2947016,7.002927,7.3260536,7.0459194,7.2298265,7.027423,0.17790746688842773,0.20240354537963867,0.021496295928955078,0.024496078491210938,0.16644525527954102
Budapest2021Diving10mPlatformWomenFinal_1::2,test,official_test,Budapest2021Diving10mPlatformWomenFinal,405b,2.8,58.8,False,6.9845276,7.2546945,0.23861432,0.26461697,0.060037083095974386,-0.0019762516,0.0040917397,0.060037083095974386,0.033528805,0.029573917,0.150092707739936,takeoff,takeoff,True,0.2646169662475586,0.029573917388916016,0.0,1.1920928955078125e-07,0.63994074,0.5,0.7847852,6.9845276,7.1959176,6.9752617,7.2251205,7.0207896,7.2506027,6.9900775,7.2546945,0.23504304885864258,0.2646169662475586,0.016832828521728516,0.029573917388916016,0.02811574935913086
Budapest2021Diving10mPlatformWomenFinal_1::6,test,official_test,Budapest2021Diving10mPlatformWomenFinal,107b,3.0,46.5,False,4.3209953,4.190175,0.01665473,-0.0024266243,-0.01453558603922526,-0.024233103,-0.067788124,-0.04360675811767578,-0.1232419,-0.1904211,-0.07267793019612631,entry,entry,True,0.19042110443115234,0.19042110443115234,0.0,1.7881393432617188e-07,0.8982123,1.0,0.9766607,4.3209953,4.351505,4.3350906,4.380596,4.259706,4.257963,4.1926017,4.190175,0.0,0.19042110443115234,0.03510737419128418,0.06778812408447266,0.12981557846069336
Budapest2021Diving10mPlatformWomenFinal_1::8,test,official_test,Budapest2021Diving10mPlatformWomenFinal,5253b,3.2,62.4,False,6.5447507,6.492384,0.06535784,0.04858303,-0.011637051900227863,0.11525885,0.0717206,-0.023274103800455727,-0.23298343,-0.2503643,-0.017455577850341797,entry,entry,True,0.2503643035888672,0.07172060012817383,0.0,0.0,0.9662202,1.0,0.84376544,6.5447507,6.627367,6.7040315,6.7427483,6.329632,6.4206634,6.443801,6.492384,0.17864370346069336,0.2503643035888672,0.06015181541442871,0.07172060012817383,0.07769393920898438
Budapest2021Diving10mPlatformWomenFinal_1::12,test,official_test,Budapest2021Diving10mPlatformWomenFinal,107c,2.7,41.85,False,5.675446,4.7808595,0.23482203,0.2064209,-0.19879701402452254,0.013843536,0.06079483,-0.3975940280490451,-1.1432521,-1.1602197,-0.2981955210367838,entry,entry,True,1.160219669342041,1.160219669342041,0.0,5.960464477539063e-08,0.98319095,1.0,0.99364084,5.675446,5.9437065,5.6473756,5.941079,4.5541987,4.7200646,4.5744386,4.7808595,0.0,1.160219669342041,0.1336078643798828,0.2064208984375,0.0015826225280761719
Budapest2021Diving10mPlatformWomenFinal_2::1,test,official_test,Budapest2021Diving10mPlatformWomenFinal,6243d,3.2,62.4,False,6.1846585,6.1678767,-0.16185689,-0.15996218,-0.0037292904324001735,-0.054341793,-0.019900322,-0.0037292904324001735,0.19941688,0.20844412,-0.009323226081000434,entry,entry,True,0.20844411849975586,0.01990032196044922,0.0,8.940696716308594e-08,0.8957145,0.5,0.8504633,6.1846585,6.000893,6.0758615,5.9594326,6.3550344,6.187777,6.327839,6.1678767,0.18854379653930664,0.20844411849975586,0.08993124961853027,0.15996217727661133,0.045363426208496094
Budapest2021Diving10mPlatformWomenFinal_2::5,test,official_test,Budapest2021Diving10mPlatformWomenFinal,626c,3.3,54.45,False,5.687403,5.1320705,-0.13665485,-0.1583395,-0.12340725792778862,-0.1410551,-0.18742704,-0.12340725792778862,-0.2776227,-0.34596205,-0.3085181448194716,entry,entry,True,0.3459620475769043,0.18742704391479492,0.0,1.1920928955078125e-07,0.9233099,1.0,0.8901452,5.687403,5.568825,5.589112,5.4780326,5.4745116,5.3194976,5.29041,5.1320705,0.15853500366210938,0.3459620475769043,0.1728832721710205,0.18742704391479492,0.13639593124389648
Budapest2021Diving10mPlatformWomenFinal_2::9,test,official_test,Budapest2021Diving10mPlatformWomenFinal,6243d,3.2,62.4,False,6.706287,6.659229,0.20816071,0.22038126,-0.010457356770833332,-0.053678673,-0.057569504,-0.020914713541666664,-0.20154016,-0.21818686,-0.01568603515625,takeoff,takeoff,True,0.2203812599182129,0.05756950378417969,0.0,1.341104507446289e-07,0.23243465,0.0,0.8722567,6.706287,6.9017525,6.6560245,6.8774157,6.520919,6.7167983,6.4388475,6.659229,0.1628117561340332,0.2203812599182129,0.1378781795501709,0.2181868553161621,0.008316993713378906
Budapest2021Diving10mPlatformWomenFinal_2::10,test,official_test,Budapest2021Diving10mPlatformWomenFinal,6243d,3.2,67.2,False,6.886401,6.5207553,-0.18881218,-0.22657824,-0.0812546412150065,0.2063349,0.30686617,-0.162509282430013,-0.3831686,-0.23653555,-0.12188196182250977,entry,flight,False,0.23653554916381836,0.2265782356262207,0.0,2.086162567138672e-07,0.49226496,0.5,0.9416184,6.886401,6.725314,6.982164,6.757291,6.3465586,6.213889,6.7473335,6.5207553,0.009957313537597656,0.23653554916381836,0.2667222023010254,0.3068661689758301,0.2093982696533203
Budapest2021Diving10mPlatformWomenFinal_2::11,test,official_test,Budapest2021Diving10mPlatformWomenFinal,205b,2.9,60.9,False,7.1179714,6.795083,0.004742861,-0.000647068,-0.07175297207302517,0.010337353,0.054167747,-0.14350594414605033,-0.3379686,-0.30011606,-0.10762945810953775,entry,entry,True,0.30011606216430664,0.0006470680236816406,0.0,7.450580596923828e-09,0.9748347,1.0,0.9408574,7.1179714,7.133724,7.0900984,7.095199,6.7477703,6.7409153,6.79573,6.795083,0.299468994140625,0.30011606216430664,0.027407407760620117,0.054167747497558594,0.0762929916381836
Budapest2021Diving10mPlatformWomenFinal_3::0,test,official_test,Budapest2021Diving10mPlatformWomenFinal,6243d,3.2,67.2,False,6.9447083,6.395155,-0.13236833,-0.17488956,-0.12212297651502821,0.09859824,0.07662153,-0.24424595303005642,-0.5157833,-0.48764086,-0.1831844647725423,entry,entry,True,0.4876408576965332,0.17488956451416016,0.0,1.1920928955078125e-07,0.62008023,0.5,0.8254947,6.9447083,6.852515,7.0629373,6.882796,6.3984365,6.3185334,6.5700445,6.395155,0.31275129318237305,0.4876408576965332,0.12575554847717285,0.17488956451416016,0.03635549545288086
Budapest2021Diving10mPlatformWomenFinal_3::3,test,official_test,Budapest2021Diving10mPlatformWomenFinal,207c,3.3,82.5,False,7.2250123,7.335798,-0.059085768,-0.09357548,0.024618996514214408,-0.022614637,-0.05049467,0.049237993028428816,0.19248588,0.20287323,0.03692849477132161,entry,entry,True,0.20287322998046875,0.09357547760009766,0.0,1.564621925354004e-07,0.032381438,0.0,0.73339593,7.2250123,7.2026896,7.232551,7.1329246,7.4093843,7.3862925,7.4293733,7.335798,0.1092977523803711,0.20287322998046875,0.07203507423400879,0.09357547760009766,0.05198240280151367
Budapest2021Diving10mPlatformWomenFinal_3::4,test,official_test,Budapest2021Diving10mPlatformWomenFinal,6243d,3.2,64.0,False,6.250164,6.6174827,0.04791792,0.061977863,0.08162636227077907,0.040656406,0.042746544,0.08162636227077907,0.2787443,0.27501535,0.2040659056769477,entry,entry,True,0.27501535415649414,0.27501535415649414,0.0,5.960464477539063e-08,0.75726986,0.5,-0.6227221,6.250164,6.2882357,6.292944,6.3424673,6.536851,6.574736,6.555505,6.6174827,0.0,0.27501535415649414,0.05236220359802246,0.06197786331176758,0.012421131134033203
Budapest2021Diving10mPlatformWomenFinal_3::6,test,official_test,Budapest2021Diving10mPlatformWomenFinal,6243d,3.2,67.2,False,7.975214,7.333014,-0.079933085,-0.0549407,-0.2140666643778483,-0.25147787,-0.1477499,-0.2854222191704644,-0.31078902,-0.24051714,-0.1427111095852322,entry,entry,True,0.24051713943481445,0.05494070053100586,0.0,2.2351741790771484e-07,0.7780642,0.5,0.6045056,7.975214,7.8758774,7.625597,7.573531,7.599742,7.480764,7.3879547,7.333014,0.1855764389038086,0.24051713943481445,0.10134530067443848,0.1477499008178711,0.19899225234985352
Budapest2021Diving10mPlatformWomenFinal_3::7,test,official_test,Budapest2021Diving10mPlatformWomenFinal,6243d,3.2,48.0,False,5.4107785,5.0244656,-0.14210479,-0.23156357,-0.1287709871927897,0.22065575,0.11055946,-0.1287709871927897,-0.46486393,-0.63167334,-0.1287709871927897,entry,entry,True,0.6316733360290527,0.23156356811523438,0.0,1.7881393432617188e-07,0.93288326,1.0,0.9065776,5.4107785,5.3556333,5.7390313,5.656139,5.1102247,4.913906,5.256029,5.0244656,0.40010976791381836,0.6316733360290527,0.17106151580810547,0.23156356811523438,0.3663644790649414
Budapest2021Diving10mPlatformWomenFinal_3::8,test,official_test,Budapest2021Diving10mPlatformWomenFinal,405b,2.8,51.8,False,7.1389904,6.9530044,0.0024478436,-0.013233662,-0.04133023156060112,0.20889688,0.30547094,-0.08266046312120225,-0.39733076,-0.28697205,-0.06199534734090169,entry,flight,False,0.2869720458984375,0.30547094345092773,0.0,1.6391277313232422e-07,0.9076696,1.0,0.7259559,7.1389904,7.154207,7.2484007,7.2399764,6.6283884,6.6475334,6.966238,6.9530044,-0.018498897552490234,0.2869720458984375,0.15935230255126953,0.30547094345092773,0.19125127792358398
Diving_FullWomenSynchronised3mSpringboard-final_Tokyo2020Replays_1::4,test,official_test,Diving_FullWomenSynchronised3mSpringboard-final_Tokyo2020Replays,101b,2.0,49.8,False,8.179167,8.569444,0.14463711,0.14040375,0.13009230295817056,0.015479088,0.016288757,0.13009230295817056,0.23016071,0.21885395,0.13009230295817056,entry,entry,True,0.21885395050048828,0.14040374755859375,0.0,2.4586915969848633e-07,0.39676923,0.5,0.99170154,8.179167,8.3302765,8.196075,8.35059,8.4228735,8.553155,8.42904,8.569444,0.07845020294189453,0.21885395050048828,0.07834625244140625,0.14040374755859375,0.014730453491210938
Diving_FullWomenSynchronised3mSpringboard-final_Tokyo2020Replays_1::5,test,official_test,Diving_FullWomenSynchronised3mSpringboard-final_Tokyo2020Replays,103b,2.0,44.4,False,7.8476477,7.7336087,0.118247986,0.13061047,-0.03801298141479492,0.004757881,-0.009946823,-0.03801298141479492,-0.23704481,-0.24602747,-0.03801298141479492,entry,entry,True,0.24602746963500977,0.13061046600341797,0.0,7.450580596923828e-09,0.79817796,1.0,0.9789344,7.8476477,7.956266,7.869843,7.979636,7.6223183,7.7435555,7.6029983,7.7336087,0.1154170036315918,0.24602746963500977,0.07027864456176758,0.13061046600341797,0.011324882507324219
Diving_FullWomenSynchronised3mSpringboard-final_Tokyo2020Replays_2::2,test,official_test,Diving_FullWomenSynchronised3mSpringboard-final_Tokyo2020Replays,301b,2.0,48.0,False,7.970371,7.853861,-0.037621897,-0.041068554,-0.03883663813273112,0.081286274,0.0903039,-0.03883663813273112,-0.1601743,-0.14988136,-0.03883663813273112,entry,entry,True,0.14988136291503906,0.14988136291503906,0.0,1.2665987014770508e-07,0.97487307,1.0,0.99160504,7.970371,7.9388356,8.0452795,8.003742,7.8025436,7.763557,7.8949294,7.853861,0.0,0.14988136291503906,0.06568622589111328,0.09030389785766602,0.015863895416259766
Diving_FullWomenSynchronised3mSpringboard-final_Tokyo2020Replays_2::8,test,official_test,Diving_FullWomenSynchronised3mSpringboard-final_Tokyo2020Replays,405b,3.0,61.2,False,6.045079,6.0382743,-0.0030476253,-0.018255234,-0.0015122095743815103,0.20487936,0.16877651,-0.0015122095743815103,-0.20863669,-0.2548213,-0.0037805239359537763,entry,entry,True,0.2548213005065918,0.018255233764648438,0.0,2.086162567138672e-07,0.85232794,0.5,0.9052007,6.045079,6.054523,6.283345,6.2930956,5.879911,5.869498,6.0565295,6.0382743,0.23656606674194336,0.2548213005065918,0.09351587295532227,0.1687765121459961,0.09749507904052734
Diving_FullWomenSynchronised3mSpringboard-final_Tokyo2020Replays_2::10,test,official_test,Diving_FullWomenSynchronised3mSpringboard-final_Tokyo2020Replays,5152b,3.0,63.0,False,7.215994,7.5695987,-0.10156933,-0.11007404,0.11786826451619466,0.23398621,0.15947294,0.11786826451619466,0.2211879,0.16512823,0.11786826451619466,flight,entry,False,0.15947294235229492,0.11007404327392578,0.0,1.862645149230957e-07,0.70338005,0.5,-0.11525561,7.215994,7.130705,7.532269,7.4044704,7.501017,7.4101257,7.6796727,7.5695987,0.04939889907836914,0.15947294235229492,0.13760113716125488,0.16512823104858398,0.13907766342163086
Diving_FullWomenSynchronised3mSpringboard-final_Tokyo2020Replays_2::11,test,official_test,Diving_FullWomenSynchronised3mSpringboard-final_Tokyo2020Replays,107b,3.1,70.68,False,7.174936,7.174287,-0.13330539,-0.13246393,-0.0002163251241048177,0.14684026,0.16950035,-0.0002163251241048177,-0.014183839,-0.017063618,-0.0002163251241048177,flight,flight,True,0.16950035095214844,0.017063617706298828,0.0,1.862645149230957e-07,0.8162623,0.5,0.7767553,7.174936,7.044264,7.302591,7.1913505,7.1671066,7.0047865,7.306751,7.174287,0.1524367332458496,0.16950035095214844,0.07476377487182617,0.13246393203735352,0.020621776580810547
Diving_FullWomenSynchronised3mSpringboard-final_Tokyo2020Replays_3::1,test,official_test,Diving_FullWomenSynchronised3mSpringboard-final_Tokyo2020Replays,305b,3.0,58.5,False,7.089551,7.671689,0.21412747,0.20690298,0.1940460205078125,0.03364579,0.040032864,0.1940460205078125,0.3343648,0.3428669,0.1940460205078125,entry,entry,True,0.3428668975830078,0.3428668975830078,0.0,3.725290298461914e-08,0.4803412,0.0,0.3729006,7.089551,7.305264,7.111171,7.328822,7.409775,7.631656,7.464786,7.671689,0.0,0.3428668975830078,0.12346792221069336,0.20690298080444336,0.007664680480957031
Diving_FullWomenSynchronised3mSpringboard-final_Tokyo2020Replays_3::2,test,official_test,Diving_FullWomenSynchronised3mSpringboard-final_Tokyo2020Replays,305b,3.0,74.7,False,7.7604876,7.9382215,0.058946293,0.055612087,0.059244632720947266,0.4718708,0.58009434,0.07899284362792969,-0.35308322,-0.23676252,0.039496421813964844,flight,flight,True,0.5800943374633789,0.5800943374633789,0.0,8.195638656616211e-08,0.7376257,1.0,0.11986336,7.7604876,7.8216333,8.123,8.174984,7.289949,7.358127,7.8826094,7.9382215,0.0,0.5800943374633789,0.14618730545043945,0.23676252365112305,0.22121000289916992
Diving_FullWomenSynchronised3mSpringboard-final_Tokyo2020Replays_3::6,test,official_test,Diving_FullWomenSynchronised3mSpringboard-final_Tokyo2020Replays,405b,3.0,70.2,False,7.7977147,7.7865677,0.0063355765,0.024074078,-0.003715674082438151,0.00017841657,0.010999203,-0.003715674082438151,-0.017661015,-0.014822483,-0.003715674082438151,entry,takeoff,False,0.01482248306274414,0.010999202728271484,0.0,2.1606683731079102e-07,0.7264327,1.0,0.9779507,7.7977147,7.7851014,7.785862,7.80139,7.776005,7.7755685,7.7624936,7.7865677,0.0038232803344726562,0.01482248306274414,0.017536640167236328,0.024074077606201172,0.03139781951904297
Diving_FullWomenSynchronised3mSpringboard-final_Tokyo2020Replays_3::8,test,official_test,Diving_FullWomenSynchronised3mSpringboard-final_Tokyo2020Replays,107b,3.1,64.17,False,6.9332433,7.2701316,0.050335567,0.05933714,0.11229610443115234,0.16240184,0.16086102,0.11229610443115234,0.12415091,0.116595745,0.11229610443115234,flight,flight,True,0.16086101531982422,0.05933713912963867,0.0,8.940696716308594e-08,0.7663887,1.0,0.5765768,6.9332433,6.977177,7.099786,7.153536,7.067549,7.1092706,7.2107944,7.2701316,0.10152387619018555,0.16086101531982422,0.0879664421081543,0.11659574508666992,9.441375732421875e-05
Diving_FullWomenSynchronised3mSpringboard-final_Tokyo2020Replays_3::11,test,official_test,Diving_FullWomenSynchronised3mSpringboard-final_Tokyo2020Replays,5152b,3.0,65.7,False,7.5937996,7.7216234,0.1456054,0.12772465,0.04260794321695963,0.50991374,0.64938927,0.05681059095594618,-0.52769536,-0.35559082,0.02840529547797309,entry,flight,False,0.3555908203125,0.3555908203125,0.0,7.450580596923828e-08,0.96720123,0.5,0.9984613,7.5937996,7.7542043,7.9611564,8.077214,6.8909183,7.072234,7.593899,7.7216234,0.0,0.3555908203125,0.38855695724487305,0.6493892669677734,0.2936992645263672
FINADivingWorldCup2021_Men10mSynchronised_final_r1::0,test,official_test,FINADivingWorldCup2021_Men10mSynchronised_final,401b,2.0,46.8,False,7.376797,7.2763147,-0.068096876,-0.08547974,-0.02232943640814887,0.05150175,0.042312622,-0.02232943640814887,-0.08388734,-0.0790925,-0.05582359102037218,entry,takeoff,False,0.07909250259399414,0.085479736328125,0.0,5.21540641784668e-08,0.7491867,0.5,0.85947114,7.376797,7.323282,7.4346867,7.355407,7.2853136,7.234002,7.3617945,7.2763147,-0.006387233734130859,0.07909250259399414,0.06389617919921875,0.085479736328125,0.02177715301513672
FINADivingWorldCup2021_Men10mSynchronised_final_r1::4,test,official_test,FINADivingWorldCup2021_Men10mSynchronised_final,201b,2.0,51.0,False,8.404775,8.357869,0.011415799,0.017028809,-0.010423448350694444,0.06333431,0.08677864,-0.020846896701388888,-0.12165562,-0.0978508,-0.015635172526041664,entry,entry,True,0.09785079956054688,0.08677864074707031,0.0,5.21540641784668e-08,0.05546729,0.0,-0.06325904,8.404775,8.410086,8.444173,8.45572,8.258822,8.2710905,8.34084,8.357869,0.011072158813476562,0.09785079956054688,0.051903724670410156,0.08677864074707031,0.05286216735839844
FINADivingWorldCup2021_Men10mSynchronised_final_r2::3,test,official_test,FINADivingWorldCup2021_Men10mSynchronised_final,201b,2.0,43.8,False,7.6016364,8.001918,0.085524954,0.08005571,0.08895142873128255,0.009936015,0.013305664,0.08895142873128255,0.30482045,0.30702114,0.2223785718282064,entry,entry,True,0.3070211410522461,0.3070211410522461,0.0,2.4586915969848633e-07,0.9357079,1.0,0.9817205,7.6016364,7.692328,7.6079,7.6948967,7.9039536,7.988612,7.921862,8.001918,0.0,0.3070211410522461,0.04668068885803223,0.08005571365356445,0.0001010894775390625
FINADivingWorldCup2021_Men10mSynchronised_final_r2::5,test,official_test,FINADivingWorldCup2021_Men10mSynchronised_final,301b,2.0,50.4,False,8.356629,8.291963,-0.019361654,-0.008200645,-0.01437038845486111,-0.018925825,-0.012633324,-0.02874077690972222,-0.026379267,-0.024636269,-0.021555582682291664,entry,entry,True,0.024636268615722656,0.024636268615722656,0.0,2.086162567138672e-07,0.35590062,0.5,-0.49648848,8.356629,8.325661,8.330965,8.316599,8.328061,8.304596,8.300163,8.291963,0.0,0.024636268615722656,0.010416984558105469,0.012633323669433594,0.019196510314941406
FINADivingWorldCup2021_Men10mSynchronised_final_r2::7,test,official_test,FINADivingWorldCup2021_Men10mSynchronised_final,403b,2.0,46.8,False,8.0267515,7.790606,-0.06030202,-0.060690403,-0.07871516545613606,0.011927843,0.022336483,-0.07871516545613606,-0.18777132,-0.17051983,-0.07871516545613606,entry,entry,True,0.17051982879638672,0.06069040298461914,0.0,1.8998980522155762e-07,0.8875839,1.0,-0.10878075,8.0267515,7.9681387,8.029572,7.961126,7.8230295,7.7682695,7.8512964,7.790606,0.10982942581176758,0.17051982879638672,0.04151344299316406,0.06069040298461914,0.027271747589111328
FINADivingWorldCup2021_Men10mSynchronised_final_r2::8,test,official_test,FINADivingWorldCup2021_Men10mSynchronised_final,401b,2.0,48.6,False,7.5753155,8.03489,-0.045564175,-0.047213554,0.1021277109781901,0.06798649,0.06379986,0.1021277109781901,0.4371524,0.43993998,0.2553192774454753,entry,entry,True,0.4399399757385254,0.04721355438232422,0.0,1.862645149230957e-07,0.98111796,1.0,0.9880514,7.5753155,7.528004,7.644092,7.59495,8.006284,7.9710903,8.082104,8.03489,0.39272642135620117,0.4399399757385254,0.05550670623779297,0.06379985809326172,0.003048419952392578
FINADivingWorldCup2021_Men10mSynchronised_final_r2::11,test,official_test,FINADivingWorldCup2021_Men10mSynchronised_final,5231d,2.0,53.4,False,7.923543,8.180398,-0.018499771,-0.025351524,0.05707889133029514,-0.0054914155,-0.023044586,0.11415778266059028,0.2808462,0.25882864,0.0856183369954427,entry,entry,True,0.25882863998413086,0.023044586181640625,0.0,1.2665987014770508e-07,0.97183436,1.0,0.9908585,7.923543,7.911512,7.9352217,7.9215693,8.226024,8.203443,8.2057495,8.180398,0.23578405380249023,0.25882863998413086,0.024198055267333984,0.025351524353027344,0.046422481536865234
FINADivingWorldCup2021_Men10mSynchronised_final_r3::1,test,official_test,FINADivingWorldCup2021_Men10mSynchronised_final,407c,3.2,65.28,False,7.990209,7.8208704,0.036871355,0.032161713,-0.03763082292344835,-0.05884393,-0.065020084,-0.0752616458468967,-0.14736612,-0.14721632,-0.056446234385172524,entry,entry,True,0.1472163200378418,0.1472163200378418,0.0,1.564621925354004e-07,0.94643855,1.0,0.95744747,7.990209,8.02947,7.9352217,7.9680867,7.8403735,7.8858905,7.7887087,7.8208704,0.0,0.1472163200378418,0.048590898513793945,0.06502008438110352,0.01073598861694336
FINADivingWorldCup2021_Men10mSynchronised_final_r3::3,test,official_test,FINADivingWorldCup2021_Men10mSynchronised_final,405b,2.8,58.8,False,7.768335,7.696265,-0.0028129418,0.0066566467,-0.016015476650661893,0.054535072,0.072156906,-0.016015476650661893,-0.12379178,-0.11206293,-0.04003869162665473,entry,entry,True,0.11206293106079102,0.11206293106079102,0.0,8.195638656616211e-08,0.9232935,1.0,-0.43744642,7.768335,7.755915,7.805111,7.808328,7.632677,7.6241083,7.6896086,7.696265,0.0,0.11206293106079102,0.039406776428222656,0.07215690612792969,0.03882026672363281
FINADivingWorldCup2021_Men10mSynchronised_final_r4::4,test,official_test,FINADivingWorldCup2021_Men10mSynchronised_final,307c,3.4,67.32,False,7.25342,7.3319187,3.2583873e-06,0.0015697479,0.017444186740451388,0.050361317,0.042888165,0.034888373480902776,0.028134266,0.01850462,0.026166280110677082,flight,flight,True,0.04288816452026367,0.0015697479248046875,0.0,7.450580596923828e-09,-0.03745858,1.0,0.92100316,7.25342,7.2547975,7.314195,7.313414,7.2941246,7.2890306,7.330349,7.3319187,0.041318416595458984,0.04288816452026367,0.01003718376159668,0.018504619598388672,0.015536308288574219
FINADivingWorldCup2021_Men10mSynchronised_final_r4::6,test,official_test,FINADivingWorldCup2021_Men10mSynchronised_final,307c,3.4,87.72,False,7.858527,7.7548895,-0.10873564,-0.11100435,-0.0345458984375,0.0069319406,0.0070519447,-0.0345458984375,-0.0018339952,0.00196743,-0.0345458984375,takeoff,takeoff,True,0.11100435256958008,0.007051944732666016,0.0,2.3096799850463867e-07,0.6364597,0.5,0.8767531,7.858527,7.7519155,7.8651943,7.752922,7.852747,7.7478375,7.865894,7.7548895,0.10395240783691406,0.11100435256958008,0.004509687423706055,0.007051944732666016,0.0016527175903320312
FINADivingWorldCup2021_Men10mSynchronised_final_r4::9,test,official_test,FINADivingWorldCup2021_Men10mSynchronised_final,109c,3.7,81.03,False,6.7851415,7.1489577,0.072393894,0.049868584,0.12127208709716797,0.053267717,0.052984238,0.12127208709716797,0.23815465,0.22900486,0.12127208709716797,entry,entry,True,0.2290048599243164,0.04986858367919922,0.0,5.960464477539063e-08,0.29234722,0.0,-0.27850085,6.7851415,6.8825483,6.8411803,6.919953,7.0349336,7.0959735,7.099089,7.1489577,0.1791362762451172,0.2290048599243164,0.05142641067504883,0.05298423767089844,0.031958580017089844
FINADivingWorldCup2021_Men10mSynchronised_final_r4::11,test,official_test,FINADivingWorldCup2021_Men10mSynchronised_final,207b,3.6,86.4,False,8.568487,8.054933,-0.21347396,-0.21628761,-0.11412323845757377,0.03625663,0.04760647,-0.22824647691514754,-0.33633724,-0.32828045,-0.17118485768636066,entry,entry,True,0.3282804489135742,0.047606468200683594,0.0,1.1175870895385742e-07,0.7746772,0.5,0.7077868,8.568487,8.362657,8.598224,8.383213,8.228923,8.007326,8.27122,8.054933,0.2806739807128906,0.3282804489135742,0.13194704055786133,0.21628761291503906,0.016592979431152344
FINADivingWorldCup2021_Men10mSynchronised_final_r5::6,test,official_test,FINADivingWorldCup2021_Men10mSynchronised_final,207b,3.6,74.52,False,7.1575255,7.011998,0.13808234,0.15797472,-0.032339413960774735,0.015776953,0.033523083,-0.032339413960774735,-0.29938665,-0.2705059,-0.08084853490193686,entry,entry,True,0.2705059051513672,0.1579747200012207,0.0,1.043081283569336e-07,0.84791434,1.0,-0.54519063,7.1575255,7.276349,7.15619,7.282504,6.8298917,6.978475,6.8540235,7.011998,0.11253118515014648,0.2705059051513672,0.0957489013671875,0.1579747200012207,0.06651926040649414
FINADivingWorldCup2021_Men10mSynchronised_final_r5::8,test,official_test,FINADivingWorldCup2021_Men10mSynchronised_final,207b,3.6,59.4,False,5.410178,5.249733,0.07370647,0.114059925,-0.0356544918484158,-0.020047585,0.020062447,-0.0713089836968316,-0.2141041,-0.17295074,-0.053481737772623696,entry,entry,True,0.17295074462890625,0.02006244659423828,0.0,1.7881393432617188e-07,0.97628206,1.0,0.9506668,5.410178,5.4647603,5.3712497,5.4226837,5.17615,5.2296705,5.135673,5.249733,0.15288829803466797,0.17295074462890625,0.06706118583679199,0.1140599250793457,0.12161684036254883
FINADivingWorldCup2021_Men10m_final_r1::1,test,official_test,FINADivingWorldCup2021_Men10m_final,6245d,3.6,39.6,False,6.567054,3.613089,-0.19051583,-0.046513557,-0.6564366022745768,-0.18985291,-0.08231902,-1.3128732045491536,-2.573596,-2.449706,-0.9846549034118652,entry,entry,True,2.4497060775756836,2.4497060775756836,0.0,0.0,0.99710065,1.0,0.99890214,6.567054,6.2385283,6.2756596,6.062795,3.8755605,3.695408,3.6596026,3.613089,0.0,2.4497060775756836,0.06441628932952881,0.08231902122497559,0.3754260540008545
FINADivingWorldCup2021_Men10m_final_r1::3,test,official_test,FINADivingWorldCup2021_Men10m_final,407c,3.2,83.2,False,7.8557734,7.7050014,-0.111769356,-0.10830307,-0.050257364908854164,-0.4014608,-0.3355012,-0.06700981987847222,0.36245808,0.43886042,-0.03350490993923611,flight,entry,False,0.33550119400024414,0.10830307006835938,0.0,1.862645149230957e-07,0.21274717,0.0,0.1614868,7.8557734,7.743424,7.391239,7.266141,8.144715,8.040503,7.8133044,7.7050014,0.22719812393188477,0.33550119400024414,0.27358174324035645,0.4388604164123535,0.1458282470703125
FINADivingWorldCup2021_Men10m_final_r1::5,test,official_test,FINADivingWorldCup2021_Men10m_final,6245d,3.6,86.4,False,8.2800665,7.7491407,-0.1793766,-0.18784189,-0.17697525024414062,-0.11470032,-0.12466955,-0.17697525024414062,-0.23684883,-0.23363352,-0.17697525024414062,entry,entry,True,0.23363351821899414,0.18784189224243164,0.0,1.1175870895385742e-07,0.8097155,0.5,0.7296271,8.2800665,8.109818,8.175999,7.9827743,8.040666,7.8738103,7.9369826,7.7491407,0.0457916259765625,0.23363351821899414,0.15625572204589844,0.18784189224243164,0.01521921157836914
FINADivingWorldCup2021_Men10m_final_r1::11,test,official_test,FINADivingWorldCup2021_Men10m_final,407c,3.2,67.2,False,8.404488,8.075385,-0.048048336,-0.045132637,-0.07313389248318142,-0.0684708,-0.06439686,-0.14626778496636283,-0.21258338,-0.21665001,-0.10970083872477213,entry,entry,True,0.21665000915527344,0.04513263702392578,0.0,1.6391277313232422e-07,0.58365726,0.0,0.89407575,8.404488,8.352901,8.331321,8.292035,8.195349,8.139782,8.120518,8.075385,0.17151737213134766,0.21665000915527344,0.054764747619628906,0.06439685821533203,0.0029230117797851562
FINADivingWorldCup2021_Men10m_final_r2::2,test,official_test,FINADivingWorldCup2021_Men10m_final,109c,3.7,94.35,False,8.304407,8.591035,-0.0598553,-0.02700138,0.06369505988226996,0.00964133,0.03718853,0.12739011976453993,0.33684173,0.34431744,0.09554258982340494,entry,entry,True,0.3443174362182617,0.3443174362182617,0.0,1.1175870895385742e-07,0.98046833,1.0,0.97916245,8.304407,8.211859,8.286662,8.246717,8.633934,8.553846,8.618036,8.591035,0.0,0.3443174362182617,0.03209495544433594,0.03718852996826172,0.06787681579589844
FINADivingWorldCup2021_Men10m_final_r2::5,test,official_test,FINADivingWorldCup2021_Men10m_final,407c,3.2,64.0,False,7.3165274,7.0687385,-0.111007296,-0.11184168,-0.0825963020324707,0.06278793,0.049621582,-0.0825963020324707,-0.19956954,-0.20790195,-0.0825963020324707,entry,entry,True,0.2079019546508789,0.11184167861938477,0.0,0.0,0.83150035,1.0,0.9461858,7.3165274,7.203315,7.389442,7.2766404,7.1222506,7.019117,7.18058,7.0687385,0.09606027603149414,0.2079019546508789,0.08073163032531738,0.11184167861938477,0.022333145141601562
FINADivingWorldCup2021_Men10m_final_r3::0,test,official_test,FINADivingWorldCup2021_Men10m_final,626b,3.5,63.0,False,8.344591,7.965502,-0.2894155,-0.30324745,-0.12636311848958331,-0.1402661,-0.13804054,-0.12636311848958331,0.050592262,0.07508373,-0.12636311848958331,takeoff,takeoff,True,0.30324745178222656,0.13804054260253906,0.0,6.705522537231445e-08,0.90484804,0.5,0.99788535,8.344591,8.066733,8.199825,7.890418,8.368418,8.103542,8.268749,7.965502,0.1652069091796875,0.30324745178222656,0.10656213760375977,0.13804054260253906,0.012885093688964844
FINADivingWorldCup2021_Men10m_final_r3::7,test,official_test,FINADivingWorldCup2021_Men10m_final,207c,3.3,84.15,False,7.8889937,7.4997487,-0.13764875,-0.14574242,-0.08649889628092447,-0.002186219,-0.0063066483,-0.17299779256184894,-0.24941008,-0.25145245,-0.12974834442138672,entry,entry,True,0.2514524459838867,0.006306648254394531,0.0,2.1606683731079102e-07,0.80615944,0.5,-0.22570404,7.8889937,7.762273,7.893762,7.751201,7.64446,7.5060554,7.645491,7.4997487,0.2451457977294922,0.2514524459838867,0.07602453231811523,0.14574241638183594,0.014256477355957031
FINADivingWorldCup2021_Men10m_final_r4::0,test,official_test,FINADivingWorldCup2021_Men10m_final,307c,3.4,69.7,False,7.4717765,7.6572924,-0.0812246,-0.082122326,0.04122575124104817,-0.033471506,-0.031679153,0.08245150248209634,0.300212,0.3049879,0.061838626861572266,entry,entry,True,0.30498790740966797,0.03167915344238281,0.0,8.195638656616211e-08,0.8777705,1.0,0.82231694,7.4717765,7.3910875,7.4361506,7.3523045,7.7668505,7.6889715,7.7394147,7.6572924,0.27330875396728516,0.30498790740966797,0.056900739669799805,0.0821223258972168,0.0056705474853515625
FINADivingWorldCup2021_Men10m_final_r4::4,test,official_test,FINADivingWorldCup2021_Men10m_final,307c,3.4,81.6,False,8.127551,8.096611,-0.107808985,-0.0707674,-0.006875567966037326,0.12253054,0.16251707,-0.013751135932074651,-0.04566161,-0.0408144,-0.010313351949055988,flight,flight,True,0.16251707077026367,0.16251707077026367,0.0,3.3527612686157227e-07,0.78655535,0.5,0.8564878,8.127551,7.9843516,8.211746,8.137425,8.078693,7.934094,8.167378,8.096611,0.0,0.16251707077026367,0.05579090118408203,0.07076740264892578,0.08187532424926758
FINADivingWorldCup2021_Men10m_final_r4::5,test,official_test,FINADivingWorldCup2021_Men10m_final,207b,3.6,75.6,False,7.4292245,6.969831,0.009645383,-0.043897152,-0.10208744472927517,-0.100574575,-0.08453798,-0.20417488945855033,-0.36846432,-0.29526043,-0.15313116709391275,entry,entry,True,0.2952604293823242,0.08453798294067383,0.0,1.4901161193847656e-07,0.539717,0.5,0.9613455,7.4292245,7.499009,7.31921,7.2650914,6.994153,7.054369,7.013728,6.969831,0.2107224464416504,0.2952604293823242,0.06421756744384766,0.08453798294067383,0.03569793701171875
FINADivingWorldCup2021_Men10m_final_r5::5,test,official_test,FINADivingWorldCup2021_Men10m_final,307c,3.4,86.7,False,8.704962,8.674212,-0.035720825,-0.03435421,-0.006833182440863715,-0.09071636,-0.073433876,-0.01366636488172743,0.095687866,0.113396645,-0.010249773661295572,entry,entry,True,0.11339664459228516,0.11339664459228516,0.0,3.203749656677246e-07,0.92476207,0.5,0.61977834,8.704962,8.667692,8.596781,8.560816,8.782759,8.747646,8.708567,8.674212,0.0,0.11339664459228516,0.05389404296875,0.07343387603759766,0.036357879638671875
FINADivingWorldCup2021_Men10m_final_r5::11,test,official_test,FINADivingWorldCup2021_Men10m_final,5255b,3.6,86.4,False,8.408605,8.323625,-0.23521002,-0.23266888,-0.018884446885850694,-0.15961654,-0.16034412,-0.03776889377170139,0.30984655,0.3456359,-0.02832667032877604,entry,entry,True,0.34563589096069336,0.16034412384033203,0.0,6.705522537231445e-08,0.92980164,0.5,0.9965369,8.408605,8.173747,8.252609,7.9779887,8.685555,8.483969,8.5562935,8.323625,0.18529176712036133,0.34563589096069336,0.19650650024414062,0.23266887664794922,0.037602901458740234
FINADivingWorldCup2021_Men10m_final_r6::10,test,official_test,FINADivingWorldCup2021_Men10m_final,207b,3.6,104.4,False,8.006557,7.52088,-0.19864838,-0.21402884,-0.10792827606201172,-0.064291395,-0.08348608,-0.21585655212402344,-0.22273748,-0.2318883,-0.16189241409301758,entry,entry,True,0.2318882942199707,0.08348608016967773,0.0,1.1175870895385742e-07,0.32201442,0.0,0.92356384,8.006557,7.8203783,7.9585495,7.7527685,7.7900596,7.6043663,7.734909,7.52088,0.14840221405029297,0.2318882942199707,0.1487574577331543,0.21402883529663086,0.04372596740722656
FINADivingWorldCup2021_Men10m_semifinal_r1::5,test,official_test,FINADivingWorldCup2021_Men10m_semifinal,407c,3.2,76.8,False,6.3072295,5.8793297,-0.004637321,0.0068035126,-0.14263327916463214,-0.09401687,-0.12755346,-0.14263327916463214,-0.32924566,-0.34851122,-0.14263327916463214,entry,entry,True,0.3485112190246582,0.12755346298217773,0.0,8.940696716308594e-08,0.6853418,0.5,0.9627548,6.3072295,6.287772,6.24337,6.227841,5.9938703,6.006883,5.872526,5.8793297,0.22095775604248047,0.3485112190246582,0.06717848777770996,0.12755346298217773,0.041361331939697266
FINADivingWorldCup2021_Men10m_semifinal_r1::6,test,official_test,FINADivingWorldCup2021_Men10m_semifinal,407c,3.2,76.8,False,7.3006988,6.637288,-0.13755226,-0.13077497,-0.22113688786824542,-0.2097776,-0.26504946,-0.29484918382432723,-0.3160808,-0.38792992,-0.14742459191216362,entry,entry,True,0.38792991638183594,0.38792991638183594,0.0,5.960464477539063e-08,0.62224686,0.5,0.6336805,7.3006988,7.148122,7.1379457,7.025218,7.0482197,6.9023376,6.768063,6.637288,0.0,0.38792991638183594,0.19791221618652344,0.26504945755004883,0.12034368515014648
FINADivingWorldCup2021_Men10m_semifinal_r1::7,test,official_test,FINADivingWorldCup2021_Men10m_semifinal,107b,3.0,66.0,False,7.6433835,7.5389385,-0.062342007,-0.053775787,-0.02320999569363064,0.061923187,0.054574966,-0.04641999138726128,-0.10402616,-0.124688625,-0.03481499354044596,entry,entry,True,0.12468862533569336,0.053775787353515625,0.0,1.564621925354004e-07,0.18569052,0.5,0.8241077,7.6433835,7.572155,7.7123346,7.663627,7.5596995,7.4843636,7.5927143,7.5389385,0.07091283798217773,0.12468862533569336,0.054175376892089844,0.05457496643066406,0.01944446563720703
FINADivingWorldCup2021_Men10m_semifinal_r1::11,test,official_test,FINADivingWorldCup2021_Men10m_semifinal,626c,3.3,77.55,False,7.251916,7.718323,-0.19633643,-0.1696167,0.10364606645372178,0.09411963,0.11420393,0.10364606645372178,0.5686241,0.5739889,0.25911516613430446,entry,entry,True,0.5739889144897461,0.5739889144897461,0.0,1.043081283569336e-07,0.9616511,1.0,0.9771511,7.251916,7.0338054,7.330897,7.1443343,7.820121,7.6041193,7.88794,7.718323,0.0,0.5739889144897461,0.14191031455993652,0.16961669921875,0.052168846130371094
FINADivingWorldCup2021_Men10m_semifinal_r1::13,test,official_test,FINADivingWorldCup2021_Men10m_semifinal,5253b,3.2,65.6,False,6.876219,7.0026116,-0.15351136,-0.13647318,0.02808729807535807,0.22067373,0.36109447,0.05617459615071614,0.059230488,0.18155241,0.04213094711303711,flight,flight,True,0.36109447479248047,0.1364731788635254,0.0,2.2351741790771484e-07,0.07815851,0.0,0.40318578,6.876219,6.7070985,6.957901,6.821059,6.8145566,6.641517,7.139085,7.0026116,0.22462129592895508,0.36109447479248047,0.1590127944946289,0.18155241012573242,0.27978086471557617
FINADivingWorldCup2021_Men10m_semifinal_r1::14,test,official_test,FINADivingWorldCup2021_Men10m_semifinal,407c,3.2,81.6,False,8.515042,8.6810665,-0.03259611,-0.012363434,0.05534140268961588,0.05771303,0.07165432,0.05534140268961588,0.14090729,0.13635063,0.05534140268961588,entry,entry,True,0.1363506317138672,0.0716543197631836,0.0,3.0547380447387695e-07,0.92580515,1.0,0.99981815,8.515042,8.462746,8.559346,8.544716,8.661038,8.609412,8.69343,8.6810665,0.0646963119506836,0.1363506317138672,0.04200887680053711,0.0716543197631836,0.0296173095703125
FINADivingWorldCup2021_Men10m_semifinal_r1::17,test,official_test,FINADivingWorldCup2021_Men10m_semifinal,307c,3.4,69.7,False,7.4275208,6.9841995,-0.08808637,-0.07309055,-0.09851582845052083,0.055140495,0.093987465,-0.19703165690104166,-0.41037536,-0.39758205,-0.14777374267578125,entry,entry,True,0.3975820541381836,0.3975820541381836,0.0,2.2351741790771484e-07,0.9797308,1.0,0.9977947,7.4275208,7.3214483,7.440824,7.3817816,7.001362,6.890212,7.05729,6.9841995,0.0,0.3975820541381836,0.08353900909423828,0.09398746490478516,0.0666360855102539
FINADivingWorldCup2021_Men10m_semifinal_r2::1,test,official_test,FINADivingWorldCup2021_Men10m_semifinal,207c,3.3,62.7,False,6.208025,6.1039243,-0.042021275,-0.05009842,-0.023133489820692275,-0.18053675,-0.1510582,-0.04626697964138455,0.11845732,0.14129066,-0.03470023473103841,flight,flight,True,0.15105819702148438,0.15105819702148438,0.0,5.960464477539063e-08,-0.14146645,1.0,-0.4464043,6.208025,6.1711674,5.995096,5.9626336,6.3007355,6.2549825,6.1540227,6.1039243,0.0,0.15105819702148438,0.09569454193115234,0.14129066467285156,0.0442347526550293
FINADivingWorldCup2021_Men10m_semifinal_r2::4,test,official_test,FINADivingWorldCup2021_Men10m_semifinal,5253b,3.2,68.8,False,5.658373,5.946793,-0.007647594,0.00022220612,0.03204668892754449,-0.012063821,-0.026511192,0.09614006678263345,0.3081316,0.29372644,0.16023344463772243,entry,entry,True,0.29372644424438477,0.026511192321777344,0.0,0.0,0.9972337,1.0,0.96852344,5.658373,5.6450253,5.662926,5.6530666,5.9830794,5.9733043,5.946571,5.946793,0.2672152519226074,0.29372644424438477,0.01336669921875,0.026511192321777344,0.020982742309570312
FINADivingWorldCup2021_Men10m_semifinal_r2::7,test,official_test,FINADivingWorldCup2021_Men10m_semifinal,407c,3.2,67.2,False,7.182401,7.2135057,0.0579346,0.077343464,0.006912125481499566,-0.029362598,-0.018453598,0.013824250962999132,0.0025325615,0.005115509,0.010368188222249348,takeoff,takeoff,True,0.07734346389770508,0.07734346389770508,0.0,6.705522537231445e-08,0.17020069,0.0,0.1932984,7.182401,7.2206545,7.141857,7.20839,7.1820784,7.2319593,7.1361623,7.2135057,0.0,0.07734346389770508,0.011784553527832031,0.018453598022460938,0.03290081024169922
FINADivingWorldCup2021_Men10m_semifinal_r2::14,test,official_test,FINADivingWorldCup2021_Men10m_semifinal,207c,3.3,74.25,False,7.8107147,7.598479,-0.11285043,-0.09559107,-0.07074530919392903,0.05728197,0.070939064,-0.07074530919392903,-0.15666747,-0.17270613,-0.07074530919392903,entry,entry,True,0.17270612716674805,0.17270612716674805,0.0,1.862645149230957e-07,0.9442265,1.0,0.8421361,7.8107147,7.678679,7.8524137,7.771185,7.66816,7.5275397,7.69407,7.598479,0.0,0.17270612716674805,0.08326506614685059,0.09559106826782227,0.014877796173095703
FINADivingWorldCup2021_Men10m_semifinal_r2::16,test,official_test,FINADivingWorldCup2021_Men10m_semifinal,207b,3.6,72.0,False,6.403591,6.26059,-0.20858264,-0.22066498,-0.03177801767985026,0.02256465,0.05348587,-0.06355603535970052,0.04301691,0.0823679,-0.04766702651977539,takeoff,takeoff,True,0.22066497802734375,0.0823678970336914,0.0,8.940696716308594e-08,0.57696086,0.5,0.067004845,6.403591,6.206815,6.3949585,6.178222,6.406981,6.207104,6.481255,6.26059,0.13829708099365234,0.22066497802734375,0.06792688369750977,0.0823678970336914,0.05818986892700195
FINADivingWorldCup2021_Men10m_semifinal_r3::0,test,official_test,FINADivingWorldCup2021_Men10m_semifinal,207b,3.6,43.2,False,5.904474,5.602596,-0.16554308,-0.16716719,-0.10062599182128906,-0.051158667,-0.007560253,-0.10062599182128906,-0.08517623,-0.059820175,-0.10062599182128906,takeoff,takeoff,True,0.16716718673706055,0.007560253143310547,0.0,1.7881393432617188e-07,0.8893558,0.5,0.66933274,5.904474,5.73581,5.8049717,5.662416,5.7891965,5.610156,5.769763,5.602596,0.15960693359375,0.16716718673706055,0.03369021415710449,0.05982017517089844,0.06733036041259766
FINADivingWorldCup2021_Men10m_semifinal_r3::3,test,official_test,FINADivingWorldCup2021_Men10m_semifinal,107b,3.0,67.5,False,6.651982,6.834545,-0.085427366,-0.08639002,0.020284811655680336,0.0038019817,-0.001265049,0.060854434967041016,0.26418868,0.2519827,0.1014240582784017,entry,entry,True,0.2519826889038086,0.2519826889038086,0.0,1.7881393432617188e-07,0.96706194,1.0,0.9744003,6.651982,6.5703955,6.663729,6.5825624,6.931255,6.83581,6.920935,6.834545,0.0,0.2519826889038086,0.04382753372192383,0.08639001846313477,0.01823568344116211
FINADivingWorldCup2021_Men10m_semifinal_r3::4,test,official_test,FINADivingWorldCup2021_Men10m_semifinal,626b,3.5,73.5,False,6.428606,6.007616,-0.09456396,-0.08361769,-0.04677666558159722,-0.26563334,-0.26638603,-0.14032999674479166,-0.060792685,-0.07860088,-0.23388332790798613,flight,flight,True,0.2663860321044922,0.07860088348388672,0.0,8.940696716308594e-08,0.6242302,0.5,0.4539848,6.428606,6.310045,6.1506743,6.086217,6.3725705,6.274002,6.0912337,6.007616,0.18778514862060547,0.2663860321044922,0.08110928535461426,0.0836176872253418,0.007614612579345703
FINADivingWorldCup2021_Men10m_semifinal_r3::7,test,official_test,FINADivingWorldCup2021_Men10m_semifinal,307c,3.4,39.1,False,3.912819,4.2761397,0.013768752,0.0062646866,0.08073796166314019,-0.021101514,0.010873318,0.08073796166314019,0.3706536,0.38572764,0.20184490415785047,entry,entry,True,0.3857276439666748,0.006264686584472656,0.0,1.7881393432617188e-07,0.9967653,1.0,0.99427414,3.912819,3.9374328,3.8630836,3.890412,4.2717395,4.2652664,4.269875,4.2761397,0.37946295738220215,0.3857276439666748,0.008569002151489258,0.01087331771850586,0.03954482078552246
FINADivingWorldCup2021_Men10m_semifinal_r3::9,test,official_test,FINADivingWorldCup2021_Men10m_semifinal,6243d,3.2,62.4,False,6.2826695,6.485261,-0.042951822,-0.037237644,0.04502031538221571,0.05106616,0.05766821,0.04502031538221571,0.19447708,0.21077824,0.11255078845553929,entry,entry,True,0.21077823638916016,0.057668209075927734,0.0,4.470348358154297e-08,0.88430387,0.5,0.2624344,6.2826695,6.2371325,6.3302627,6.2744827,6.4639745,6.4275928,6.5224986,6.485261,0.15311002731323242,0.21077823638916016,0.04745292663574219,0.057668209075927734,0.028617382049560547
FINADivingWorldCup2021_Men10m_semifinal_r4::1,test,official_test,FINADivingWorldCup2021_Men10m_semifinal,307c,3.4,49.3,False,6.0816617,5.9852877,-0.023827711,-0.01909113,-0.021416452195909288,0.09546169,0.09813166,-0.042832904391818576,-0.16800801,-0.16931057,-0.03212467829386393,entry,entry,True,0.1693105697631836,0.1693105697631836,0.0,1.1920928955078125e-07,0.35002398,0.5,0.89782107,6.0816617,6.052767,6.174123,6.154598,5.9146256,5.887156,6.004379,5.9852877,0.0,0.1693105697631836,0.058611392974853516,0.09813165664672852,0.006103992462158203
FINADivingWorldCup2021_Men10m_semifinal_r4::10,test,official_test,FINADivingWorldCup2021_Men10m_semifinal,307c,3.4,37.4,False,4.3471713,4.4204116,-0.0061330795,0.011478901,0.01627561781141493,-0.06661177,-0.074590206,0.03255123562282986,0.14598513,0.12703943,0.024413426717122395,entry,entry,True,0.12703943252563477,0.12703943252563477,0.0,1.7881393432617188e-07,0.8961124,1.0,-0.55974185,4.3471713,4.3220844,4.287196,4.293372,4.5107603,4.495002,4.4089327,4.4204116,0.0,0.12703943252563477,0.04303455352783203,0.07459020614624023,0.009312152862548828
FINADivingWorldCup2021_Men10m_semifinal_r4::14,test,official_test,FINADivingWorldCup2021_Men10m_semifinal,109c,3.7,68.45,False,6.4247327,6.659841,0.03806305,0.021943092,0.052246305677625865,-0.038577557,-0.08137131,0.052246305677625865,0.23562288,0.20466518,0.13061576419406468,entry,entry,True,0.2046651840209961,0.08137130737304688,0.0,7.450580596923828e-09,0.98463184,1.0,-0.98402697,6.4247327,6.4752636,6.425297,6.455176,6.687661,6.7412124,6.637898,6.659841,0.12329387664794922,0.2046651840209961,0.05165719985961914,0.08137130737304688,0.08987140655517578
FINADivingWorldCup2021_Men10m_semifinal_r4::15,test,official_test,FINADivingWorldCup2021_Men10m_semifinal,207b,3.6,93.6,False,8.936596,8.82485,-0.13896434,-0.10828686,-0.03724861145019531,0.026545843,0.05766964,-0.03724861145019531,0.00067265827,0.015957832,-0.03724861145019531,takeoff,takeoff,True,0.10828685760498047,0.10828685760498047,0.0,4.6938657760620117e-07,0.96716845,1.0,0.7733426,8.936596,8.774237,8.939301,8.808892,8.929266,8.76718,8.933137,8.82485,0.0,0.10828685760498047,0.03681373596191406,0.057669639587402344,0.0770864486694336
FINADivingWorldCup2021_Men10m_semifinal_r5::7,test,official_test,FINADivingWorldCup2021_Men10m_semifinal,626b,3.5,85.75,False,7.8042808,7.113947,-0.21846938,-0.19471979,-0.23011128107706705,0.07171559,0.07954502,-0.23011128107706705,-0.54358006,-0.546895,-0.23011128107706705,entry,entry,True,0.5468950271606445,0.0795450210571289,0.0,2.086162567138672e-07,0.41016814,0.5,0.9915491,7.8042808,7.5638604,7.8699656,7.660842,7.2658143,7.034402,7.3086667,7.113947,0.4673500061035156,0.5468950271606445,0.1371324062347412,0.19471979141235352,0.02826404571533203
FINADivingWorldCup2021_Men10m_semifinal_r5::8,test,official_test,FINADivingWorldCup2021_Men10m_semifinal,307c,3.4,57.8,False,6.9330845,6.557224,-0.13409948,-0.12136507,-0.08352459801567926,-0.051657915,-0.038903236,-0.1670491960313585,-0.19010329,-0.19320393,-0.12528689702351886,entry,entry,True,0.19320392608642578,0.19320392608642578,0.0,1.9371509552001953e-07,0.31254086,0.0,0.39975443,6.9330845,6.787876,6.8702974,6.7504277,6.7477074,6.596127,6.678589,6.557224,0.0,0.19320392608642578,0.08013415336608887,0.12136507034301758,0.022388458251953125
FINADivingWorldCup2021_Men10m_semifinal_r5::9,test,official_test,FINADivingWorldCup2021_Men10m_semifinal,407c,3.2,68.8,False,7.1426897,6.6875343,0.021120707,0.024402618,-0.15171845753987628,-0.060588438,-0.05942297,-0.15171845753987628,-0.41568765,-0.41537237,-0.15171845753987628,entry,entry,True,0.415372371673584,0.024402618408203125,0.0,8.940696716308594e-08,0.98579204,1.0,-0.6794411,7.1426897,7.162548,7.0829554,7.1029067,6.7287064,6.7469573,6.6631317,6.6875343,0.39096975326538086,0.415372371673584,0.04191279411315918,0.059422969818115234,0.0047626495361328125
FINADivingWorldCup2021_Men10m_semifinal_r5::11,test,official_test,FINADivingWorldCup2021_Men10m_semifinal,109c,3.7,86.95,False,7.506545,7.5937476,-0.07182288,-0.07712364,0.019378344217936196,0.039841175,0.0053749084,0.03875668843587239,0.119184256,0.09479666,0.029067516326904297,entry,entry,True,0.09479665756225586,0.09479665756225586,0.0,1.4156103134155273e-07,0.79436296,0.5,-0.39212298,7.506545,7.440804,7.5816336,7.498951,7.650898,7.5883727,7.6708713,7.5937476,0.0,0.09479665756225586,0.04124927520751953,0.07712364196777344,0.06415462493896484
FINADivingWorldCup2021_Men10m_semifinal_r5::13,test,official_test,FINADivingWorldCup2021_Men10m_semifinal,207c,3.3,67.65,False,6.3342686,6.3057604,-0.061969917,-0.06483555,-0.0063351525200737845,-0.06140868,-0.07955217,-0.012670305040147569,0.09487041,0.0798049,-0.009502728780110676,entry,entry,True,0.07980489730834961,0.07955217361450195,0.0,4.470348358154297e-08,0.88722384,0.5,-0.5731755,6.3342686,6.273166,6.2890053,6.2259555,6.4422064,6.3853126,6.370596,6.3057604,0.00025272369384765625,0.07980489730834961,0.07219386100769043,0.07955217361450195,0.03607463836669922
FINADivingWorldCup2021_Men10m_semifinal_r6::0,test,official_test,FINADivingWorldCup2021_Men10m_semifinal,6245d,3.6,82.8,False,7.861258,7.487434,-0.20693271,-0.21136618,-0.12460803985595703,-0.07284299,-0.06628227,-0.12460803985595703,-0.09404842,-0.074919224,-0.12460803985595703,takeoff,takeoff,True,0.2113661766052246,0.2113661766052246,0.0,7.450580596923828e-08,0.6937172,0.5,0.64964586,7.861258,7.662492,7.7855873,7.562353,7.7518134,7.553716,7.6988,7.487434,0.0,0.2113661766052246,0.07060074806213379,0.07491922378540039,0.021256446838378906
FINADivingWorldCup2021_Men10m_semifinal_r6::2,test,official_test,FINADivingWorldCup2021_Men10m_semifinal,5253b,3.2,76.8,False,7.855215,7.716898,-0.015923023,-0.008236408,-0.030737135145399302,-0.0706501,-0.11476278,-0.061474270290798605,-0.051743984,-0.09668827,-0.046105702718098954,flight,flight,True,0.11476278305053711,0.11476278305053711,0.0,3.725290298461914e-08,0.32249016,0.5,0.70177263,7.855215,7.830471,7.8275433,7.813586,7.847281,7.8316607,7.7251344,7.716898,0.0,0.11476278305053711,0.05246233940124512,0.09668827056884766,0.08137035369873047
FINADivingWorldCup2021_Men10m_semifinal_r6::7,test,official_test,FINADivingWorldCup2021_Men10m_semifinal,5255b,3.6,59.4,False,5.6693597,6.265453,0.0634315,0.02938795,0.13246515062120226,0.2634654,0.3223586,0.13246515062120226,0.26919627,0.2963109,0.33116287655300564,entry,flight,False,0.2963109016418457,0.3223586082458496,0.0,0.0,0.8112644,0.5,-0.10034394,5.6693597,5.774354,5.881451,5.969142,5.9189606,5.9430943,6.236065,6.265453,-0.026047706604003906,0.2963109016418457,0.1758732795715332,0.3223586082458496,0.05196428298950195
FINADivingWorldCup2021_Men10m_semifinal_r6::15,test,official_test,FINADivingWorldCup2021_Men10m_semifinal,109c,3.7,83.25,False,6.8386273,6.984323,-0.085912466,-0.059710503,0.03237681918674045,0.1792717,0.22027874,0.03237681918674045,0.052336454,0.07445383,0.08094204796685113,flight,flight,True,0.22027873992919922,0.07445383071899414,0.0,9.685754776000977e-08,0.65053445,0.5,0.7895053,6.8386273,6.7293243,6.9797034,6.909869,6.871658,6.7640443,7.0440335,6.984323,0.14582490921020508,0.22027873992919922,0.06708216667175293,0.07445383071899414,0.08932638168334961
FINADivingWorldCup2021_Men3mSynchronised_final_r1::2,test,official_test,FINADivingWorldCup2021_Men3mSynchronised_final,103b,2.0,48.0,False,8.051039,8.118791,0.02301518,0.0065574646,0.022583961486816406,-0.16841586,-0.11783981,0.03011194864908854,0.21315257,0.2703495,0.01505597432454427,entry,entry,True,0.27034950256347656,0.27034950256347656,0.0,8.195638656616211e-08,-0.050770044,0.5,0.96507925,8.051039,8.091247,7.832782,7.848441,8.207729,8.23663,8.112233,8.118791,0.0,0.27034950256347656,0.062198638916015625,0.11783981323242188,0.09131526947021484
FINADivingWorldCup2021_Men3mSynchronised_final_r1::9,test,official_test,FINADivingWorldCup2021_Men3mSynchronised_final,201b,2.0,51.6,False,8.307768,8.236737,-0.022767702,-0.03388691,-0.02367687225341797,-0.010061423,-0.006975174,-0.02367687225341797,-0.038201492,-0.027391434,-0.02367687225341797,entry,takeoff,False,0.027391433715820312,0.03388690948486328,0.0,2.4586915969848633e-07,0.69959366,1.0,-0.8845696,8.307768,8.295677,8.294178,8.264129,8.258314,8.243712,8.270624,8.236737,-0.006495475769042969,0.027391433715820312,0.020431041717529297,0.03388690948486328,0.002777099609375
FINADivingWorldCup2021_Men3mSynchronised_final_r2::0,test,official_test,FINADivingWorldCup2021_Men3mSynchronised_final,301b,2.0,45.0,False,8.4942255,8.268525,0.061424494,0.07781124,-0.07523345947265625,-0.4308753,-0.28440475,-0.100311279296875,0.14375043,0.26883507,-0.0501556396484375,flight,flight,True,0.2844047546386719,0.2844047546386719,0.0,5.21540641784668e-08,0.31272197,0.5,0.6810972,8.4942255,8.534349,7.911966,7.99969,8.5079775,8.55293,8.190714,8.268525,0.0,0.2844047546386719,0.1733231544494629,0.26883506774902344,0.28794193267822266
FINADivingWorldCup2021_Men3mSynchronised_final_r2::8,test,official_test,FINADivingWorldCup2021_Men3mSynchronised_final,301b,2.0,47.4,False,7.851237,7.6969824,0.04076417,0.04011154,-0.05141814549763997,-0.0322334,-0.024157524,-0.05141814549763997,-0.16278522,-0.16041756,-0.05141814549763997,entry,entry,True,0.1604175567626953,0.02415752410888672,0.0,2.2351741790771484e-08,0.28024018,0.5,0.9775566,7.851237,7.888533,7.806807,7.8574,7.6819634,7.72114,7.656871,7.6969824,0.1362600326538086,0.1604175567626953,0.0321345329284668,0.040111541748046875,0.009790897369384766
FINADivingWorldCup2021_Men3mSynchronised_final_r2::11,test,official_test,FINADivingWorldCup2021_Men3mSynchronised_final,103b,2.0,51.6,False,8.261797,8.376422,0.040005285,0.03837967,0.0382083257039388,-0.361864,-0.22253227,0.0509444342719184,0.4364837,0.57648516,0.0254722171359592,entry,entry,True,0.5764851570129395,0.2225322723388672,0.0,2.2351741790771484e-08,0.66574645,1.0,0.9894042,8.261797,8.304291,7.761464,7.799937,8.559142,8.598954,8.338042,8.376422,0.35395288467407227,0.5764851570129395,0.13045597076416016,0.2225322723388672,0.277707576751709
FINADivingWorldCup2021_Men3mSynchronised_final_r3::3,test,official_test,FINADivingWorldCup2021_Men3mSynchronised_final,407c,3.4,74.46,False,7.5245423,7.6001673,0.015233755,0.010772228,0.025208314259847004,0.00864315,0.0072660446,0.025208314259847004,0.051748037,0.048523426,0.025208314259847004,entry,entry,True,0.0485234260559082,0.007266044616699219,0.0,1.564621925354004e-07,-0.385529,0.0,-0.93204755,7.5245423,7.544228,7.534553,7.551644,7.5795054,7.592901,7.589395,7.6001673,0.041257381439208984,0.0485234260559082,0.009019136428833008,0.010772228240966797,0.009063243865966797
FINADivingWorldCup2021_Men3mSynchronised_final_r3::5,test,official_test,FINADivingWorldCup2021_Men3mSynchronised_final,107b,3.1,78.12,False,8.066703,8.142081,-0.061411697,-0.06386757,0.025126139322916664,-0.009772618,-0.010205269,0.025126139322916664,0.14656274,0.15799522,0.025126139322916664,entry,entry,True,0.15799522399902344,0.010205268859863281,0.0,3.3527612686157227e-07,0.88986593,1.0,0.9568371,8.066703,8.00501,8.0546255,7.984086,8.199096,8.152287,8.205949,8.142081,0.14778995513916016,0.15799522399902344,0.03703641891479492,0.06386756896972656,0.008543968200683594
FINADivingWorldCup2021_Men3mSynchronised_final_r3::7,test,official_test,FINADivingWorldCup2021_Men3mSynchronised_final,5154b,3.4,71.4,False,6.5351377,6.8877273,-0.016539335,-0.012814045,0.11752986907958984,0.004587412,0.011466503,0.11752986907958984,0.36454153,0.37237263,0.11752986907958984,entry,entry,True,0.3723726272583008,0.3723726272583008,0.0,1.862645149230957e-07,0.2999988,0.5,0.9432767,6.5351377,6.5164337,6.5344067,6.5153546,6.893409,6.8762608,6.9005413,6.8877273,0.0,0.3723726272583008,0.012140274047851562,0.012814044952392578,0.01843547821044922
FINADivingWorldCup2021_Men3mSynchronised_final_r3::11,test,official_test,FINADivingWorldCup2021_Men3mSynchronised_final,407c,3.4,72.42,False,7.212267,7.1034136,0.07578739,0.09527397,-0.024189631144205727,-0.13699453,-0.15830517,-0.048379262288411454,-0.047646206,-0.06768799,-0.036284446716308594,flight,flight,True,0.15830516815185547,0.09527397155761719,0.0,2.3096799850463867e-07,0.09322642,0.5,0.88695836,7.212267,7.276552,7.1045675,7.1711016,7.192647,7.2617188,7.0081396,7.1034136,0.06303119659423828,0.15830516815185547,0.0814809799194336,0.09527397155761719,0.0218658447265625
FINADivingWorldCup2021_Men3mSynchronised_final_r4::2,test,official_test,FINADivingWorldCup2021_Men3mSynchronised_final,109c,3.8,63.84,False,7.6347585,7.615647,0.059482653,0.083004,-0.00637054443359375,-0.03993122,-0.0007300377,-0.00637054443359375,-0.03866307,-0.0041041374,-0.00637054443359375,takeoff,takeoff,True,0.08300399780273438,0.0007300376892089844,0.0,1.564621925354004e-07,0.5250396,0.5,-0.53275055,7.6347585,7.65886,7.5437665,7.619751,7.549677,7.616377,7.532643,7.615647,0.08227396011352539,0.08300399780273438,0.0024170875549316406,0.004104137420654297,0.09728145599365234
FINADivingWorldCup2021_Men3mSynchronised_final_r4::6,test,official_test,FINADivingWorldCup2021_Men3mSynchronised_final,405b,3.0,67.5,False,7.8954196,8.218917,-0.017600616,-0.02022934,0.07188828786214192,-0.00121816,-0.007871628,0.07188828786214192,0.34231606,0.33865833,0.17972071965535483,entry,entry,True,0.33865833282470703,0.33865833282470703,0.0,4.0978193283081055e-07,0.9966742,1.0,0.9891103,7.8954196,7.882186,7.902593,7.8802586,8.243132,8.2267885,8.239146,8.218917,0.0,0.33865833282470703,0.014050483703613281,0.020229339599609375,0.012939929962158203
FINADivingWorldCup2021_Men3mSynchronised_final_r4::7,test,official_test,FINADivingWorldCup2021_Men3mSynchronised_final,5156b,3.9,83.07,False,7.0252285,7.644027,0.0830071,0.068478584,0.20626624425252277,-0.056319714,-0.048063755,0.20626624425252277,0.59211135,0.59780216,0.20626624425252277,entry,entry,True,0.5978021621704102,0.06847858428955078,0.0,5.21540641784668e-08,0.97568023,1.0,0.61428654,7.0252285,7.1207027,6.9585915,7.046225,7.6095877,7.692091,7.5755486,7.644027,0.5293235778808594,0.5978021621704102,0.058271169662475586,0.06847858428955078,0.0005817413330078125
FINADivingWorldCup2021_Men3mSynchronised_final_r5::2,test,official_test,FINADivingWorldCup2021_Men3mSynchronised_final,307c,3.5,63.0,False,6.3103886,5.7321367,-0.05713622,-0.052637577,-0.192750612894694,0.3625172,0.43119812,-0.25700081719292533,-0.88363284,-0.822783,-0.12850040859646267,entry,entry,True,0.8227829933166504,0.052637577056884766,0.0,5.960464477539063e-08,0.3095782,0.5,0.656647,6.3103886,6.2480025,6.6034737,6.5549197,5.3651547,5.3009386,5.7847743,5.7321367,0.7701454162597656,0.8227829933166504,0.24191784858703613,0.4311981201171875,0.13402938842773438
FINADivingWorldCup2021_Men3mSynchronised_final_r5::4,test,official_test,FINADivingWorldCup2021_Men3mSynchronised_final,5154b,3.4,74.46,False,7.1455293,7.429408,0.060256083,0.04337597,0.09462626775105794,0.037974197,0.021913052,0.09462626775105794,0.18564852,0.16941977,0.09462626775105794,entry,entry,True,0.1694197654724121,0.02191305160522461,0.0,1.341104507446289e-07,0.8443981,1.0,0.90558046,7.1455293,7.2195005,7.1963997,7.2599883,7.3442416,7.407495,7.386032,7.429408,0.1475067138671875,0.1694197654724121,0.03264451026916504,0.04337596893310547,0.04917001724243164
FINADivingWorldCup2021_Men3mSynchronised_final_r5::9,test,official_test,FINADivingWorldCup2021_Men3mSynchronised_final,109c,3.8,79.8,False,6.3582006,5.9529805,0.037141085,0.023383617,-0.1350733439127604,-0.022756815,-0.022699356,-0.1350733439127604,-0.4196043,-0.41563416,-0.1350733439127604,entry,entry,True,0.4156341552734375,0.023383617401123047,0.0,8.940696716308594e-08,0.9427097,1.0,0.8293034,6.3582006,6.4113035,6.3375907,6.3686147,5.9368305,5.97568,5.929597,5.9529805,0.39225053787231445,0.4156341552734375,0.023041486740112305,0.023383617401123047,0.009729862213134766
FINADivingWorldCup2021_Men3mSynchronised_final_r5::10,test,official_test,FINADivingWorldCup2021_Men3mSynchronised_final,5337d,3.5,78.75,False,7.9944153,7.847217,0.19260073,0.21754026,-0.04906606674194336,-0.40755343,-0.37563086,-0.06542142232259114,0.06775451,0.06877136,-0.03271071116129557,flight,flight,True,0.37563085556030273,0.37563085556030273,0.0,5.21540641784668e-08,0.39291444,0.5,-0.05919539,7.9944153,8.163131,7.5559936,7.7784457,8.062207,8.222848,7.629677,7.847217,0.0,0.37563085556030273,0.14315581321716309,0.21754026412963867,0.057878971099853516
FINADivingWorldCup2021_Men3mSynchronised_final_r6::0,test,official_test,FINADivingWorldCup2021_Men3mSynchronised_final,5154b,3.4,59.16,False,7.4669533,7.5206227,0.13857992,0.13991976,0.023853090074327257,-0.21839945,-0.19827175,0.01788981755574544,0.13348897,0.163445,0.011926545037163628,flight,flight,True,0.1982717514038086,0.1982717514038086,0.0,2.0116567611694336e-07,0.3492792,0.0,0.94744074,7.4669533,7.602661,7.226894,7.3571777,7.568954,7.7188945,7.380703,7.5206227,0.0,0.1982717514038086,0.15168237686157227,0.16344499588012695,0.05142354965209961
FINADivingWorldCup2021_Men3mSynchronised_final_r6::8,test,official_test,FINADivingWorldCup2021_Men3mSynchronised_final,109c,3.8,83.22,False,6.4653544,6.4488277,0.24858172,0.20926237,-0.005508899688720703,0.03641351,0.019109726,-0.005508899688720703,-0.30152193,-0.28177595,-0.005508899688720703,entry,entry,True,0.28177595138549805,0.20926237106323242,0.0,1.043081283569336e-07,0.827464,0.5,-0.48134288,6.4653544,6.7510433,6.5168595,6.7306037,6.1418743,6.429718,6.2395654,6.4488277,0.07251358032226562,0.28177595138549805,0.11418604850769043,0.20926237106323242,0.03687715530395508
FINADivingWorldCup2021_Men3m_final_r1::7,test,official_test,FINADivingWorldCup2021_Men3m_final,405b,3.0,66.0,False,7.2172556,7.375493,-0.07275343,-0.089963436,0.03516387939453125,0.1703217,0.17947245,0.03516387939453125,0.060669184,0.059109688,0.08790969848632812,flight,flight,True,0.1794724464416504,0.1794724464416504,0.0,2.3096799850463867e-07,0.8236013,0.5,0.37862507,7.2172556,7.1699686,7.386683,7.3163834,7.2877407,7.1960206,7.4654565,7.375493,0.0,0.1794724464416504,0.07453656196594238,0.08996343612670898,0.009618759155273438
FINADivingWorldCup2021_Men3m_final_r1::9,test,official_test,FINADivingWorldCup2021_Men3m_final,205b,3.0,66.0,False,7.6507998,7.751103,0.08905514,0.109870434,0.022289594014485676,0.040315468,0.043907166,0.022289594014485676,-0.029067436,0.00038528442,0.055723985036214195,takeoff,takeoff,True,0.10987043380737305,0.10987043380737305,0.0,2.2351741790771484e-08,0.25569734,0.0,0.3776301,7.6507998,7.7201805,7.6886644,7.7507176,7.5934205,7.7071958,7.6412325,7.751103,0.0,0.10987043380737305,0.022146224975585938,0.04390716552734375,0.053859710693359375
FINADivingWorldCup2021_Men3m_final_r1::10,test,official_test,FINADivingWorldCup2021_Men3m_final,5154b,3.4,76.5,False,6.7948728,7.1880026,0.1023314,0.093346596,0.131043275197347,-0.012195826,-0.022007465,0.131043275197347,0.30299425,0.2874856,0.131043275197347,entry,entry,True,0.28748559951782227,0.022007465362548828,0.0,6.705522537231445e-08,0.7936437,0.5,-0.09465039,6.7948728,6.9065356,6.792835,6.900517,7.1137223,7.21001,7.094656,7.1880026,0.26547813415527344,0.28748559951782227,0.05767703056335449,0.09334659576416016,0.03430509567260742
FINADivingWorldCup2021_Men3m_final_r1::11,test,official_test,FINADivingWorldCup2021_Men3m_final,5154b,3.4,81.6,False,7.980378,8.414146,0.04569904,0.045476913,0.14458942413330078,-0.05704506,-0.036159515,0.14458942413330078,0.44511428,0.46532583,0.14458942413330078,entry,entry,True,0.46532583236694336,0.46532583236694336,0.0,4.023313522338867e-07,0.98460966,1.0,0.99088216,7.980378,8.022691,7.898839,7.9488206,8.401672,8.450306,8.3686695,8.414146,0.0,0.46532583236694336,0.040818214416503906,0.04547691345214844,0.04087495803833008
FINADivingWorldCup2021_Men3m_final_r3::5,test,official_test,FINADivingWorldCup2021_Men3m_final,5154b,3.4,68.0,False,7.9406404,8.13719,-0.025479317,-0.026413918,0.06551647186279297,-0.0033407211,-0.0033035278,0.06551647186279297,0.22536945,0.23070574,0.06551647186279297,entry,entry,True,0.23070573806762695,0.026413917541503906,0.0,2.905726432800293e-07,0.8925027,1.0,0.99874735,7.9406404,7.915817,7.9369836,7.906484,8.160395,8.140493,8.163604,8.13719,0.20429182052612305,0.23070573806762695,0.014858722686767578,0.026413917541503906,0.004438877105712891
FINADivingWorldCup2021_Men3m_final_r3::6,test,official_test,FINADivingWorldCup2021_Men3m_final,305b,3.0,58.5,False,7.663625,7.863093,0.094305195,0.108922005,0.06648937861124674,-0.021695932,-0.015748024,0.06648937861124674,0.12685888,0.13446188,0.06648937861124674,entry,entry,True,0.1344618797302246,0.1344618797302246,0.0,5.21540641784668e-08,0.920804,0.5,0.91205066,7.663625,7.7467017,7.6393695,7.728631,7.786269,7.878841,7.754171,7.863093,0.0,0.1344618797302246,0.06233501434326172,0.10892200469970703,0.028167724609375
FINADivingWorldCup2021_Men3m_final_r3::7,test,official_test,FINADivingWorldCup2021_Men3m_final,205b,3.0,57.0,False,5.64906,5.859382,-0.11379027,-0.15135288,0.0467383066813151,0.07683134,0.042351246,0.0467383066813151,0.24728131,0.23390675,0.11684576670328777,entry,entry,True,0.23390674591064453,0.04235124588012695,0.0,5.960464477539063e-08,0.89098567,0.5,0.97215307,5.64906,5.5718966,5.7594357,5.6254754,5.90878,5.817031,6.010735,5.859382,0.19155550003051758,0.23390674591064453,0.09685206413269043,0.1513528823852539,0.08541727066040039
FINADivingWorldCup2021_Men3m_final_r4::0,test,official_test,FINADivingWorldCup2021_Men3m_final,407c,3.4,71.4,False,7.2416167,7.311599,0.05201928,0.056475163,0.023327350616455078,-0.08214053,-0.10141897,0.023327350616455078,0.1001033,0.082969666,0.023327350616455078,entry,flight,False,0.08296966552734375,0.056475162506103516,0.0,1.2665987014770508e-07,0.97832924,1.0,0.98321205,7.2416167,7.2924237,7.1819983,7.228629,7.3620973,7.4130177,7.2551236,7.311599,0.026494503021240234,0.08296966552734375,0.07894706726074219,0.10141897201538086,0.03195619583129883
FINADivingWorldCup2021_Men3m_final_r4::5,test,official_test,FINADivingWorldCup2021_Men3m_final,205b,3.0,69.0,False,7.2512207,7.897726,-0.058805864,-0.05758667,0.14366785685221353,-0.035292547,-0.02955532,0.14366785685221353,0.74060374,0.7462802,0.3591696421305339,entry,entry,True,0.7462801933288574,0.057586669921875,0.0,1.4156103134155273e-07,0.99620974,1.0,0.99893,7.2512207,7.1924605,7.211456,7.151446,7.987413,7.9272814,7.9553127,7.897726,0.6886935234069824,0.7462801933288574,0.04357099533081055,0.057586669921875,0.01263284683227539
FINADivingWorldCup2021_Men3m_final_r4::8,test,official_test,FINADivingWorldCup2021_Men3m_final,307c,3.5,84.0,False,8.297403,8.489733,0.0658199,0.06821823,0.06410980224609375,-0.00796922,-0.004096985,0.06410980224609375,0.13447873,0.13477516,0.06410980224609375,entry,entry,True,0.13477516174316406,0.06821823120117188,0.0,4.6938657760620117e-07,0.8726479,0.5,0.98219323,8.297403,8.358495,8.283232,8.354958,8.4292555,8.49383,8.4215145,8.489733,0.06655693054199219,0.13477516174316406,0.03615760803222656,0.06821823120117188,0.0065670013427734375
FINADivingWorldCup2021_Men3m_final_r5::1,test,official_test,FINADivingWorldCup2021_Men3m_final,407c,3.4,61.2,False,6.141634,5.9238734,-0.06615003,-0.07119703,-0.048391236199273,-0.09304365,-0.08412361,-0.096782472398546,-0.058566887,-0.0007352829,-0.0725868542989095,flight,flight,True,0.08412361145019531,0.0007352828979492188,0.0,1.1920928955078125e-07,0.6965772,1.0,0.54009783,6.141634,6.0810757,6.040215,5.9246087,6.02578,6.007997,5.9950705,5.9238734,0.0833883285522461,0.08412361145019531,0.03596615791320801,0.0711970329284668,0.06170463562011719
FINADivingWorldCup2021_Men3m_final_r5::2,test,official_test,FINADivingWorldCup2021_Men3m_final,207c,3.6,36.0,False,6.3068075,5.941123,-0.074245535,-0.106570244,-0.08126322428385416,-0.069876514,-0.16798592,-0.16252644856770831,-0.22156246,-0.2933936,-0.12189483642578125,entry,entry,True,0.293393611907959,0.293393611907959,0.0,1.1920928955078125e-07,0.40416083,0.5,0.4871956,6.3068075,6.2697515,6.3399053,6.2345166,6.161941,6.109109,6.0476933,5.941123,0.0,0.293393611907959,0.13727807998657227,0.1679859161376953,0.20226526260375977
FINADivingWorldCup2021_Men3m_final_r5::3,test,official_test,FINADivingWorldCup2021_Men3m_final,5156b,3.9,54.6,False,5.5011997,5.417344,-0.08081833,-0.082537174,-0.027951876322428383,0.11497029,0.11857939,-0.027951876322428383,-0.11800758,-0.11804056,-0.027951876322428383,entry,flight,False,0.11804056167602539,0.08253717422485352,0.0,8.940696716308594e-08,0.5657702,1.0,0.68145776,5.5011997,5.4400477,5.6305084,5.5353847,5.4011726,5.2987647,5.4998813,5.417344,0.035503387451171875,0.11804056167602539,0.10055828094482422,0.11857938766479492,0.0018572807312011719
FINADivingWorldCup2021_Men3m_final_r5::5,test,official_test,FINADivingWorldCup2021_Men3m_final,307c,3.5,77.0,False,6.508657,6.184765,0.052988768,0.06400919,-0.10796403884887695,-0.04845929,-0.045342922,-0.10796403884887695,-0.3284216,-0.31788492,-0.10796403884887695,entry,entry,True,0.3178849220275879,0.04534292221069336,0.0,1.7881393432617188e-07,0.6355252,0.5,0.74109596,6.508657,6.550589,6.457045,6.50265,6.1696625,6.230108,6.1207557,6.184765,0.27254199981689453,0.3178849220275879,0.054676055908203125,0.06400918960571289,0.0246734619140625
FINADivingWorldCup2021_Men3m_final_r5::6,test,official_test,FINADivingWorldCup2021_Men3m_final,5152b,3.0,72.0,False,7.2418475,7.465878,0.020090422,0.0036811829,0.0746768315633138,0.1128219,0.095267296,0.0746768315633138,0.09111818,0.091181755,0.0746768315633138,flight,flight,True,0.09526729583740234,0.003681182861328125,0.0,1.341104507446289e-07,0.33062422,0.0,0.58777267,7.2418475,7.278981,7.372858,7.3746963,7.333536,7.3706107,7.462197,7.465878,0.09158611297607422,0.09526729583740234,0.04743146896362305,0.09118175506591797,0.03390026092529297
FINADivingWorldCup2021_Men3m_final_r5::7,test,official_test,FINADivingWorldCup2021_Men3m_final,307c,3.5,70.0,False,8.118933,8.029834,-0.13360214,-0.13232136,-0.02969964345296224,0.021540165,0.019897461,-0.02969964345296224,0.022963047,0.04298687,-0.02969964345296224,takeoff,takeoff,True,0.13232135772705078,0.13232135772705078,0.0,3.0547380447387695e-07,0.51492673,0.5,0.03303717,8.118933,7.9822197,8.1402855,7.986847,8.120042,8.009936,8.162155,8.029834,0.0,0.13232135772705078,0.03144216537475586,0.04298686981201172,0.019661903381347656
FINADivingWorldCup2021_Men3m_final_r5::8,test,official_test,FINADivingWorldCup2021_Men3m_final,109c,3.8,91.2,False,7.4833817,7.4942102,-0.0601604,-0.032794952,0.003609498341878255,-0.018653393,-0.02322197,0.003609498341878255,0.08964229,0.101932526,0.003609498341878255,entry,entry,True,0.10193252563476562,0.032794952392578125,0.0,1.6391277313232422e-07,0.6909425,0.5,-0.8638417,7.4833817,7.3789372,7.4523783,7.3922777,7.543815,7.517432,7.527005,7.4942102,0.0691375732421875,0.10193252563476562,0.028008460998535156,0.032794952392578125,0.03508710861206055
FINADivingWorldCup2021_Men3m_final_r5::9,test,official_test,FINADivingWorldCup2021_Men3m_final,109c,3.8,89.3,False,7.5697036,7.428851,-0.1151673,-0.11933279,-0.0469508171081543,-0.06819216,-0.04002905,-0.0469508171081543,0.04250701,0.0721426,-0.0469508171081543,takeoff,takeoff,True,0.11933279037475586,0.040029048919677734,0.0,2.9802322387695312e-08,0.79536843,0.0,-0.34742257,7.5697036,7.4520574,7.466704,7.3567085,7.5759306,7.46888,7.548184,7.428851,0.07930374145507812,0.11933279037475586,0.056085824966430664,0.0721426010131836,0.05363321304321289
FINADivingWorldCup2021_Men3m_semifinal_r1::9,test,official_test,FINADivingWorldCup2021_Men3m_semifinal,5154b,3.4,74.8,False,7.866197,7.8968387,0.004974842,-0.008174419,0.010213851928710938,-0.3987255,-0.14534426,0.01361846923828125,0.42439222,0.6935086,0.006809234619140625,entry,entry,True,0.6935086250305176,0.6935086250305176,0.0,6.705522537231445e-08,0.16625859,0.5,0.8991792,7.866197,7.8860283,7.2157974,7.20333,8.02318,8.042183,7.905013,7.8968387,0.0,0.6935086250305176,0.07675933837890625,0.14534425735473633,0.5093483924865723
FINADivingWorldCup2021_Men3m_semifinal_r1::10,test,official_test,FINADivingWorldCup2021_Men3m_semifinal,405b,3.0,69.0,False,7.830124,7.72387,-0.0645473,-0.060126305,-0.035418033599853516,0.033582926,0.04125309,-0.035418033599853516,-0.075289726,-0.06418085,-0.035418033599853516,entry,entry,True,0.06418085098266602,0.060126304626464844,0.0,1.4156103134155273e-07,0.77189964,1.0,0.84755784,7.830124,7.7613506,7.8562317,7.7880507,7.7439203,7.6826167,7.783996,7.72387,0.004054546356201172,0.06418085098266602,0.050689697265625,0.060126304626464844,0.023200035095214844
FINADivingWorldCup2021_Men3m_semifinal_r1::11,test,official_test,FINADivingWorldCup2021_Men3m_semifinal,5154b,3.4,81.6,False,8.234278,8.211401,-0.050144672,-0.05552101,-0.007625579833984375,-0.04797554,0.019600868,-0.010167439778645832,0.07524347,0.15323067,-0.005083719889322916,entry,entry,True,0.1532306671142578,0.1532306671142578,0.0,2.3096799850463867e-07,0.25766793,0.0,-0.7097317,8.234278,8.190439,8.119656,8.05817,8.232464,8.1918,8.266922,8.211401,0.0,0.1532306671142578,0.03756093978881836,0.05552101135253906,0.14018726348876953
FINADivingWorldCup2021_Men3m_semifinal_r1::12,test,official_test,FINADivingWorldCup2021_Men3m_semifinal,405b,3.0,60.0,False,6.6498265,6.5730557,-0.034032185,-0.059475422,-0.025590260823567707,0.30919996,0.3712077,-0.03412034776475694,-0.35193858,-0.27791166,-0.01706017388237847,entry,flight,False,0.2779116630554199,0.2779116630554199,0.0,1.1920928955078125e-07,0.7655229,1.0,-0.25077626,6.6498265,6.6362047,6.891986,6.8509674,6.218828,6.201848,6.632531,6.5730557,0.0,0.2779116630554199,0.21534156799316406,0.37120771408081055,0.11059141159057617
FINADivingWorldCup2021_Men3m_semifinal_r1::15,test,official_test,FINADivingWorldCup2021_Men3m_semifinal,205b,3.0,67.5,False,6.8119044,6.460686,-0.058075905,-0.049849033,-0.15609698825412324,0.06174016,0.14159775,-0.11707274119059244,-0.35488248,-0.27884626,-0.07804849412706162,entry,entry,True,0.27884626388549805,0.04984903335571289,0.0,2.9802322387695312e-08,0.14717919,0.5,0.18289207,6.8119044,6.7496266,6.797812,6.7395325,6.3850107,6.3190885,6.5105352,6.460686,0.22899723052978516,0.27884626388549805,0.09572339057922363,0.14159774780273438,0.16412067413330078
FINADivingWorldCup2021_Men3m_semifinal_r2::6,test,official_test,FINADivingWorldCup2021_Men3m_semifinal,205b,3.0,54.0,False,7.6385007,7.7588835,-0.0096690655,-0.01224947,0.040127595265706376,-0.021801949,-0.018100262,0.040127595265706376,0.1518538,0.15539837,0.040127595265706376,entry,entry,True,0.15539836883544922,0.018100261688232422,0.0,7.450580596923828e-09,0.1806626,0.5,0.69445527,7.6385007,7.629863,7.611448,7.603485,7.7852607,7.7769837,7.771133,7.7588835,0.1372981071472168,0.15539836883544922,0.01517486572265625,0.018100261688232422,0.004665851593017578
FINADivingWorldCup2021_Men3m_semifinal_r2::9,test,official_test,FINADivingWorldCup2021_Men3m_semifinal,307c,3.5,84.0,False,7.597457,7.5292783,-0.16948406,-0.18067741,-0.022726217905680336,-0.28155246,-0.24897003,-0.03030162387424045,0.3828579,0.45186758,-0.015150811937120225,entry,entry,True,0.45186758041381836,0.1806774139404297,0.0,8.195638656616211e-08,0.952332,1.0,0.9864378,7.597457,7.4397345,7.2838902,7.0774107,7.9118733,7.7782483,7.7099557,7.5292783,0.27119016647338867,0.45186758041381836,0.21482372283935547,0.24897003173828125,0.09039878845214844
FINADivingWorldCup2021_Men3m_semifinal_r3::1,test,official_test,FINADivingWorldCup2021_Men3m_semifinal,109c,3.8,45.6,False,7.1823707,6.7164507,-0.026290655,-0.016883373,-0.1553066571553548,-0.08413267,-0.0073223114,-0.20707554287380642,-0.35549664,-0.29823446,-0.10353777143690321,entry,entry,True,0.2982344627380371,0.2982344627380371,0.0,2.1606683731079102e-07,0.8651659,0.5,0.79115754,7.1823707,7.1537995,7.0285544,7.014685,6.7767386,6.723773,6.733334,6.7164507,0.0,0.2982344627380371,0.012102842330932617,0.016883373260498047,0.1434798240661621
FINADivingWorldCup2021_Men3m_semifinal_r3::6,test,official_test,FINADivingWorldCup2021_Men3m_semifinal,5337d,3.5,75.25,False,7.59907,7.2986035,-0.26686487,-0.263494,-0.13354068332248265,-0.00988992,0.02414751,-0.10015551249186197,-0.023711761,0.016339302,-0.06677034166124132,takeoff,takeoff,True,0.26349401473999023,0.26349401473999023,0.0,5.21540641784668e-08,0.53898036,0.5,0.57498604,7.59907,7.327839,7.5541472,7.282264,7.534312,7.274456,7.5620975,7.2986035,0.0,0.26349401473999023,0.020243406295776367,0.024147510528564453,0.07745933532714844
FINADivingWorldCup2021_Men3m_semifinal_r3::9,test,official_test,FINADivingWorldCup2021_Men3m_semifinal,109c,3.8,58.9,False,7.9908233,8.084088,-0.1694134,-0.11922741,0.03108835220336914,0.21162789,0.20733261,0.04145113627115885,0.051050585,0.049146652,0.020725568135579426,flight,flight,True,0.20733261108398438,0.11922740936279297,0.0,2.2351741790771484e-08,0.21979047,0.0,0.7854952,7.9908233,7.734326,8.169848,8.034942,8.00688,7.8767557,8.203316,8.084088,0.0881052017211914,0.20733261108398438,0.08418703079223633,0.11922740936279297,0.04398679733276367
FINADivingWorldCup2021_Men3m_semifinal_r3::10,test,official_test,FINADivingWorldCup2021_Men3m_semifinal,305b,3.0,67.5,False,7.1598406,7.1552444,-0.1834495,-0.18156576,-0.0020427703857421875,0.09218836,0.08661842,-0.0015320777893066406,0.086664915,0.08714867,-0.0010213851928710938,takeoff,takeoff,True,0.1815657615661621,0.1815657615661621,0.0,1.4156103134155273e-07,0.89785874,0.5,0.28930464,7.1598406,6.97027,7.2533617,7.0680957,7.2417846,7.068626,7.33681,7.1552444,0.0,0.1815657615661621,0.086883544921875,0.08714866638183594,0.0032024383544921875
FINADivingWorldCup2021_Men3m_semifinal_r3::12,test,official_test,FINADivingWorldCup2021_Men3m_semifinal,207c,3.6,48.6,False,7.6783,7.3690867,-0.0980529,-0.10408354,-0.10307105382283528,0.106184565,0.16552067,-0.13742807176378039,-0.3173448,-0.2575016,-0.06871403588189019,entry,entry,True,0.25750160217285156,0.10408353805541992,0.0,1.1175870895385742e-07,0.7571638,0.5,0.91479546,7.6783,7.5889406,7.7278113,7.6265883,7.303775,7.203566,7.4731703,7.3690867,0.15341806411743164,0.25750160217285156,0.13480210304260254,0.16552066802978516,0.11314868927001953
FINADivingWorldCup2021_Men3m_semifinal_r3::13,test,official_test,FINADivingWorldCup2021_Men3m_semifinal,109c,3.8,74.1,False,7.393968,7.2159643,-0.19945185,-0.24634123,-0.05933459599812825,0.14536579,0.110327244,-0.079112794664171,-0.123917736,-0.14291239,-0.0395563973320855,takeoff,takeoff,True,0.24634122848510742,0.1429123878479004,0.0,5.21540641784668e-08,0.60750926,0.5,0.88293546,7.393968,7.269221,7.6021876,7.3588767,7.31686,7.105637,7.4623055,7.2159643,0.10342884063720703,0.24634122848510742,0.12661981582641602,0.1429123878479004,0.1009225845336914
FINADivingWorldCup2021_Men3m_semifinal_r3::15,test,official_test,FINADivingWorldCup2021_Men3m_semifinal,307c,3.5,80.5,False,8.283136,8.086849,0.020340363,0.017014503,-0.06542905171712239,-0.18070252,0.015058517,-0.08723873562282985,-0.03592499,0.17016315,-0.04361936781141493,flight,entry,False,0.015058517456054688,0.017014503479003906,0.0,5.21540641784668e-08,0.2996512,0.0,-0.31854397,8.283136,8.3073845,7.9072547,7.916686,8.041705,8.071791,8.069835,8.086849,-0.0019559860229492188,0.015058517456054688,0.09358882904052734,0.17016315460205078,0.39852333068847656
FINADivingWorldCup2021_Men3m_semifinal_r4::9,test,official_test,FINADivingWorldCup2021_Men3m_semifinal,207c,3.6,59.4,False,6.654168,6.5714755,0.034715254,0.031562805,-0.027564207712809242,0.023331245,0.0021605492,-0.027564207712809242,-0.14073913,-0.15888071,-0.027564207712809242,entry,entry,True,0.15888071060180664,0.0021605491638183594,0.0,9.685754776000977e-08,0.21251893,0.5,0.867709,6.654168,6.69405,6.700684,6.730356,6.5335846,6.569315,6.5399127,6.5714755,0.15672016143798828,0.15888071060180664,0.016861677169799805,0.03156280517578125,0.0424647331237793
FINADivingWorldCup2021_Men3m_semifinal_r4::15,test,official_test,FINADivingWorldCup2021_Men3m_semifinal,407c,3.4,83.3,False,6.7111077,6.634101,-0.07793307,-0.08691692,-0.025668938954671223,-0.09726715,-0.073224545,-0.025668938954671223,0.09819341,0.13558388,-0.025668938954671223,entry,entry,True,0.13558387756347656,0.08691692352294922,0.0,1.6391277313232422e-07,0.21994,0.5,-0.41327316,6.7111077,6.6423783,6.590018,6.498517,6.7721305,6.7073255,6.721018,6.634101,0.048666954040527344,0.13558387756347656,0.08007073402404785,0.08691692352294922,0.05244922637939453
FINADivingWorldCup2021_Men3m_semifinal_r5::2,test,official_test,FINADivingWorldCup2021_Men3m_semifinal,307c,3.5,26.25,False,7.1948857,6.582974,-0.16988976,-0.19487476,-0.20397059122721353,0.06566564,-0.02846241,-0.2719607883029514,-0.5076876,-0.61714506,-0.1359803941514757,entry,entry,True,0.6171450614929199,0.02846240997314453,0.0,1.6391277313232422e-07,0.8343357,0.5,0.88812536,7.1948857,7.0443845,7.349083,7.200119,6.791059,6.6114364,6.7778487,6.582974,0.5886826515197754,0.6171450614929199,0.11166858673095703,0.19487476348876953,0.22857046127319336
FINADivingWorldCup2021_Men3m_semifinal_r5::3,test,official_test,FINADivingWorldCup2021_Men3m_semifinal,307c,3.5,70.0,False,7.0327473,6.0615435,-0.15394728,-0.17575693,-0.3237346013387044,-0.6193597,-0.7205105,-0.43164613511827254,-0.19789688,-0.26739836,-0.21582306755913627,flight,flight,True,0.7205104827880859,0.17575693130493164,0.0,2.384185791015625e-07,0.5871219,0.0,0.87604076,7.0327473,6.9055157,6.5194445,6.328942,6.909258,6.782054,6.2373004,6.0615435,0.5447535514831543,0.7205104827880859,0.22157764434814453,0.2673983573913574,0.19246196746826172
FINADivingWorldCup2021_Men3m_semifinal_r5::4,test,official_test,FINADivingWorldCup2021_Men3m_semifinal,407c,3.4,61.2,False,6.9304,6.2126436,-0.022481838,-0.025418282,-0.23925209045410156,-0.03141753,-0.01971531,-0.23925209045410156,-0.6638569,-0.66605616,-0.23925209045410156,entry,entry,True,0.6660561561584473,0.6660561561584473,0.0,1.1920928955078125e-07,0.32161942,0.5,0.9820701,6.9304,6.912535,6.888961,6.8787,6.270423,6.232359,6.238062,6.2126436,0.0,0.6660561561584473,0.022566795349121094,0.02541828155517578,0.006566524505615234
FINADivingWorldCup2021_Men3m_semifinal_r5::8,test,official_test,FINADivingWorldCup2021_Men3m_semifinal,109c,3.8,79.8,False,7.8426127,7.838249,-0.09848348,-0.10335922,-0.0014545122782389321,-0.022512833,0.0065956116,-0.0019393497043185763,0.11663278,0.15049314,-0.0009696748521592881,entry,entry,True,0.15049314498901367,0.15049314498901367,0.0,1.564621925354004e-07,0.93544257,1.0,0.86290914,7.8426127,7.7475348,7.789521,7.687756,7.923915,7.8316536,7.9416084,7.838249,0.0,0.15049314498901367,0.0549774169921875,0.10335922241210938,0.05809307098388672
FINADivingWorldCup2021_Men3m_semifinal_r5::9,test,official_test,FINADivingWorldCup2021_Men3m_semifinal,5156b,3.9,52.65,False,6.318118,5.413902,-0.06514064,-0.07778263,-0.3014054298400879,-0.5179722,-0.5783291,-0.4018739064534505,-0.32110348,-0.39265108,-0.20093695322672525,flight,flight,True,0.5783290863037109,0.3926510810852051,0.0,5.960464477539063e-08,0.52997905,0.0,0.7786984,6.318118,6.27107,5.8659534,5.806553,6.0740128,5.992231,5.4916844,5.413902,0.18567800521850586,0.5783290863037109,0.23521685600280762,0.3926510810852051,0.1445465087890625
FINADivingWorldCup2021_Men3m_semifinal_r5::11,test,official_test,FINADivingWorldCup2021_Men3m_semifinal,109c,3.8,91.2,False,8.032925,8.250737,-0.039729595,-0.040688515,0.04840278625488281,-0.115285635,-0.090518,0.09680557250976562,0.37282777,0.39844036,0.07260417938232422,entry,entry,True,0.3984403610229492,0.040688514709472656,0.0,1.1175870895385742e-08,0.6237992,0.5,0.98951435,8.032925,7.9955087,7.894226,7.852297,8.3814945,8.341255,8.291426,8.250737,0.35775184631347656,0.3984403610229492,0.06560325622558594,0.09051799774169922,0.04942131042480469
FINADivingWorldCup2021_Men3m_semifinal_r5::14,test,official_test,FINADivingWorldCup2021_Men3m_semifinal,307c,3.5,73.5,False,6.980755,6.277004,-0.12662888,-0.15066433,-0.23458369572957355,-0.60758615,-0.6127696,-0.31277826097276473,0.030463934,0.049016953,-0.15638913048638237,flight,flight,True,0.612769603729248,0.04901695251464844,0.0,1.4901161193847656e-07,0.1465184,0.0,0.6296056,6.980755,6.8780756,6.3782663,6.227987,6.99258,6.8897734,6.427668,6.277004,0.5637526512145996,0.612769603729248,0.09984064102172852,0.1506643295288086,0.0106658935546875
FINADivingWorldCup2021_Men3m_semifinal_r5::15,test,official_test,FINADivingWorldCup2021_Men3m_semifinal,107b,3.1,68.2,False,7.18049,7.3949804,-0.042157333,-0.045125008,0.07149680455525716,-0.028006474,-0.00884676,0.07149680455525716,0.28465423,0.3101902,0.07149680455525716,entry,entry,True,0.31019020080566406,0.31019020080566406,0.0,1.4156103134155273e-07,0.6941719,0.5,0.50664026,7.18049,7.1403923,7.132416,7.08479,7.4387,7.403827,7.4401054,7.3949804,0.0,0.31019020080566406,0.026985883712768555,0.04512500762939453,0.04172801971435547
FINADivingWorldCup2021_Men3m_semifinal_r5::16,test,official_test,FINADivingWorldCup2021_Men3m_semifinal,109c,3.8,77.9,False,7.196185,7.1132593,-0.005769968,-0.041194916,-0.027641932169596352,-0.17406869,-0.13606834,-0.0368559095594618,0.09691286,0.14119244,-0.0184279547797309,flight,entry,False,0.13606834411621094,0.041194915771484375,0.0,1.9371509552001953e-07,-0.6967484,0.5,0.99076897,7.196185,7.2464523,7.0047283,6.972067,7.2694306,7.2493277,7.154454,7.1132593,0.09487342834472656,0.13606834411621094,0.09119367599487305,0.14119243621826172,0.04685497283935547
FINADivingWorldCup2021_Men3m_semifinal_r6::0,test,official_test,FINADivingWorldCup2021_Men3m_semifinal,5154b,3.4,69.7,False,7.5420456,7.6575003,-0.085861444,-0.08254385,0.051313188340928816,0.054430723,0.04665804,0.03848489125569661,0.1468854,0.13931847,0.025656594170464408,entry,entry,True,0.13931846618652344,0.04665803909301758,0.0,6.705522537231445e-08,0.8062554,0.5,0.04041007,7.5420456,7.451918,7.6033006,7.518182,7.6955495,7.610842,7.740044,7.6575003,0.09266042709350586,0.13931846618652344,0.06460094451904297,0.08254384994506836,0.012022018432617188
FINADivingWorldCup2021_Men3m_semifinal_r6::3,test,official_test,FINADivingWorldCup2021_Men3m_semifinal,109c,3.8,45.6,False,7.2682376,6.819276,-0.22358632,-0.240273,-0.19953854878743488,0.64009,0.71692467,-0.14965391159057617,-0.8654654,-0.8757582,-0.09976927439371744,entry,entry,True,0.875758171081543,0.875758171081543,0.0,1.9371509552001953e-07,0.74269956,0.0,0.9865687,7.2682376,7.07696,7.847115,7.695034,6.428687,6.102351,7.059549,6.819276,0.0,0.875758171081543,0.47859883308410645,0.7169246673583984,0.04985523223876953
FINADivingWorldCup2021_Men3m_semifinal_r6::7,test,official_test,FINADivingWorldCup2021_Men3m_semifinal,109c,3.8,45.6,False,5.436094,4.5286527,-0.057709455,-0.024700642,-0.40330717298719615,-0.11202264,-0.07409477,-0.3024803797403971,-0.73770905,-0.6833458,-0.20165358649359807,entry,entry,True,0.6833457946777344,0.07409477233886719,0.0,0.0,0.6801673,0.5,0.3195605,5.436094,5.340486,5.281254,5.2119985,4.639132,4.6027474,4.5533533,4.5286527,0.6092510223388672,0.6833457946777344,0.04939770698547363,0.07409477233886719,0.12529993057250977
FINADivingWorldCup2021_Men3m_semifinal_r6::11,test,official_test,FINADivingWorldCup2021_Men3m_semifinal,5156b,3.9,76.05,False,7.214592,6.6007624,-0.16963856,-0.053596497,-0.2728131612141927,-0.056527298,0.115083694,-0.20460987091064453,-0.38766375,-0.32996225,-0.13640658060709634,entry,entry,True,0.32996225357055664,0.05359649658203125,0.0,1.4901161193847656e-08,0.53107214,0.0,0.8509042,7.214592,6.9303374,6.9878798,6.9307246,6.770653,6.4856787,6.654359,6.6007624,0.2763657569885254,0.32996225357055664,0.08434009552001953,0.11508369445800781,0.3453545570373535
FINADivingWorldCup2021_Women10mSynchronised_final_r1::0,test,official_test,FINADivingWorldCup2021_Women10mSynchronised_final,101b,2.0,43.8,False,7.6836634,6.953029,0.001077652,-0.034697533,-0.16236315833197698,-0.006303549,-0.024603367,-0.16236315833197698,-0.7254083,-0.7103462,-0.4059078958299425,entry,entry,True,0.7103462219238281,0.7103462219238281,0.0,7.450580596923828e-08,0.9966538,1.0,0.99999315,7.6836634,7.712249,7.687392,7.6633754,6.9349256,6.9776325,6.9877267,6.953029,0.0,0.7103462219238281,0.029650449752807617,0.034697532653808594,0.039012908935546875
FINADivingWorldCup2021_Women10mSynchronised_final_r1::1,test,official_test,FINADivingWorldCup2021_Women10mSynchronised_final,301b,2.0,48.0,False,6.278799,7.074637,-0.017330328,-0.024271488,0.1768528620402018,0.09310945,0.087878704,0.1768528620402018,0.72005874,0.6906667,0.4421321551005046,entry,entry,True,0.690666675567627,0.08787870407104492,0.0,1.2665987014770508e-07,0.99008995,1.0,0.99862266,6.278799,6.266037,6.3747663,6.3839703,7.025877,6.986758,7.0989084,7.074637,0.602787971496582,0.690666675567627,0.056075096130371094,0.08787870407104492,0.041563987731933594
FINADivingWorldCup2021_Women10mSynchronised_final_r1::5,test,official_test,FINADivingWorldCup2021_Women10mSynchronised_final,301b,2.0,48.6,False,6.8360057,7.466745,-0.010672331,-0.020795345,0.14016426934136283,0.02039051,0.011619091,0.14016426934136283,0.62102103,0.62001944,0.35041067335340714,entry,entry,True,0.6200194358825684,0.011619091033935547,0.0,2.2351741790771484e-07,0.99734396,1.0,0.908214,6.8360057,6.8359327,6.865644,6.8467255,7.4585047,7.455126,7.4875402,7.466745,0.6084003448486328,0.6200194358825684,0.016207218170166016,0.020795345306396484,0.01989603042602539
FINADivingWorldCup2021_Women10mSynchronised_final_r1::8,test,official_test,FINADivingWorldCup2021_Women10mSynchronised_final,201b,2.0,46.8,False,7.734279,8.114419,-0.045733053,-0.052728653,0.08447551727294922,0.048817795,0.05365753,0.08447551727294922,0.37705508,0.38187408,0.21118879318237305,entry,entry,True,0.38187408447265625,0.05272865295410156,0.0,2.2351741790771484e-08,0.9838056,1.0,0.9927076,7.734279,7.694375,7.7770905,7.732545,8.105349,8.060761,8.167148,8.114419,0.3291454315185547,0.38187408447265625,0.053193092346191406,0.05365753173828125,0.002663135528564453
FINADivingWorldCup2021_Women10mSynchronised_final_r1::9,test,official_test,FINADivingWorldCup2021_Women10mSynchronised_final,301b,2.0,46.2,False,6.835967,7.385785,-0.08647466,-0.08460426,0.12218178643120658,-0.02662921,0.008446217,0.12218178643120658,0.6629219,0.6959095,0.3054544660780165,entry,entry,True,0.6959095001220703,0.6959095001220703,0.0,2.384185791015625e-07,0.99427503,1.0,0.9974107,6.835967,6.745383,6.772023,6.6898756,7.463662,7.377339,7.4703894,7.385785,0.0,0.6959095001220703,0.04652523994445801,0.08460426330566406,0.06993341445922852
FINADivingWorldCup2021_Women10mSynchronised_final_r2::2,test,official_test,FINADivingWorldCup2021_Women10mSynchronised_final,301b,2.0,46.8,False,7.4156866,7.819701,-0.075327635,-0.061601162,0.08978101942274305,0.02462101,0.06444597,0.08978101942274305,0.4547212,0.4865961,0.22445254855685765,entry,entry,True,0.48659610748291016,0.48659610748291016,0.0,9.685754776000977e-08,0.98677266,1.0,0.9604944,7.4156866,7.3294954,7.4033456,7.333105,7.841396,7.755255,7.8813024,7.819701,0.0,0.48659610748291016,0.06302356719970703,0.06444597244262695,0.08542633056640625
FINADivingWorldCup2021_Women10mSynchronised_final_r2::6,test,official_test,FINADivingWorldCup2021_Women10mSynchronised_final,301b,2.0,49.2,False,7.0245566,7.475077,-0.08472165,-0.080581665,0.10011567009819877,-0.045684893,-0.01588583,0.10011567009819877,0.5809271,0.6207371,0.250289175245497,entry,entry,True,0.6207370758056641,0.01588582992553711,0.0,2.9802322387695312e-08,0.9980844,1.0,0.9806269,7.0245566,6.938591,6.9519687,6.85434,7.5685697,7.490963,7.555659,7.475077,0.604851245880127,0.6207370758056641,0.048233747482299805,0.0805816650390625,0.07374906539916992
FINADivingWorldCup2021_Women10mSynchronised_final_r3::9,test,official_test,FINADivingWorldCup2021_Women10mSynchronised_final,107b,3.0,69.3,False,7.2476997,7.5805135,-0.10588416,-0.1139245,0.03697930441962348,0.03277866,0.033317566,0.11093791325887044,0.40591922,0.4267993,0.1848965220981174,entry,entry,True,0.42679929733276367,0.03331756591796875,0.0,3.725290298461914e-08,0.990348,1.0,0.99445885,7.2476997,7.1495833,7.279667,7.153714,7.6324663,7.547196,7.694438,7.5805135,0.3934817314147949,0.42679929733276367,0.07362103462219238,0.11392450332641602,0.013378620147705078
FINADivingWorldCup2021_Women10mSynchronised_final_r4::3,test,official_test,FINADivingWorldCup2021_Women10mSynchronised_final,107b,3.0,60.3,False,5.7344747,6.060535,0.008506934,0.022010803,0.07245784335666232,0.05123393,0.06973934,0.07245784335666232,0.26631942,0.27516842,0.18114460839165583,entry,entry,True,0.27516841888427734,0.27516841888427734,0.0,2.2351741790771484e-07,0.97715956,1.0,0.9158273,5.7344747,5.730527,5.7682524,5.7853665,5.9929943,5.9907956,6.038524,6.060535,0.0,0.27516841888427734,0.04587507247924805,0.06973934173583984,0.04085826873779297
FINADivingWorldCup2021_Women10mSynchronised_final_r5::8,test,official_test,FINADivingWorldCup2021_Women10mSynchronised_final,5253b,3.2,69.12,False,6.6370745,7.1535625,0.1558388,0.16782665,0.11477512783474392,0.011474927,0.0572052,0.11477512783474392,0.34917435,0.3753786,0.2869378195868598,entry,entry,True,0.3753786087036133,0.3753786087036133,0.0,1.564621925354004e-07,0.96453965,1.0,0.99312174,6.6370745,6.7803698,6.6022635,6.778184,6.959489,7.0963573,6.985736,7.1535625,0.0,0.3753786087036133,0.11251592636108398,0.16782665252685547,0.0839223861694336
FINADivingWorldCup2021_Women10m_final_r1::1,test,official_test,FINADivingWorldCup2021_Women10m_final,405b,2.8,58.8,False,6.933933,6.6295123,-0.06955528,-0.07023573,-0.10147349039713541,-0.018793344,-0.0006146431,-0.10147349039713541,-0.21607184,-0.19515228,-0.10147349039713541,entry,entry,True,0.19515228271484375,0.0702357292175293,0.0,1.341104507446289e-07,0.91928387,1.0,-0.22276472,6.933933,6.862868,6.8947706,6.8246646,6.6947513,6.630127,6.699748,6.6295123,0.12491655349731445,0.19515228271484375,0.03542518615722656,0.0702357292175293,0.038417816162109375
FINADivingWorldCup2021_Women10m_final_r1::3,test,official_test,FINADivingWorldCup2021_Women10m_final,107b,3.0,52.5,False,6.5126786,6.6883216,-0.013604879,-0.022412777,0.03903177049424913,0.037014723,0.024456024,0.07806354098849826,0.15223312,0.15068245,0.058547655741373696,entry,entry,True,0.1506824493408203,0.022412776947021484,0.0,2.0116567611694336e-07,0.29111898,0.5,-0.8166451,6.5126786,6.5073953,6.5617657,6.537639,6.665976,6.6638656,6.7107344,6.6883216,0.12826967239379883,0.1506824493408203,0.02343440055847168,0.024456024169921875,0.02291727066040039
FINADivingWorldCup2021_Women10m_final_r1::5,test,official_test,FINADivingWorldCup2021_Women10m_final,107b,3.0,64.5,False,6.582564,6.6374493,-0.030913988,-0.047267914,0.012196752760145398,-0.036855143,-0.05573988,0.024393505520290796,0.12265452,0.12540913,0.018295129140218098,entry,entry,True,0.12540912628173828,0.047267913818359375,0.0,1.7136335372924805e-07,0.15710945,0.5,-0.8404033,6.582564,6.5692472,6.565837,6.51204,6.703707,6.693189,6.684717,6.6374493,0.0781412124633789,0.12540912628173828,0.051503896713256836,0.0557398796081543,0.03248405456542969
FINADivingWorldCup2021_Women10m_final_r2::4,test,official_test,FINADivingWorldCup2021_Women10m_final,6243d,3.2,52.8,False,6.274507,5.8629313,-0.22675173,-0.22594738,-0.1371919314066569,-0.09639136,-0.10367775,-0.1371919314066569,-0.08843271,-0.12394953,-0.1371919314066569,takeoff,takeoff,True,0.22594738006591797,0.10367774963378906,0.0,8.940696716308594e-08,0.8906859,0.5,0.9890598,6.274507,6.0502443,6.1886954,5.986881,6.2248845,5.966609,6.0888786,5.8629313,0.1222696304321289,0.22594738006591797,0.11381363868713379,0.12394952774047852,0.041998863220214844
FINADivingWorldCup2021_Women10m_final_r2::5,test,official_test,FINADivingWorldCup2021_Women10m_final,407c,3.2,57.6,False,6.4893165,6.4990816,-0.027757326,-0.023744583,0.003255049387613932,0.011182864,0.0159626,0.003255049387613932,0.026339611,0.030733585,0.003255049387613932,takeoff,entry,False,0.023744583129882812,0.023744583129882812,0.0,4.470348358154297e-08,0.59500384,0.5,-0.5475368,6.4893165,6.456394,6.4945674,6.468348,6.51011,6.483119,6.522826,6.4990816,0.0,0.023744583129882812,0.023348093032836914,0.030733585357666016,0.013186454772949219
FINADivingWorldCup2021_Women10m_final_r3::6,test,official_test,FINADivingWorldCup2021_Women10m_final,207c,3.3,51.15,False,6.361664,6.358093,-0.07830111,-0.08680105,-0.000793562995062934,0.021496614,0.010568142,-0.001587125990125868,0.053233463,0.056369305,-0.001190344492594401,takeoff,takeoff,True,0.08680105209350586,0.08680105209350586,0.0,1.9371509552001953e-07,0.6225824,0.0,-0.53679985,6.361664,6.2936473,6.3958735,6.3017235,6.413546,6.3475246,6.444894,6.358093,0.0,0.08680105209350586,0.03346872329711914,0.05636930465698242,0.016292572021484375
FINADivingWorldCup2021_Women10m_final_r3::9,test,official_test,FINADivingWorldCup2021_Women10m_final,6243d,3.2,67.2,False,7.241572,6.9968905,-0.11550633,-0.11043739,-0.054373635186089404,-0.07088844,-0.08087444,-0.10874727037217881,-0.05828659,-0.057099342,-0.08156045277913411,takeoff,takeoff,True,0.11043739318847656,0.11043739318847656,0.0,7.450580596923828e-09,0.4899116,0.0,0.5418005,7.241572,7.1220865,7.1817594,7.05399,7.183188,7.077765,7.107328,6.9968905,0.0,0.11043739318847656,0.06898689270019531,0.08087444305419922,0.0037298202514648438
FINADivingWorldCup2021_Women10m_final_r3::10,test,official_test,FINADivingWorldCup2021_Women10m_final,305c,2.8,67.2,False,7.7959876,7.6968226,-0.08230376,-0.10240078,-0.02203665839301215,-0.037235737,-0.061411858,-0.0440733167860243,0.020374537,0.013604641,-0.03305498758951823,takeoff,takeoff,True,0.1024007797241211,0.01360464096069336,0.0,7.450580596923828e-09,0.19587797,0.0,0.39741772,7.7959876,7.73205,7.781197,7.683218,7.821401,7.7582345,7.7992234,7.6968226,0.08879613876342773,0.1024007797241211,0.037508249282836914,0.06141185760498047,0.051043033599853516
FINADivingWorldCup2021_Women10m_final_r4::0,test,official_test,FINADivingWorldCup2021_Women10m_final,107b,3.0,66.0,False,7.361517,7.5720873,-0.060526293,-0.0596776,0.0467934078640408,0.07433661,0.08488655,0.0467934078640408,0.19676001,0.20891237,0.116983519660102,entry,entry,True,0.20891237258911133,0.08488655090332031,0.0,1.2665987014770508e-07,0.8890187,1.0,0.9957359,7.361517,7.3021493,7.427311,7.363175,7.548132,7.4872007,7.631765,7.5720873,0.12402582168579102,0.20891237258911133,0.07228207588195801,0.08488655090332031,0.023550987243652344
FINADivingWorldCup2021_Women10m_final_r4::5,test,official_test,FINADivingWorldCup2021_Women10m_final,207c,3.3,46.2,False,6.271771,6.2665534,-0.07640433,-0.08298159,-0.0011594560411241318,-0.00016498566,-0.018428326,-0.0023189120822482636,0.07135177,0.05903673,-0.0017391840616861978,takeoff,takeoff,True,0.08298158645629883,0.08298158645629883,0.0,1.341104507446289e-07,0.2635366,0.0,-0.37051207,6.271771,6.2025943,6.2905197,6.2075167,6.356088,6.2849817,6.349535,6.2665534,0.0,0.08298158645629883,0.03873252868652344,0.0590367317199707,0.0371556282043457
FINADivingWorldCup2021_Women10m_final_r4::6,test,official_test,FINADivingWorldCup2021_Women10m_final,407c,3.2,59.2,False,6.9642773,7.0051622,0.012210528,0.016287327,0.00908554924858941,-0.04121526,-0.022676468,0.00908554924858941,0.0698897,0.08846426,0.022713873121473525,entry,entry,True,0.08846426010131836,0.01628732681274414,0.0,7.450580596923828e-09,0.7696605,1.0,0.9158283,6.9642773,6.975343,6.9074554,6.916698,7.0185246,7.0278387,6.988875,7.0051622,0.07217693328857422,0.08846426010131836,0.019481897354125977,0.022676467895507812,0.041190147399902344
FINADivingWorldCup2021_Women10m_final_r4::11,test,official_test,FINADivingWorldCup2021_Women10m_final,307c,3.4,68.0,False,6.9509044,7.0952134,-0.014757792,-0.014216423,0.0320686764187283,-0.080517925,-0.11926317,0.0641373528374566,0.23958476,0.19285822,0.048103014628092446,entry,entry,True,0.19285821914672852,0.1192631721496582,0.0,2.0116567611694336e-07,0.8012,1.0,0.99504143,6.9509044,6.934182,6.9077086,6.902355,7.2357926,7.2144766,7.10943,7.0952134,0.07359504699707031,0.19285821914672852,0.06673979759216309,0.1192631721496582,0.084930419921875
FINADivingWorldCup2021_Women10m_final_r5::0,test,official_test,FINADivingWorldCup2021_Women10m_final,5152b,2.9,56.55,False,6.3333087,6.8847637,0.105602264,0.13007498,0.12254556020100911,0.08455205,0.12738228,0.12254556020100911,0.3613007,0.38513374,0.3063639005025228,entry,entry,True,0.3851337432861328,0.1273822784423828,0.0,1.9371509552001953e-07,0.9757486,1.0,-0.22098139,6.3333087,6.415027,6.3756194,6.49963,6.6713653,6.7573814,6.7546887,6.8847637,0.25775146484375,0.3851337432861328,0.12872862815856934,0.13007497787475586,0.09113597869873047
FINADivingWorldCup2021_Women10m_final_r5::6,test,official_test,FINADivingWorldCup2021_Women10m_final,5253b,3.2,72.0,False,7.4380884,7.714292,-0.036952335,-0.037020683,0.06137858496771918,0.067002214,0.06679487,0.06137858496771918,0.24615376,0.24178123,0.15344646241929796,entry,entry,True,0.24178123474121094,0.03702068328857422,0.0,2.2351741790771484e-08,0.9659429,1.0,0.94055927,7.4380884,7.400375,7.5044684,7.472511,7.687785,7.647497,7.7513127,7.714292,0.20476055145263672,0.24178123474121094,0.05190777778625488,0.06679487228393555,0.0046482086181640625
FINADivingWorldCup2021_Women10m_final_r5::11,test,official_test,FINADivingWorldCup2021_Women10m_final,5253b,3.2,81.6,False,6.8972025,7.235456,-0.0049429736,-0.0029892921,0.07516744401719834,0.060350817,0.039030552,0.07516744401719834,0.28284565,0.25058126,0.1879186100429959,entry,entry,True,0.2505812644958496,0.0029892921447753906,0.0,1.4156103134155273e-07,0.9640967,1.0,0.96796435,6.8972025,6.8863516,6.9749193,6.9848747,7.2083583,7.1964254,7.2384453,7.235456,0.24759197235107422,0.2505812644958496,0.02100992202758789,0.03903055191040039,0.05163097381591797
FINADivingWorldCup2021_Women10m_semifinal_r1::0,test,official_test,FINADivingWorldCup2021_Women10m_semifinal,405b,2.8,49.0,False,6.1311154,6.1601996,0.0153564615,-0.008849144,0.009694735209147135,-0.05298956,-0.07242155,0.009694735209147135,0.066717304,0.07838154,0.009694735209147135,entry,entry,True,0.07838153839111328,0.07838153839111328,0.0,2.9802322387695312e-08,0.02984605,0.5,-0.58379483,6.1311154,6.173343,6.1002235,6.081818,6.188834,6.232621,6.169049,6.1601996,0.0,0.07838153839111328,0.04063534736633301,0.07242155075073242,0.03197336196899414
FINADivingWorldCup2021_Women10m_semifinal_r1::1,test,official_test,FINADivingWorldCup2021_Women10m_semifinal,405b,2.8,53.2,False,6.7296166,6.2770348,0.009383281,0.0033679008,-0.10057375166151258,-0.050654333,-0.05464554,-0.20114750332302517,-0.41131082,-0.40585804,-0.15086062749226886,entry,entry,True,0.40585803985595703,0.40585803985595703,0.0,2.086162567138672e-07,0.5319013,0.5,0.94905555,6.7296166,6.744576,6.682514,6.682893,6.3124137,6.3316803,6.273667,6.2770348,0.0,0.40585803985595703,0.0290067195892334,0.054645538330078125,0.004553794860839844
FINADivingWorldCup2021_Women10m_semifinal_r1::5,test,official_test,FINADivingWorldCup2021_Women10m_semifinal,5253b,3.2,68.8,False,7.2696285,7.356107,-0.079172455,-0.0870142,0.028826236724853516,-0.061883528,-0.061184883,0.028826236724853516,0.2275347,0.2359662,0.028826236724853516,entry,entry,True,0.23596620559692383,0.23596620559692383,0.0,1.564621925354004e-07,0.24876228,0.0,0.99610025,7.2696285,7.196117,7.2048655,7.120141,7.486551,7.417292,7.4431214,7.356107,0.0,0.23596620559692383,0.07409954071044922,0.08701419830322266,0.0012884140014648438
FINADivingWorldCup2021_Women10m_semifinal_r1::6,test,official_test,FINADivingWorldCup2021_Women10m_semifinal,407c,3.2,67.2,False,6.5071244,6.5452495,0.1099031,0.08062792,0.012708346048990885,-0.06024766,-0.09759188,0.012708346048990885,-0.011530399,-0.022782326,0.012708346048990885,takeoff,flight,False,0.0806279182434082,0.09759187698364258,0.0,1.7881393432617188e-07,0.5838071,0.5,0.37937048,6.5071244,6.6398926,6.477811,6.568032,6.500436,6.6428413,6.4646215,6.5452495,-0.016963958740234375,0.0806279182434082,0.06018710136413574,0.09759187698364258,0.07787132263183594
FINADivingWorldCup2021_Women10m_semifinal_r1::9,test,official_test,FINADivingWorldCup2021_Women10m_semifinal,405b,2.8,60.2,False,6.7360816,6.6479816,-0.13311641,-0.14224243,-0.019577768113878038,0.04149397,0.066771984,-0.039155536227756076,0.0035224755,0.023604393,-0.029366652170817055,takeoff,takeoff,True,0.142242431640625,0.023604393005371094,0.0,2.0116567611694336e-07,0.06530889,0.0,-0.13608383,6.7360816,6.61099,6.7511964,6.6243773,6.718421,6.5812097,6.790224,6.6479816,0.1186380386352539,0.142242431640625,0.045188188552856445,0.0667719841003418,0.03623390197753906
FINADivingWorldCup2021_Women10m_semifinal_r1::11,test,official_test,FINADivingWorldCup2021_Women10m_semifinal,107b,3.0,63.0,False,6.6873207,6.544788,-0.028805971,-0.033656597,-0.031673961215549044,-0.069832325,-0.06388521,-0.06334792243109809,-0.04389453,-0.038518906,-0.04751094182332356,flight,flight,True,0.06388521194458008,0.03365659713745117,0.0,1.4901161193847656e-07,0.778228,0.5,0.96025944,6.6873207,6.6672897,6.6154656,6.583307,6.641975,6.608673,6.5784445,6.544788,0.030228614807128906,0.06388521194458008,0.036087751388549805,0.03851890563964844,0.006472110748291016
FINADivingWorldCup2021_Women10m_semifinal_r1::13,test,official_test,FINADivingWorldCup2021_Women10m_semifinal,405b,2.8,72.8,False,8.343545,8.4318695,-0.06938759,-0.07106495,0.029441515604654946,-0.062119167,-0.0543375,0.029441515604654946,0.2198313,0.23665047,0.029441515604654946,entry,entry,True,0.2366504669189453,0.07106494903564453,0.0,1.862645149230957e-07,0.657976,0.5,0.96811485,8.343545,8.278177,8.275987,8.195219,8.5489,8.486207,8.502934,8.4318695,0.16558551788330078,0.2366504669189453,0.06270122528076172,0.07106494903564453,0.02292346954345703
FINADivingWorldCup2021_Women10m_semifinal_r2::1,test,official_test,FINADivingWorldCup2021_Women10m_semifinal,107c,2.7,55.35,False,6.285102,7.442301,-0.09770123,-0.096477985,0.25715531243218315,-0.08321921,-0.09662628,0.5143106248643663,1.3381194,1.3490143,0.3857329686482747,entry,entry,True,1.3490142822265625,0.09647798538208008,0.0,1.341104507446289e-07,0.7605303,0.5,0.99617255,6.285102,6.1903644,6.2194767,6.0932865,7.6165133,7.538927,7.538779,7.442301,1.2525362968444824,1.3490142822265625,0.09655213356018066,0.09662628173828125,0.0012888908386230469
FINADivingWorldCup2021_Women10m_semifinal_r2::9,test,official_test,FINADivingWorldCup2021_Women10m_semifinal,205b,2.9,59.45,False,7.1171618,6.7512174,-0.105249725,-0.10175705,-0.08132097456190321,0.006841103,0.021753788,-0.16264194912380642,-0.26753578,-0.2523427,-0.12198146184285481,entry,entry,True,0.25234270095825195,0.25234270095825195,0.0,2.9802322387695312e-08,0.8302772,1.0,0.5172855,7.1171618,7.012086,7.1127567,7.00356,6.8380995,6.7294636,6.8529744,6.7512174,0.0,0.25234270095825195,0.06175541877746582,0.10175704956054688,0.03359842300415039
FINADivingWorldCup2021_Women10m_semifinal_r2::15,test,official_test,FINADivingWorldCup2021_Women10m_semifinal,207c,3.3,54.45,False,6.1444306,5.615588,-0.11128235,-0.11127663,-0.17628081639607746,-0.13749743,-0.106138706,-0.17628081639607746,-0.28006268,-0.24935102,-0.17628081639607746,entry,entry,True,0.24935102462768555,0.10613870620727539,0.0,1.4901161193847656e-07,0.9039431,0.5,0.91120917,6.1444306,6.033719,5.976151,5.864939,5.834233,5.721727,5.726865,5.615588,0.14321231842041016,0.24935102462768555,0.10870766639709473,0.11127662658691406,0.06207609176635742
FINADivingWorldCup2021_Women10m_semifinal_r2::17,test,official_test,FINADivingWorldCup2021_Women10m_semifinal,205b,2.9,27.55,False,5.5128903,4.5646486,-0.097238064,-0.077676296,-0.21072038014729816,-0.10451794,-0.104800224,-0.4214407602945963,-0.7464857,-0.74541426,-0.31608057022094727,entry,entry,True,0.7454142570495605,0.7454142570495605,0.0,2.9802322387695312e-08,0.8811462,0.5,0.9950469,5.5128903,5.3771014,5.3896656,5.310063,4.746344,4.669449,4.642325,4.5646486,0.0,0.7454142570495605,0.09123826026916504,0.10480022430419922,0.020350933074951172
FINADivingWorldCup2021_Women10m_semifinal_r3::1,test,official_test,FINADivingWorldCup2021_Women10m_semifinal,305c,2.8,26.6,False,5.308803,4.7091904,-0.031890154,-0.049319744,-0.1332472695244683,-0.2323935,-0.2668562,-0.2664945390489366,-0.33532906,-0.35624123,-0.19987090428670246,entry,entry,True,0.35624122619628906,0.26685619354248047,0.0,1.7881393432617188e-07,0.9101466,1.0,0.8868972,5.308803,5.2926116,5.1091413,5.0654316,4.9926553,4.9760466,4.75851,4.7091904,0.0893850326538086,0.35624122619628906,0.15808796882629395,0.26685619354248047,0.07280445098876953
FINADivingWorldCup2021_Women10m_semifinal_r3::5,test,official_test,FINADivingWorldCup2021_Women10m_semifinal,107b,3.0,61.5,False,7.147298,7.3289685,-0.06946031,-0.08053827,0.060556888580322266,0.05692013,0.02507019,0.060556888580322266,0.19421084,0.17819834,0.060556888580322266,entry,entry,True,0.17819833755493164,0.08053827285766602,0.0,2.0116567611694336e-07,0.29195064,0.5,-0.38761663,7.147298,7.0904737,7.237626,7.15077,7.3590794,7.3038983,7.409507,7.3289685,0.09766006469726562,0.17819833755493164,0.05280423164367676,0.08053827285766602,0.05894041061401367
FINADivingWorldCup2021_Women10m_semifinal_r3::6,test,official_test,FINADivingWorldCup2021_Women10m_semifinal,205b,2.9,69.6,False,7.278448,7.1737647,0.0019874573,-0.017325401,-0.023262977600097656,-0.021852493,-0.023575306,-0.04652595520019531,-0.08481836,-0.083017826,-0.034894466400146484,entry,entry,True,0.08301782608032227,0.017325401306152344,0.0,3.725290298461914e-08,0.15670249,0.0,0.91091543,7.278448,7.298249,7.256819,7.2567825,7.1903296,7.19734,7.19109,7.1737647,0.06569242477416992,0.08301782608032227,0.020450353622436523,0.023575305938720703,0.01923513412475586
FINADivingWorldCup2021_Women10m_semifinal_r3::12,test,official_test,FINADivingWorldCup2021_Women10m_semifinal,305c,2.8,67.2,False,6.714111,7.0970716,-0.02007421,-0.042439938,0.1276535987854004,-0.13206036,-0.13738537,0.1276535987854004,0.5350954,0.5560522,0.1276535987854004,entry,entry,True,0.5560522079467773,0.042439937591552734,0.0,1.9371509552001953e-07,0.9923682,1.0,-0.85318434,6.714111,6.7157936,6.5867667,6.5410194,7.2276406,7.234457,7.1395116,7.0970716,0.5136122703552246,0.5560522079467773,0.08991265296936035,0.13738536834716797,0.006733894348144531
FINADivingWorldCup2021_Women10m_semifinal_r3::13,test,official_test,FINADivingWorldCup2021_Women10m_semifinal,205b,2.9,52.2,False,7.117834,6.958417,-0.1394294,-0.16192341,-0.03542603386773003,0.07252375,0.11183596,-0.07085206773546006,-0.0925115,-0.049711704,-0.05313905080159505,takeoff,takeoff,True,0.16192340850830078,0.16192340850830078,0.0,1.4901161193847656e-08,0.7458096,0.5,0.5501291,7.117834,7.0053477,7.1554947,7.0081286,6.986972,6.846581,7.1203403,6.958417,0.0,0.16192340850830078,0.08077383041381836,0.11183595657348633,0.05961799621582031
FINADivingWorldCup2021_Women10m_semifinal_r3::17,test,official_test,FINADivingWorldCup2021_Women10m_semifinal,407c,3.2,33.6,False,5.325195,5.436937,-0.14616425,-0.10788536,0.02483155992296007,0.013510863,0.06048584,0.02483155992296007,0.24439542,0.29405117,0.062078899807400174,entry,entry,True,0.2940511703491211,0.2940511703491211,0.0,1.7881393432617188e-07,0.7634515,0.5,0.11615908,5.325195,5.1515684,5.3025475,5.1428857,5.530751,5.376451,5.544822,5.436937,0.0,0.2940511703491211,0.08418560028076172,0.10788536071777344,0.13490962982177734
FINADivingWorldCup2021_Women10m_semifinal_r4::4,test,official_test,FINADivingWorldCup2021_Women10m_semifinal,207c,3.3,69.3,False,7.4259853,7.569263,-0.063378334,-0.041613102,0.015919738345675997,0.010846853,0.04359436,0.04775921503702799,0.19580913,0.22233963,0.07959869172838,entry,entry,True,0.22233963012695312,0.22233963012695312,0.0,1.862645149230957e-07,0.9941544,1.0,0.99289495,7.4259853,7.348833,7.412076,7.3469234,7.6032553,7.5256686,7.610876,7.569263,0.0,0.22233963012695312,0.04260373115539551,0.0435943603515625,0.08104324340820312
FINADivingWorldCup2021_Women10m_semifinal_r4::9,test,official_test,FINADivingWorldCup2021_Women10m_semifinal,107b,3.0,55.5,False,6.4771833,6.5841665,-0.044228394,-0.042289257,0.02377404106987847,0.047061604,0.042272568,0.04754808213975694,0.104149975,0.10429907,0.035661061604817704,entry,entry,True,0.10429906845092773,0.04228925704956055,0.0,1.1175870895385742e-07,0.43083087,0.5,-0.43314263,6.4771833,6.4324994,6.5305176,6.4798675,6.582668,6.541894,6.626456,6.5841665,0.06200981140136719,0.10429906845092773,0.04228091239929199,0.04228925704956055,0.0027008056640625
FINADivingWorldCup2021_Women10m_semifinal_r4::10,test,official_test,FINADivingWorldCup2021_Women10m_semifinal,405b,2.8,63.0,False,7.0625176,7.2053285,0.005013148,-0.011859894,0.03173573811848958,0.026692549,0.036299706,0.03173573811848958,0.11110512,0.116803646,0.07933934529622397,entry,entry,True,0.11680364608764648,0.11680364608764648,0.0,2.2351741790771484e-08,0.8892014,1.0,-0.60181206,7.0625176,7.086203,7.0814023,7.088525,7.1697235,7.1690288,7.2171884,7.2053285,0.0,0.11680364608764648,0.02407979965209961,0.036299705505371094,0.0015673637390136719
FINADivingWorldCup2021_Women10m_semifinal_r5::15,test,official_test,FINADivingWorldCup2021_Women10m_semifinal,5253b,3.2,62.4,False,7.3186398,7.1015306,-0.11004758,-0.08924246,-0.04824648963080512,-0.07387328,-0.073871136,-0.09649297926161024,-0.033188343,-0.04732561,-0.07236973444620767,takeoff,takeoff,True,0.08924245834350586,0.07387113571166992,0.0,1.7136335372924805e-07,0.8574676,1.0,0.5873856,7.3186398,7.1881595,7.2451367,7.148856,7.299961,7.1754017,7.190773,7.1015306,0.015371322631835938,0.08924245834350586,0.06059837341308594,0.07387113571166992,0.0066699981689453125
FINADivingWorldCup2021_Women3mSynchronised_final_r1::3,test,official_test,FINADivingWorldCup2021_Women3mSynchronised_final,101b,2.0,43.8,False,8.146594,7.8053794,-0.023889462,-0.02179432,-0.11373821894327799,-0.006204764,-0.0032372475,-0.11373821894327799,-0.31112042,-0.30372858,-0.11373821894327799,entry,entry,True,0.3037285804748535,0.0032372474670410156,0.0,7.450580596923828e-09,0.78325856,0.5,0.9999746,8.146594,8.121384,8.138196,8.109108,7.828856,7.8086166,7.8271737,7.8053794,0.3004913330078125,0.3037285804748535,0.012515783309936523,0.02179431915283203,0.012454509735107422
FINADivingWorldCup2021_Women3mSynchronised_final_r1::4,test,official_test,FINADivingWorldCup2021_Women3mSynchronised_final,401b,2.0,48.6,False,8.278866,8.439223,-0.023105303,-0.023083687,0.053452491760253906,-0.037655037,-0.033950806,0.053452491760253906,0.22111781,0.23208427,0.053452491760253906,entry,entry,True,0.2320842742919922,0.02308368682861328,0.0,4.023313522338867e-07,0.99681824,1.0,0.9646734,8.278866,8.257488,8.239256,8.207139,8.490767,8.473174,8.462307,8.439223,0.2090005874633789,0.2320842742919922,0.02851724624633789,0.0339508056640625,0.014692306518554688
FINADivingWorldCup2021_Women3mSynchronised_final_r2::1,test,official_test,FINADivingWorldCup2021_Women3mSynchronised_final,101b,2.0,45.6,False,8.144493,7.2536745,-0.09581288,-0.102844715,-0.2969395319620768,-0.04418095,-0.06836271,-0.2969395319620768,-0.75082475,-0.7725868,-0.2969395319620768,entry,entry,True,0.7725868225097656,0.06836271286010742,0.0,2.3096799850463867e-07,0.99919623,1.0,0.99997145,8.144493,8.058145,8.126926,8.026261,7.417863,7.322037,7.356519,7.2536745,0.7042241096496582,0.7725868225097656,0.08560371398925781,0.1028447151184082,0.05297565460205078
FINADivingWorldCup2021_Women3mSynchronised_final_r2::3,test,official_test,FINADivingWorldCup2021_Women3mSynchronised_final,301b,2.0,34.2,False,6.790778,6.4909,0.013975859,0.022938728,-0.0999593734741211,-0.07047415,-0.05103159,-0.0999593734741211,-0.24337983,-0.2131486,-0.0999593734741211,entry,entry,True,0.2131485939025879,0.2131485939025879,0.0,1.1920928955078125e-07,0.72945464,1.0,0.97319925,6.790778,6.7954817,6.700552,6.7040486,6.5168576,6.5419316,6.4679613,6.4909,0.0,0.2131485939025879,0.036985158920288086,0.05103158950805664,0.05863666534423828
FINADivingWorldCup2021_Women3mSynchronised_final_r2::6,test,official_test,FINADivingWorldCup2021_Women3mSynchronised_final,301b,2.0,46.2,False,8.406503,8.444376,0.023660183,0.022435188,0.012624422709147135,-0.040599346,-0.034297943,0.012624422709147135,0.05481243,0.059404373,0.012624422709147135,entry,entry,True,0.05940437316894531,0.05940437316894531,0.0,4.0978193283081055e-07,0.7858798,1.0,0.9667051,8.406503,8.431235,8.359449,8.384972,8.456571,8.478674,8.421941,8.444376,0.0,0.05940437316894531,0.028366565704345703,0.034297943115234375,0.009668350219726562
FINADivingWorldCup2021_Women3mSynchronised_final_r2::7,test,official_test,FINADivingWorldCup2021_Women3mSynchronised_final,301b,2.0,43.2,False,7.7321057,7.5999002,0.051661093,0.0480752,-0.044068495432535805,-0.03202669,-0.034873486,-0.044068495432535805,-0.1518399,-0.15334511,-0.044068495432535805,entry,entry,True,0.15334510803222656,0.15334510803222656,0.0,1.862645149230957e-07,0.70406055,1.0,0.9849369,7.7321057,7.7866325,7.7022057,7.7532454,7.581051,7.6347737,7.551825,7.5999002,0.0,0.15334510803222656,0.041474342346191406,0.048075199127197266,0.007937908172607422
FINADivingWorldCup2021_Women3mSynchronised_final_r2::8,test,official_test,FINADivingWorldCup2021_Women3mSynchronised_final,101b,2.0,48.6,False,8.146741,7.855434,-0.029326677,-0.025894165,-0.09710232416788736,-0.0074481964,-0.006890774,-0.09710232416788736,-0.2545321,-0.2492423,-0.09710232416788736,entry,entry,True,0.24924230575561523,0.006890773773193359,0.0,1.7136335372924805e-07,0.9526869,1.0,0.99833375,8.146741,8.114437,8.139191,8.104676,7.8873744,7.8623247,7.881328,7.855434,0.24235153198242188,0.24924230575561523,0.01639246940612793,0.0258941650390625,0.009279727935791016
FINADivingWorldCup2021_Women3mSynchronised_final_r2::11,test,official_test,FINADivingWorldCup2021_Women3mSynchronised_final,301b,2.0,49.8,False,8.412985,8.29705,0.04678583,0.054063797,-0.03864479064941406,-0.050418854,-0.04168892,-0.03864479064941406,-0.11230135,-0.10371399,-0.03864479064941406,entry,entry,True,0.1037139892578125,0.04168891906738281,0.0,2.905726432800293e-07,0.65865606,1.0,-0.4299709,8.412985,8.449436,8.35078,8.400764,8.28904,8.338739,8.242987,8.29705,0.06202507019042969,0.1037139892578125,0.04787635803222656,0.05406379699707031,0.024595260620117188
FINADivingWorldCup2021_Women3mSynchronised_final_r3::2,test,official_test,FINADivingWorldCup2021_Women3mSynchronised_final,405b,3.0,61.2,False,7.4173126,7.1978106,0.03782614,0.035246372,-0.09755643208821614,-0.06430999,-0.012124538,-0.07316732406616211,-0.19301812,-0.14524174,-0.04877821604410807,entry,entry,True,0.14524173736572266,0.01212453842163086,0.0,2.1606683731079102e-07,0.7848014,0.5,-0.0151466895,7.4173126,7.4602804,7.303379,7.3430524,7.17908,7.209935,7.1625643,7.1978106,0.1331171989440918,0.14524173736572266,0.023685455322265625,0.03524637222290039,0.0973820686340332
FINADivingWorldCup2021_Women3mSynchronised_final_r3::7,test,official_test,FINADivingWorldCup2021_Women3mSynchronised_final,405b,3.0,63.0,False,7.769366,7.5501375,0.011403878,0.018887043,-0.0730760892232259,0.021203598,0.022452354,-0.0730760892232259,-0.25183573,-0.25435162,-0.0730760892232259,entry,entry,True,0.2543516159057617,0.018887042999267578,0.0,2.086162567138672e-07,0.9674722,1.0,-0.64448583,7.769366,7.7747717,7.790806,7.804489,7.521531,7.527685,7.5312505,7.5501375,0.23546457290649414,0.2543516159057617,0.02066969871520996,0.022452354431152344,0.0062160491943359375
FINADivingWorldCup2021_Women3mSynchronised_final_r3::8,test,official_test,FINADivingWorldCup2021_Women3mSynchronised_final,205b,3.0,54.9,False,6.9998984,6.7518415,0.023574034,-0.011490822,-0.08268562952677408,-0.084709965,-0.112100124,-0.08268562952677408,-0.18692096,-0.18409824,-0.08268562952677408,entry,entry,True,0.1840982437133789,0.11210012435913086,0.0,1.2665987014770508e-07,0.6309987,0.5,-0.0422705,6.9998984,7.0544267,6.938468,6.93594,6.806044,6.8639417,6.7633324,6.7518415,0.07199811935424805,0.1840982437133789,0.06179547309875488,0.11210012435913086,0.059632301330566406
FINADivingWorldCup2021_Women3mSynchronised_final_r3::9,test,official_test,FINADivingWorldCup2021_Women3mSynchronised_final,5152b,3.0,63.0,False,6.9395514,6.9463205,-0.123087086,-0.12656593,0.0022563934326171875,0.032444317,0.033457756,0.0022563934326171875,0.09741195,0.104510784,0.0022563934326171875,takeoff,takeoff,True,0.12656593322753906,0.10451078414916992,0.0,1.862645149230957e-07,0.9240072,0.5,-0.57106644,6.9395514,6.8188987,6.969938,6.8418097,7.02882,6.912863,7.0728865,6.9463205,0.02205514907836914,0.12656593322753906,0.0689842700958252,0.10451078414916992,0.004633426666259766
FINADivingWorldCup2021_Women3mSynchronised_final_r3::10,test,official_test,FINADivingWorldCup2021_Women3mSynchronised_final,5152b,3.0,66.6,False,7.4630904,7.490401,-0.11655172,-0.1232934,0.00910345713297526,-0.14142998,-0.14401674,0.012137942843967013,0.28529206,0.30095482,0.0060689714219835066,entry,entry,True,0.30095481872558594,0.14401674270629883,0.0,2.3096799850463867e-07,0.66215086,0.0,-0.44550577,7.4630904,7.355985,7.326952,7.189446,7.7354245,7.6344175,7.613694,7.490401,0.1569380760192871,0.30095481872558594,0.13365507125854492,0.14401674270629883,0.0063343048095703125
FINADivingWorldCup2021_Women3mSynchronised_final_r3::11,test,official_test,FINADivingWorldCup2021_Women3mSynchronised_final,405b,3.0,68.4,False,8.343577,8.520673,-0.028584162,-0.037302017,0.059031804402669266,-0.080665745,-0.07909775,0.059031804402669266,0.28634533,0.2959385,0.059031804402669266,entry,entry,True,0.29593849182128906,0.03730201721191406,0.0,1.7136335372924805e-07,0.96846735,1.0,0.9804163,8.343577,8.322747,8.26038,8.224734,8.619366,8.599771,8.557975,8.520673,0.258636474609375,0.29593849182128906,0.05819988250732422,0.07909774780273438,0.0024433135986328125
FINADivingWorldCup2021_Women3mSynchronised_final_r4::3,test,official_test,FINADivingWorldCup2021_Women3mSynchronised_final,5152b,3.0,62.1,False,7.479154,6.8786693,-0.1915013,-0.2198968,-0.20016161600748697,-0.034673136,0.05730152,-0.2668821546766493,-0.3743104,-0.2671733,-0.13344107733832464,entry,entry,True,0.26717329025268555,0.26717329025268555,0.0,1.564621925354004e-07,0.43112555,0.5,0.8696219,7.479154,7.3189554,7.3554134,7.1458426,7.0006137,6.8213677,7.098566,6.8786693,0.0,0.26717329025268555,0.13859915733337402,0.21989679336547852,0.1707162857055664
FINADivingWorldCup2021_Women3mSynchronised_final_r5::0,test,official_test,FINADivingWorldCup2021_Women3mSynchronised_final,405b,3.0,57.6,False,7.037536,6.9506903,0.02337122,0.0047369003,-0.028948624928792317,-0.053416014,-0.058181763,-0.028948624928792317,-0.05680108,-0.054890633,-0.028948624928792317,entry,flight,False,0.05489063262939453,0.004736900329589844,0.0,5.21540641784668e-08,0.5682514,1.0,0.8122135,7.037536,7.076998,6.9863424,7.005581,6.976281,7.008872,6.9459534,6.9506903,0.05015373229980469,0.05489063262939453,0.03145933151245117,0.0581817626953125,0.021489620208740234
FINADivingWorldCup2021_Women3m_final::0,test,official_test,FINADivingWorldCup2021_Women3m_final,5152b,3.0,58.5,False,7.104434,6.999672,-0.016580582,-0.021577358,-0.04656092325846354,-0.76931024,-0.6936064,-0.034920692443847656,0.68112874,0.7554455,-0.02328046162923177,flight,entry,False,0.6936063766479492,0.7554454803466797,0.0,1.7136335372924805e-07,0.28397188,0.5,0.9479809,7.104434,7.093526,6.2600956,6.2442265,7.7119217,7.6932783,7.0212493,6.999672,-0.06183910369873047,0.6936063766479492,0.38851141929626465,0.7554454803466797,0.14502382278442383
FINADivingWorldCup2021_Women3m_final::1,test,official_test,FINADivingWorldCup2021_Women3m_final,405b,3.0,63.0,False,6.6994863,6.4095764,0.10617312,0.1142149,-0.09663661321004231,0.0029290516,-0.0017819405,-0.09663661321004231,-0.399012,-0.38965416,-0.09663661321004231,entry,entry,True,0.38965415954589844,0.38965415954589844,0.0,2.384185791015625e-07,0.97160727,1.0,0.94257265,6.6994863,6.7964115,6.70592,6.7992306,6.2899103,6.4113584,6.2953615,6.4095764,0.0,0.38965415954589844,0.0579984188079834,0.11421489715576172,0.012688636779785156
FINADivingWorldCup2021_Women3m_final::2,test,official_test,FINADivingWorldCup2021_Women3m_final,405b,3.0,67.5,False,7.462377,7.2392087,0.11200857,0.11249256,-0.09918594360351562,-0.29771113,-0.2590704,-0.07438945770263672,-0.03746581,0.0012216568,-0.04959297180175781,flight,flight,True,0.25907039642333984,0.11249256134033203,0.0,2.1606683731079102e-07,0.48263606,0.5,0.9914668,7.462377,7.572804,7.1249275,7.237987,7.385126,7.498279,7.126716,7.2392087,0.1465778350830078,0.25907039642333984,0.05685710906982422,0.11249256134033203,0.07781219482421875
FINADivingWorldCup2021_Women3m_final::4,test,official_test,FINADivingWorldCup2021_Women3m_final,405b,3.0,58.5,False,6.0188055,5.703721,0.0813849,0.0503273,-0.10502815246582031,-0.011589289,-0.013736248,-0.10502815246582031,-0.38488007,-0.40082598,-0.10502815246582031,entry,entry,True,0.40082597732543945,0.013736248016357422,0.0,8.940696716308594e-08,0.39299917,0.5,0.6483322,6.0188055,6.1210146,5.99913,6.104547,5.639638,5.7174573,5.6533937,5.703721,0.38708972930908203,0.40082597732543945,0.03203177452087402,0.050327301025390625,0.04915046691894531
FINADivingWorldCup2021_Women3m_final::6,test,official_test,FINADivingWorldCup2021_Women3m_final,5152b,3.0,66.0,False,7.7938714,7.9006004,0.24004507,0.24802923,0.03557634353637695,-0.039328814,-0.034971714,0.03557634353637695,-0.09398723,-0.092160225,0.03557634353637695,takeoff,takeoff,True,0.24802923202514648,0.24802923202514648,0.0,1.1175870895385742e-07,0.6596431,0.5,0.78819406,7.7938714,8.026762,7.751015,7.9927607,7.698887,7.935572,7.652571,7.9006004,0.0,0.24802923202514648,0.06356596946716309,0.09216022491455078,0.014168262481689453
FINADivingWorldCup2021_Women3m_final::7,test,official_test,FINADivingWorldCup2021_Women3m_final,405b,3.0,63.0,False,7.8865566,7.9504538,0.00042398772,-0.0008125305,0.021299044291178383,-0.034911554,-0.032144547,0.021299044291178383,0.0983847,0.10594559,0.021299044291178383,entry,entry,True,0.10594558715820312,0.03214454650878906,0.0,1.4156103134155273e-07,0.83615524,1.0,0.31975117,7.8865566,7.8884873,7.8491483,7.844508,7.9776506,7.9825983,7.9512663,7.9504538,0.07380104064941406,0.10594558715820312,0.016478538513183594,0.03214454650878906,0.009091377258300781
FINADivingWorldCup2021_Women3m_final::8,test,official_test,FINADivingWorldCup2021_Women3m_final,405b,3.0,66.0,False,7.2540865,6.805918,-0.045379955,-0.053626537,-0.19918590121799043,-1.2668506,-1.1592755,-0.14938942591349283,0.86406225,0.9956651,-0.09959295060899521,flight,flight,True,1.1592755317687988,0.05362653732299805,0.0,8.195638656616211e-08,0.275072,0.5,0.99927557,7.2540865,7.222365,5.8850727,5.810253,7.9919577,7.9651937,6.8595448,6.805918,1.1056489944458008,1.1592755317687988,0.5246458053588867,0.9956650733947754,0.23093128204345703
FINADivingWorldCup2021_Women3m_final::9,test,official_test,FINADivingWorldCup2021_Women3m_final,405b,3.0,60.0,False,5.9994144,5.6365027,-0.03847623,-0.052052498,-0.12097056706746419,-0.064291954,-0.06269741,-0.12097056706746419,-0.26014352,-0.25006247,-0.12097056706746419,entry,entry,True,0.2500624656677246,0.05205249786376953,0.0,2.9802322387695312e-08,0.8472033,1.0,-0.19095491,5.9994144,5.9752975,5.934311,5.886565,5.729973,5.6992,5.6885552,5.6365027,0.19800996780395508,0.2500624656677246,0.05737495422363281,0.0626974105834961,0.0019006729125976562
FINADivingWorldCup2021_Women3m_final::15,test,official_test,FINADivingWorldCup2021_Women3m_final,107b,3.1,46.5,False,4.9648347,4.715334,-0.09542942,-0.066924095,-0.08316691716512044,-0.1299305,-0.16324663,-0.08316691716512044,-0.024140835,-0.010410309,-0.08316691716512044,flight,flight,True,0.16324663162231445,0.0669240951538086,0.0,1.1920928955078125e-07,0.79594404,0.5,0.25516653,4.9648347,4.8434696,4.87079,4.7257442,4.929533,4.8785806,4.782258,4.715334,0.09632253646850586,0.16324663162231445,0.03866720199584961,0.0669240951538086,0.008919715881347656
FINADivingWorldCup2021_Women3m_final::23,test,official_test,FINADivingWorldCup2021_Women3m_final,205b,3.0,76.5,False,7.757336,7.837368,-0.052529335,-0.056832314,0.02667729059855143,0.023124933,0.018547058,0.02667729059855143,0.10943627,0.11071682,0.02667729059855143,entry,entry,True,0.1107168197631836,0.056832313537597656,0.0,9.685754776000977e-08,0.4706124,0.5,0.9903477,7.757336,7.7089486,7.784878,7.726651,7.8653307,7.818821,7.8942003,7.837368,0.05388450622558594,0.1107168197631836,0.0376896858215332,0.056832313537597656,0.007600307464599609
FINADivingWorldCup2021_Women3m_final::32,test,official_test,FINADivingWorldCup2021_Women3m_final,205b,3.0,58.5,False,6.623045,6.560632,0.05736844,0.055817127,-0.02080424626668294,0.0018989245,0.002243042,-0.02080424626668294,-0.1216801,-0.10745382,-0.02080424626668294,entry,entry,True,0.10745382308959961,0.10745382308959961,0.0,4.0978193283081055e-08,0.8241661,1.0,0.9455587,6.623045,6.683771,6.626406,6.668086,6.488945,6.558389,6.504815,6.560632,0.0,0.10745382308959961,0.02903008460998535,0.0558171272277832,0.013019084930419922
FINADivingWorldCup2021_Women3m_final::39,test,official_test,FINADivingWorldCup2021_Women3m_final,305b,3.0,60.0,False,7.1087546,7.0489993,-0.0916872,-0.08434057,-0.019918441772460938,-0.067178726,-0.05258608,-0.019918441772460938,0.0991106,0.119102,-0.019918441772460938,entry,entry,True,0.11910200119018555,0.05258607864379883,0.0,1.564621925354004e-07,0.86375284,0.5,0.6292996,7.1087546,7.0164266,7.033689,6.9298973,7.1945796,7.1015854,7.13334,7.0489993,0.06651592254638672,0.11910200119018555,0.06846332550048828,0.08434057235717773,0.0419306755065918
FINADivingWorldCup2021_Women3m_final::45,test,official_test,FINADivingWorldCup2021_Women3m_final,205b,3.0,69.0,False,7.3069143,7.305062,0.01587089,0.008246899,-0.0006175041198730469,-0.1072034,-0.0392828,-0.0006175041198730469,0.089480005,0.14888477,-0.0006175041198730469,flight,entry,False,0.039282798767089844,0.039282798767089844,0.0,1.2665987014770508e-07,-0.74468744,0.0,0.82667387,7.3069143,7.327715,7.129096,7.156177,7.3342953,7.3443446,7.296815,7.305062,0.0,0.039282798767089844,0.07856583595275879,0.14888477325439453,0.11970138549804688
FINADivingWorldCup2021_Women3m_final::48,test,official_test,FINADivingWorldCup2021_Women3m_final,205b,3.0,63.0,False,8.020661,7.9500823,-0.06779599,-0.06634951,-0.02352635065714518,-0.13312101,-0.06371164,-0.03136846754286024,0.13033795,0.20087576,-0.01568423377143012,flight,entry,False,0.06371164321899414,0.20087575912475586,0.0,1.862645149230957e-07,0.5056806,0.0,0.30173644,8.020661,7.952136,7.818848,7.7492065,8.081179,8.013794,8.016432,7.9500823,-0.13716411590576172,0.06371164321899414,0.13361263275146484,0.20087575912475586,0.14139366149902344
FINADivingWorldCup2021_Women3m_final::49,test,official_test,FINADivingWorldCup2021_Women3m_final,305b,3.0,36.0,False,5.052937,4.8101354,-0.09123063,-0.12216091,-0.0809338887532552,0.053683043,0.03171444,-0.0809338887532552,-0.20525408,-0.23801088,-0.0809338887532552,entry,entry,True,0.23801088333129883,0.1221609115600586,0.0,1.7881393432617188e-07,0.9420161,1.0,0.7448368,5.052937,4.9940715,5.1300235,5.0481462,4.8818746,4.778421,4.9322963,4.8101354,0.11584997177124023,0.23801088333129883,0.07693767547607422,0.1221609115600586,0.08565568923950195
FINADivingWorldCup2021_Women3m_final::51,test,official_test,FINADivingWorldCup2021_Women3m_final,5152b,3.0,60.0,False,6.485449,6.4787116,-0.16627233,-0.1692524,-0.0022457440694173174,0.058979113,0.0425539,-0.0022457440694173174,0.10055598,0.09818506,-0.0022457440694173174,takeoff,takeoff,True,0.1692523956298828,0.09818506240844727,0.0,4.470348358154297e-08,0.46813127,0.5,-0.2614344,6.485449,6.3236003,6.562297,6.3805265,6.5898194,6.4361577,6.647964,6.4787116,0.07106733322143555,0.1692523956298828,0.07036948204040527,0.09818506240844727,0.021776199340820312
FINADivingWorldCup2021_Women3m_final::52,test,official_test,FINADivingWorldCup2021_Women3m_final,5152b,3.0,57.0,False,6.967328,7.1820335,0.05884425,0.05395794,0.07156848907470703,0.019336382,0.014485836,0.07156848907470703,0.13652484,0.12546444,0.07156848907470703,entry,entry,True,0.12546443939208984,0.12546443939208984,0.0,8.195638656616211e-08,0.14847174,0.0,0.40485904,6.967328,7.0310645,6.991521,7.056569,7.114919,7.1675477,7.1280756,7.1820335,0.0,0.12546443939208984,0.03422188758850098,0.05395793914794922,0.020797252655029297
FINADivingWorldCup2021_Women3m_final::55,test,official_test,FINADivingWorldCup2021_Women3m_final,5154b,3.4,59.5,False,6.208094,6.2601523,0.089256525,0.11147165,0.01735273996988932,-0.16656137,-0.15922976,0.01735273996988932,0.12936306,0.17554188,0.01735273996988932,flight,entry,False,0.15922975540161133,0.17554187774658203,0.0,1.7881393432617188e-07,0.11293426,0.5,-0.14406411,6.208094,6.277606,6.0366716,6.0846105,6.293749,6.419382,6.1486807,6.2601523,-0.016312122344970703,0.15922975540161133,0.14350676536560059,0.17554187774658203,0.07572555541992188
FINADivingWorldCup2021_Women3m_final::58,test,official_test,FINADivingWorldCup2021_Women3m_final,5152b,3.0,73.5,False,7.6589437,7.7742395,0.19734342,0.20309639,0.03843196233113606,0.08226498,0.091079235,0.05124261644151475,-0.16431253,-0.14951897,0.025621308220757377,takeoff,takeoff,True,0.2030963897705078,0.1495189666748047,0.0,3.725290298461914e-08,0.86760557,1.0,0.5016871,7.6589437,7.8504,7.73226,7.9237585,7.4797034,7.6831603,7.571143,7.7742395,0.053577423095703125,0.2030963897705078,0.12029910087585449,0.1495189666748047,0.02936077117919922
FINADivingWorldCup2021_Women3m_semifinal_r1::1,test,official_test,FINADivingWorldCup2021_Women3m_semifinal,5152b,3.0,58.5,False,6.627272,6.7682056,-0.09597739,-0.119524956,0.04697783788045247,0.14015763,0.1291213,0.04697783788045247,0.09675328,0.11667013,0.04697783788045247,flight,flight,True,0.1291213035583496,0.11952495574951172,0.0,2.2351741790771484e-07,0.45149347,0.0,0.3355453,6.627272,6.553493,6.777117,6.6515355,6.7027593,6.6390843,6.8877306,6.7682056,0.00959634780883789,0.1291213035583496,0.11809754371643066,0.11952495574951172,0.014667034149169922
FINADivingWorldCup2021_Women3m_semifinal_r1::5,test,official_test,FINADivingWorldCup2021_Women3m_semifinal,405b,3.0,58.5,False,6.8762984,6.816803,-0.034813564,-0.049281597,-0.019831816355387367,-0.07212893,-0.074664116,-0.019831816355387367,0.047447044,0.053138733,-0.019831816355387367,flight,flight,True,0.07466411590576172,0.05313873291015625,0.0,1.7136335372924805e-07,0.7150603,0.5,0.81810737,6.8762984,6.854761,6.805513,6.7636642,6.916862,6.891467,6.8660846,6.816803,0.02152538299560547,0.07466411590576172,0.05121016502380371,0.05313873291015625,0.011311531066894531
FINADivingWorldCup2021_Women3m_semifinal_r1::6,test,official_test,FINADivingWorldCup2021_Women3m_semifinal,405b,3.0,64.5,False,7.003027,7.1009374,0.12368337,0.112858295,0.032636801401774086,-0.013413985,-0.016039371,0.010878933800591363,-0.012358983,-0.014959335,0.054394669002956815,takeoff,takeoff,True,0.11285829544067383,0.016039371490478516,0.0,7.450580596923828e-09,0.72897583,0.5,0.088914916,7.003027,7.138389,6.993092,7.1158967,6.994122,7.1169767,6.988079,7.1009374,0.09681892395019531,0.11285829544067383,0.015499353408813477,0.016039371490478516,0.01605081558227539
FINADivingWorldCup2021_Women3m_semifinal_r1::10,test,official_test,FINADivingWorldCup2021_Women3m_semifinal,5152b,3.0,63.0,False,7.177763,7.3446817,-0.07987181,-0.06909609,0.055639584859212235,-0.040445488,-0.023880959,0.055639584859212235,0.28723606,0.30579042,0.055639584859212235,entry,entry,True,0.30579042434692383,0.06909608840942383,0.0,2.384185791015625e-07,0.9261795,1.0,0.9955305,7.177763,7.0944986,7.128136,7.0388913,7.453828,7.3685627,7.413778,7.3446817,0.2366943359375,0.30579042434692383,0.04648852348327637,0.06909608840942383,0.045894622802734375
FINADivingWorldCup2021_Women3m_semifinal_r1::17,test,official_test,FINADivingWorldCup2021_Women3m_semifinal,405b,3.0,69.0,False,6.581002,6.921277,0.047079563,0.041175365,0.07561662462022568,0.033288717,0.033712864,0.07561662462022568,0.25990653,0.26474953,0.18904156155056426,entry,entry,True,0.26474952697753906,0.03371286392211914,0.0,4.470348358154297e-08,0.89661044,1.0,0.9969013,6.581002,6.6370225,6.6169033,6.6565275,6.8391023,6.887564,6.8801017,6.921277,0.23103666305541992,0.26474952697753906,0.037444114685058594,0.04117536544799805,0.000637054443359375
FINADivingWorldCup2021_Women3m_semifinal_r2::0,test,official_test,FINADivingWorldCup2021_Women3m_semifinal,107c,2.8,50.4,False,6.11341,5.5644946,-0.109817505,-0.13594675,-0.1829717953999837,0.08744478,0.06402874,-0.1829717953999837,-0.52654266,-0.51035976,-0.1829717953999837,entry,entry,True,0.5103597640991211,0.06402873992919922,0.0,1.7881393432617188e-07,0.90253824,1.0,0.93137336,6.11341,6.0310903,6.2256393,6.0748544,5.572053,5.500466,5.7004414,5.5644946,0.4463310241699219,0.5103597640991211,0.09998774528503418,0.13594675064086914,0.033362388610839844
FINADivingWorldCup2021_Women3m_semifinal_r2::3,test,official_test,FINADivingWorldCup2021_Women3m_semifinal,107b,3.1,41.85,False,6.194811,6.109699,-0.10408425,-0.107999325,-0.02837069829305013,-0.011128426,-0.011216164,-0.02837069829305013,0.030100584,0.025498867,-0.02837069829305013,takeoff,takeoff,True,0.10799932479858398,0.10799932479858398,0.0,1.6391277313232422e-07,0.49829626,1.0,0.6425779,6.194811,6.0964065,6.185535,6.0842,6.231278,6.120915,6.217698,6.109699,0.0,0.10799932479858398,0.018357515335083008,0.02549886703491211,0.00860452651977539
FINADivingWorldCup2021_Women3m_semifinal_r2::13,test,official_test,FINADivingWorldCup2021_Women3m_semifinal,107b,3.1,69.75,False,7.962095,7.404925,-0.10009289,-0.11133528,-0.18572330474853516,-0.20227695,-0.17897749,-0.24763107299804688,-0.25480008,-0.22976303,-0.12381553649902344,entry,entry,True,0.22976303100585938,0.17897748947143555,0.0,2.3096799850463867e-07,0.32624614,1.0,-0.44633526,7.962095,7.8774233,7.7406974,7.634688,7.6864367,7.5839024,7.51626,7.404925,0.05078554153442383,0.22976303100585938,0.1451563835144043,0.17897748947143555,0.0370941162109375
FINADivingWorldCup2021_Women3m_semifinal_r2::16,test,official_test,FINADivingWorldCup2021_Women3m_semifinal,205b,3.0,75.0,False,7.8190084,7.9270053,-0.021416426,-0.020224571,0.023999320136176214,-0.14028716,-0.12358427,0.04799864027235243,0.26970053,0.2880149,0.03599898020426432,entry,entry,True,0.28801488876342773,0.28801488876342773,0.0,1.2665987014770508e-07,0.99753505,1.0,0.99617976,7.8190084,7.7953424,7.6609607,7.6389904,8.069337,8.05059,7.94723,7.9270053,0.0,0.28801488876342773,0.07190442085266113,0.12358427047729492,0.0362091064453125
FINADivingWorldCup2021_Women3m_semifinal_r3::3,test,official_test,FINADivingWorldCup2021_Women3m_semifinal,205b,3.0,64.5,False,7.3388925,7.3964744,0.027482986,0.019348621,0.012795978122287326,-0.13681555,-0.06404829,0.012795978122287326,0.16691446,0.24511051,0.03198994530571832,entry,entry,True,0.24511051177978516,0.019348621368408203,0.0,1.2665987014770508e-07,0.15376575,0.5,0.9399664,7.3388925,7.373602,7.1284018,7.151364,7.426703,7.4605227,7.3771257,7.3964744,0.22576189041137695,0.24511051177978516,0.041698455810546875,0.06404829025268555,0.14282894134521484
FINADivingWorldCup2021_Women3m_semifinal_r3::12,test,official_test,FINADivingWorldCup2021_Women3m_semifinal,205b,3.0,54.0,False,6.9801674,7.002212,-0.037512857,-0.031755924,0.007348219553629557,-0.0020888646,-0.004992008,0.007348219553629557,0.061646383,0.06649876,0.007348219553629557,entry,entry,True,0.0664987564086914,0.031755924224853516,0.0,7.450580596923828e-09,0.86954975,1.0,-0.7070635,6.9801674,6.9369917,6.981076,6.9357133,7.0370555,7.007204,7.033968,7.002212,0.03474283218383789,0.0664987564086914,0.018373966217041016,0.031755924224853516,0.007706165313720703
FINADivingWorldCup2021_Women3m_semifinal_r3::14,test,official_test,FINADivingWorldCup2021_Women3m_semifinal,107b,3.1,74.4,False,7.8324237,7.495391,-0.02579546,-0.03183031,-0.11234426498413086,-0.04706478,-0.03272581,-0.11234426498413086,-0.26417255,-0.26523304,-0.11234426498413086,entry,entry,True,0.26523303985595703,0.0318303108215332,0.0,2.3096799850463867e-07,0.98700005,1.0,0.96240866,7.8324237,7.812816,7.771173,7.760624,7.5694647,7.5281167,7.527221,7.495391,0.23340272903442383,0.26523303985595703,0.03227806091308594,0.03272581100463867,0.007243633270263672
FINADivingWorldCup2021_Women3m_semifinal_r3::15,test,official_test,FINADivingWorldCup2021_Women3m_semifinal,305b,3.0,61.5,False,6.6623583,6.1092486,0.033183176,0.015842438,-0.18436988194783527,-0.29047528,-0.27870226,-0.24582650926378036,-0.29581752,-0.2748475,-0.12291325463189018,entry,flight,False,0.27484750747680664,0.27484750747680664,0.0,2.086162567138672e-07,0.9401782,0.5,0.87549376,6.6623583,6.7055984,6.352826,6.384096,6.338287,6.387951,6.093406,6.1092486,0.0,0.27484750747680664,0.14727234840393066,0.2787022590637207,0.01540231704711914
FINADivingWorldCup2021_Women3m_semifinal_r3::17,test,official_test,FINADivingWorldCup2021_Women3m_semifinal,305b,3.0,76.5,False,6.8468065,7.374772,0.07032156,0.06406498,0.17598851521809894,-0.002617836,-0.00023460388,0.17598851521809894,0.46026182,0.4691391,0.17598851521809894,entry,entry,True,0.46913909912109375,0.0002346038818359375,0.0,1.4156103134155273e-07,0.96237487,1.0,-0.6799882,6.8468065,6.9224544,6.840875,6.905633,7.2972608,7.3750067,7.310707,7.374772,0.4689044952392578,0.46913909912109375,0.0321497917175293,0.06406497955322266,0.005003929138183594
FINADivingWorldCup2021_Women3m_semifinal_r4::7,test,official_test,FINADivingWorldCup2021_Women3m_semifinal,205b,3.0,51.0,False,6.0715365,6.1722918,-0.035509825,-0.038717747,0.0335850715637207,0.011470795,0.010038853,0.011195023854573567,0.124794245,0.119353294,0.05597511927286784,entry,entry,True,0.1193532943725586,0.01003885269165039,0.0,1.4901161193847656e-07,0.90797496,1.0,0.9471432,6.0715365,6.0389566,6.0841613,6.0529385,6.2014937,6.162253,6.2110095,6.1722918,0.1093144416809082,0.1193532943725586,0.024378299713134766,0.03871774673461914,0.010080814361572266
FINADivingWorldCup2021_Women3m_semifinal_r4::8,test,official_test,FINADivingWorldCup2021_Women3m_semifinal,205b,3.0,57.0,False,5.145669,5.0023656,0.08445462,0.1001215,-0.03184519873725043,-0.03453819,-0.061886787,-0.03184519873725043,-0.19321983,-0.1953721,-0.07961299684312609,entry,entry,True,0.1953721046447754,0.10012149810791016,0.0,1.7881393432617188e-07,0.9122657,1.0,0.57127565,5.145669,5.206467,5.13049,5.1977377,4.946612,5.0642524,4.902244,5.0023656,0.09525060653686523,0.1953721046447754,0.08100414276123047,0.10012149810791016,0.013833999633789062
FINADivingWorldCup2021_Women3m_semifinal_r4::11,test,official_test,FINADivingWorldCup2021_Women3m_semifinal,205b,3.0,58.5,False,6.2334304,6.5389276,0.042672236,0.03377199,0.10183238983154297,-0.031065384,-0.03209257,0.033944129943847656,0.29389033,0.30507278,0.16972064971923828,entry,entry,True,0.3050727844238281,0.03209257125854492,0.0,1.1175870895385742e-07,0.98909044,1.0,-0.9707574,6.2334304,6.289499,6.207888,6.233855,6.520634,6.57102,6.5051556,6.5389276,0.2729802131652832,0.3050727844238281,0.032932281494140625,0.03377199172973633,0.001255035400390625
FINADivingWorldCup2021_Women3m_semifinal_r4::14,test,official_test,FINADivingWorldCup2021_Women3m_semifinal,205b,3.0,63.0,False,7.1764026,6.8205547,-0.0859286,-0.09616518,-0.11861594518025716,-0.04507796,-0.061023712,-0.11861594518025716,-0.22484128,-0.2291975,-0.11861594518025716,entry,entry,True,0.22919750213623047,0.09616518020629883,0.0,2.3096799850463867e-07,0.59392786,0.5,-0.33454293,7.1764026,7.101502,7.1480618,7.049752,6.956709,6.8815784,6.91672,6.8205547,0.13303232192993164,0.22919750213623047,0.07859444618225098,0.09616518020629883,0.030538558959960938
FINADivingWorldCup2021_Women3m_semifinal_r4::17,test,official_test,FINADivingWorldCup2021_Women3m_semifinal,107b,3.1,74.4,False,7.7432694,7.4650226,0.08328589,0.07458639,-0.09274895985921223,-0.071457066,-0.06642151,-0.09274895985921223,-0.2900757,-0.29037046,-0.09274895985921223,entry,entry,True,0.29037046432495117,0.29037046432495117,0.0,1.2665987014770508e-07,0.9896602,1.0,0.99940455,7.7432694,7.8336964,7.6652184,7.755393,7.45193,7.531444,7.390436,7.4650226,0.0,0.29037046432495117,0.07050395011901855,0.07458639144897461,0.003958702087402344
FINADivingWorldCup2021_Women3m_semifinal_r5::4,test,official_test,FINADivingWorldCup2021_Women3m_semifinal,5152b,3.0,58.5,False,6.8799887,6.8167543,0.14639299,0.14693546,-0.021078109741210938,-0.09335407,-0.11668968,-0.021078109741210938,-0.11627325,-0.1294012,-0.021078109741210938,takeoff,takeoff,True,0.14693546295166016,0.14693546295166016,0.0,2.086162567138672e-07,0.522193,0.0,0.43479162,6.8799887,7.0236564,6.8077874,6.9461555,6.7746606,6.933444,6.669819,6.8167543,0.0,0.14693546295166016,0.12304544448852539,0.12940120697021484,0.03592109680175781
FINADivingWorldCup2021_Women3m_semifinal_r5::7,test,official_test,FINADivingWorldCup2021_Women3m_semifinal,305b,3.0,63.0,False,7.760481,8.16673,-0.08413116,-0.077114105,0.13541634877522785,-0.04124872,-0.029990196,0.13541634877522785,0.5316289,0.54641724,0.13541634877522785,entry,entry,True,0.546417236328125,0.029990196228027344,0.0,9.685754776000977e-08,0.96692353,1.0,0.9841685,7.760481,7.669968,7.708609,7.6203127,8.277957,8.19672,8.243844,8.16673,0.5164270401000977,0.546417236328125,0.05355215072631836,0.07711410522460938,0.03306388854980469
FINADivingWorldCup2021_Women3m_semifinal_r5::11,test,official_test,FINADivingWorldCup2021_Women3m_semifinal,5152b,3.0,67.5,False,7.808311,8.120525,0.14537008,0.13832712,0.10407145818074544,-0.070658125,-0.067658424,0.10407145818074544,0.23750241,0.24168491,0.10407145818074544,entry,entry,True,0.2416849136352539,0.2416849136352539,0.0,2.4586915969848633e-07,0.9324505,1.0,0.96799195,7.808311,7.961212,7.7351413,7.8788404,8.042119,8.188184,7.982198,8.120525,0.0,0.2416849136352539,0.10299277305603027,0.13832712173461914,0.0001392364501953125
FINADivingWorldCup2021_Women3m_semifinal_r5::12,test,official_test,FINADivingWorldCup2021_Women3m_semifinal,5152b,3.0,60.0,False,7.802287,8.02442,-0.06822387,-0.06883049,0.07404422760009766,-0.059196156,-0.056842804,0.07404422760009766,0.34955272,0.35874844,0.07404422760009766,entry,entry,True,0.3587484359741211,0.056842803955078125,0.0,3.3527612686157227e-07,0.99913913,1.0,0.9966321,7.802287,7.7340565,7.740124,7.6656713,8.142031,8.081263,8.09325,8.02442,0.30190563201904297,0.3587484359741211,0.0628366470336914,0.06883049011230469,0.010942459106445312
FINAWorldChampionships2019_Men10mSynchronised_final_r1::2,test,official_test,FINAWorldChampionships2019_Men10mSynchronised_final,401b,2.0,46.2,False,7.5311813,7.632698,0.05845666,0.08238125,0.022559271918402776,-0.045463324,-0.018126965,0.022559271918402776,0.08852339,0.100666046,0.05639817979600695,entry,entry,True,0.10066604614257812,0.0823812484741211,0.0,1.862645149230957e-07,0.7961667,1.0,0.75816035,7.5311813,7.5667105,7.4593787,7.532032,7.608559,7.650825,7.550317,7.632698,0.01828479766845703,0.10066604614257812,0.050254106521606445,0.0823812484741211,0.06340360641479492
FINAWorldChampionships2019_Men10mSynchronised_final_r1::8,test,official_test,FINAWorldChampionships2019_Men10mSynchronised_final,103b,2.0,52.8,False,8.457298,8.324122,0.060231525,0.062270164,-0.029594633314344615,0.031787712,0.04788494,-0.05918926662868923,-0.2251951,-0.21527576,-0.04439194997151692,entry,entry,True,0.21527576446533203,0.21527576446533203,0.0,6.705522537231445e-08,0.93955904,1.0,-0.9700745,8.457298,8.515432,8.47293,8.539398,8.222125,8.2762375,8.261852,8.324122,0.0,0.21527576446533203,0.055077552795410156,0.062270164489746094,0.028055191040039062
FINAWorldChampionships2019_Men10mSynchronised_final_r1::9,test,official_test,FINAWorldChampionships2019_Men10mSynchronised_final,401b,2.0,54.6,False,8.532417,9.252112,0.030578136,0.034736633,0.2398983637491862,0.036496162,0.047665596,0.2398983637491862,0.6526208,0.67886066,0.2398983637491862,entry,entry,True,0.6788606643676758,0.04766559600830078,0.0,0.0,0.9915972,1.0,0.9980619,8.532417,8.561611,8.560518,8.573252,9.161572,9.204447,9.217376,9.252112,0.631195068359375,0.6788606643676758,0.041201114654541016,0.04766559600830078,0.04156780242919922
FINAWorldChampionships2019_Men10mSynchronised_final_r1::10,test,official_test,FINAWorldChampionships2019_Men10mSynchronised_final,301b,2.0,52.8,False,8.27261,8.430181,-0.006169796,0.011107445,0.05252361297607422,0.28434896,0.31041718,0.07003148396809895,-0.12060833,-0.10910988,0.03501574198404948,flight,flight,True,0.31041717529296875,0.10910987854003906,0.0,1.6391277313232422e-07,-0.5007557,0.0,0.87992954,8.27261,8.250194,8.531921,8.53929,8.141534,8.119763,8.419073,8.430181,0.2013072967529297,0.31041717529296875,0.06010866165161133,0.10910987854003906,0.054843902587890625
FINAWorldChampionships2019_Men10mSynchronised_final_r1::11,test,official_test,FINAWorldChampionships2019_Men10mSynchronised_final,101b,2.0,53.4,False,7.879928,9.030045,-0.009891748,0.0076818466,0.25558143191867405,0.009979248,0.014781952,0.25558143191867405,1.150029,1.1753044,0.6389535797966851,entry,entry,True,1.1753044128417969,1.1753044128417969,0.0,2.980232238769531e-07,0.9997393,1.0,0.9999984,7.879928,7.8550158,7.8876576,7.85474,9.007235,9.015263,9.022363,9.030045,0.0,1.1753044128417969,0.01123189926147461,0.014781951904296875,0.04765176773071289
FINAWorldChampionships2019_Men10mSynchronised_final_r2::0,test,official_test,FINAWorldChampionships2019_Men10mSynchronised_final,301b,2.0,46.2,False,7.527112,7.9176955,0.045133192,0.05006075,0.08679633670383029,0.0015157064,-0.026316643,0.08679633670383029,0.34393463,0.3184185,0.21699084175957575,entry,entry,True,0.3184185028076172,0.05006074905395508,0.0,1.043081283569336e-07,0.63663626,0.5,0.9870339,7.527112,7.563954,7.5530963,7.599277,7.893199,7.944012,7.867635,7.9176955,0.2683577537536621,0.3184185028076172,0.03818869590759277,0.05006074905395508,0.04842090606689453
FINAWorldChampionships2019_Men10mSynchronised_final_r2::5,test,official_test,FINAWorldChampionships2019_Men10mSynchronised_final,5132d,2.0,43.2,False,7.6025567,7.6433315,0.022128979,0.023387909,0.009061071607801648,-0.07470616,-0.08279371,0.018122143215603296,0.093352,0.07526398,0.013591607411702473,entry,flight,False,0.07526397705078125,0.07526397705078125,0.0,7.450580596923828e-08,0.6325447,0.0,0.98168784,7.6025567,7.6225357,7.535047,7.5680676,7.7131057,7.7261252,7.6199436,7.6433315,0.0,0.07526397705078125,0.053090810775756836,0.0827937126159668,0.024916648864746094
FINAWorldChampionships2019_Men10mSynchronised_final_r2::6,test,official_test,FINAWorldChampionships2019_Men10mSynchronised_final,301b,2.0,48.0,False,8.191239,9.234265,-0.013083617,0.017613411,0.2317835489908854,-0.01851813,0.001824379,0.2317835489908854,1.0746278,1.1098385,0.5794588724772136,entry,entry,True,1.1098384857177734,0.0018243789672851562,0.0,1.1920928955078125e-07,0.998028,1.0,0.99847245,8.191239,8.143284,8.148204,8.124427,9.226481,9.232441,9.216652,9.234265,1.1080141067504883,1.1098384857177734,0.009718894958496094,0.01761341094970703,0.08625030517578125
FINAWorldChampionships2019_Men10mSynchronised_final_r2::10,test,official_test,FINAWorldChampionships2019_Men10mSynchronised_final,5231d,2.0,54.0,False,7.926358,9.107464,0.01032861,0.0034103394,0.2624679141574436,0.1864794,0.07190037,0.5249358283148872,0.9842976,0.88727283,0.39370187123616535,entry,entry,True,0.887272834777832,0.887272834777832,0.0,4.023313522338867e-07,0.99552554,1.0,0.99662375,7.926358,7.9439154,8.227727,8.220191,9.007991,9.035563,9.1040535,9.107464,0.0,0.887272834777832,0.03765535354614258,0.0719003677368164,0.2185220718383789
FINAWorldChampionships2019_Men10mSynchronised_final_r2::11,test,official_test,FINAWorldChampionships2019_Men10mSynchronised_final,401b,2.0,56.4,False,7.7522783,8.527348,0.037688572,0.039323807,0.17223760816786024,0.05654939,0.054597855,0.17223760816786024,0.68083125,0.6994753,0.4305940204196506,entry,entry,True,0.6994752883911133,0.6994752883911133,0.0,8.940696716308594e-08,0.9995329,1.0,0.9988548,7.7522783,7.788869,7.8113165,7.8278723,8.415003,8.47275,8.488024,8.527348,0.0,0.6994752883911133,0.04696083068847656,0.05459785461425781,0.018327713012695312
FINAWorldChampionships2019_Men10mSynchronised_final_r3::0,test,official_test,FINAWorldChampionships2019_Men10mSynchronised_final,5253b,3.2,67.2,False,7.5773873,7.8761206,0.07072806,0.0733614,0.09957774480183919,0.2756939,0.28413534,0.13277032640245226,-0.047688723,-0.040154457,0.06638516320122613,flight,flight,True,0.2841353416442871,0.040154457092285156,0.0,8.195638656616211e-08,0.47290942,0.5,-0.4882152,7.5773873,7.647479,7.846637,7.916275,7.5241613,7.591985,7.802759,7.8761206,0.24398088455200195,0.2841353416442871,0.05675792694091797,0.07336139678955078,0.018609046936035156
FINAWorldChampionships2019_Men10mSynchronised_final_r3::2,test,official_test,FINAWorldChampionships2019_Men10mSynchronised_final,107b,3.1,66.6,False,6.5126414,6.299678,0.07869204,0.111637115,-0.04732524024115668,0.0018354257,0.04042816,-0.09465048048231336,-0.29349104,-0.26496124,-0.07098786036173502,entry,entry,True,0.26496124267578125,0.11163711547851562,0.0,2.086162567138672e-07,0.94498724,1.0,0.68384147,6.5126414,6.5597224,6.477218,6.564639,6.1919546,6.2592497,6.1880407,6.299678,0.15332412719726562,0.26496124267578125,0.07603263854980469,0.11163711547851562,0.1000676155090332
FINAWorldChampionships2019_Men10mSynchronised_final_r3::3,test,official_test,FINAWorldChampionships2019_Men10mSynchronised_final,5253b,3.2,69.12,False,7.503149,7.332866,-0.087660156,-0.2053423,-0.056760946909586586,0.13398163,-0.1530776,-0.07568126254611544,-0.2166043,-0.50165176,-0.03784063127305772,entry,entry,True,0.5016517639160156,0.20534229278564453,0.0,1.7881393432617188e-07,0.36274973,0.0,0.9889981,7.503149,7.4850464,7.8760653,7.834518,7.5234675,7.485944,7.5382085,7.332866,0.2963094711303711,0.5016517639160156,0.17920994758605957,0.20534229278564453,0.689788818359375
FINAWorldChampionships2019_Men10mSynchronised_final_r4::0,test,official_test,FINAWorldChampionships2019_Men10mSynchronised_final,407c,3.2,76.8,False,8.539452,8.392272,-0.04190572,-0.05164337,-0.03270657857259114,-0.0019467672,-0.020755768,-0.06541315714518228,-0.10332712,-0.11737442,-0.04905986785888672,entry,entry,True,0.11737442016601562,0.11737442016601562,0.0,4.0978193283081055e-08,-0.12003031,0.0,-0.89636165,8.539452,8.5072365,8.556267,8.509646,8.450125,8.413028,8.443915,8.392272,0.0,0.11737442016601562,0.03619956970214844,0.05164337158203125,0.042593955993652344
FINAWorldChampionships2019_Men10mSynchronised_final_r4::2,test,official_test,FINAWorldChampionships2019_Men10mSynchronised_final,407c,3.2,58.56,False,6.614725,6.513407,0.03849554,0.04879141,-0.022515085008409288,-0.0535748,-0.079456806,-0.045030170016818576,-0.08623862,-0.1215229,-0.03377262751261393,entry,entry,True,0.12152290344238281,0.07945680618286133,0.0,1.1920928955078125e-07,0.5227809,0.5,0.9272029,6.614725,6.645107,6.5892143,6.63493,6.565953,6.592864,6.464616,6.513407,0.042066097259521484,0.12152290344238281,0.06412410736083984,0.07945680618286133,0.050870418548583984
FINAWorldChampionships2019_Men10mSynchronised_final_r4::5,test,official_test,FINAWorldChampionships2019_Men10mSynchronised_final,307c,3.4,74.46,False,7.043718,6.718414,-0.1784424,-0.1813078,-0.07228978474934895,-0.02461044,-0.023457527,-0.1445795694986979,-0.12225119,-0.10205746,-0.10843467712402344,takeoff,takeoff,True,0.18130779266357422,0.02345752716064453,0.0,1.4901161193847656e-08,0.7647945,0.5,0.90357834,7.043718,6.874641,7.0244546,6.8204713,6.907773,6.7418714,6.8997216,6.718414,0.1578502655029297,0.18130779266357422,0.06275749206542969,0.10205745697021484,0.01848125457763672
FINAWorldChampionships2019_Men10mSynchronised_final_r4::6,test,official_test,FINAWorldChampionships2019_Men10mSynchronised_final,207c,3.3,66.33,False,6.753677,6.6732845,0.10030111,0.09793377,-0.026797453562418617,0.1085914,0.066382885,-0.026797453562418617,-0.28928486,-0.31749344,-0.026797453562418617,entry,entry,True,0.3174934387207031,0.06638288497924805,0.0,8.940696716308594e-08,0.9736588,1.0,0.9859196,6.753677,6.8663745,6.914506,6.990778,6.5026298,6.6069016,6.5753508,6.6732845,0.2511105537414551,0.3174934387207031,0.08215832710266113,0.09793376922607422,0.072784423828125
FINAWorldChampionships2019_Men10mSynchronised_final_r4::7,test,official_test,FINAWorldChampionships2019_Men10mSynchronised_final,207b,3.6,72.36,False,6.4025545,6.0698233,-0.16538882,-0.1545887,-0.07394027709960938,-0.15663815,-0.11193895,-0.14788055419921875,-0.010704279,0.0048747063,-0.11091041564941406,takeoff,takeoff,True,0.1545886993408203,0.004874706268310547,0.0,2.086162567138672e-07,0.8705054,0.5,0.69647026,6.4025545,6.222158,6.1970096,6.0649486,6.3720636,6.181762,6.224412,6.0698233,0.14971399307250977,0.1545886993408203,0.058406829833984375,0.1119389533996582,0.07107830047607422
FINAWorldChampionships2019_Men10mSynchronised_final_r5::8,test,official_test,FINAWorldChampionships2019_Men10mSynchronised_final,307c,3.4,58.14,False,6.797783,6.391307,0.036232393,0.014050484,-0.0903280046251085,0.030989805,0.020811081,-0.180656009250217,-0.47369823,-0.47338486,-0.13549200693766275,entry,entry,True,0.4733848571777344,0.014050483703613281,0.0,2.2351741790771484e-07,0.9426316,1.0,-0.18982933,6.797783,6.8472805,6.8300347,6.8646917,6.3148546,6.370496,6.3772564,6.391307,0.4593343734741211,0.4733848571777344,0.017430782318115234,0.020811080932617188,0.032047271728515625
FINAWorldChampionships2019_Men10mSynchronised_final_r6::3,test,official_test,FINAWorldChampionships2019_Men10mSynchronised_final,5255b,3.6,86.4,False,8.4086685,8.387629,-0.16291444,-0.17223644,-0.004675547281901041,-0.06689612,-0.07418728,-0.009351094563802082,0.20877059,0.22851944,-0.0070133209228515625,entry,entry,True,0.22851943969726562,0.0741872787475586,0.0,2.3096799850463867e-07,0.80434173,0.5,0.9961089,8.4086685,8.252184,8.346171,8.159109,8.594798,8.461816,8.559865,8.387629,0.15433216094970703,0.22851943969726562,0.12321186065673828,0.17223644256591797,0.00313568115234375
FINAWorldChampionships2019_Men10mSynchronised_final_r6::4,test,official_test,FINAWorldChampionships2019_Men10mSynchronised_final,5253b,3.2,71.04,False,7.144951,7.1823597,0.0037446816,0.0048508644,0.008313073052300347,0.23899205,0.35301876,0.016626146104600694,-0.20532791,-0.09985924,0.01246960957845052,flight,flight,True,0.35301876068115234,0.09985923767089844,0.0,2.9802322387695312e-08,0.66120386,1.0,0.99367297,7.144951,7.1489005,7.2712274,7.282219,6.8354654,6.829341,7.177509,7.1823597,0.2531595230102539,0.35301876068115234,0.052355051040649414,0.09985923767089844,0.22060155868530273
FINAWorldChampionships2019_Men10mSynchronised_final_r6::6,test,official_test,FINAWorldChampionships2019_Men10mSynchronised_final,5253b,3.2,71.04,False,7.0104327,6.953223,-0.011475007,-0.046216488,-0.01271322038438585,0.18934639,0.1076107,-0.0254264407687717,-0.23508088,-0.285748,-0.019069830576578774,entry,entry,True,0.2857480049133301,0.10761070251464844,0.0,1.4901161193847656e-07,0.9757088,1.0,0.9957554,7.0104327,7.032733,7.2805486,7.238971,6.8250527,6.8456125,6.9994397,6.953223,0.17813730239868164,0.2857480049133301,0.07691359519958496,0.10761070251464844,0.1671442985534668
FINAWorldChampionships2019_Men10mSynchronised_final_r6::9,test,official_test,FINAWorldChampionships2019_Men10mSynchronised_final,5255b,3.6,88.56,False,8.413474,8.003131,-0.19880724,-0.2297821,-0.09118737114800347,-0.08412838,-0.11053276,-0.18237474229600695,-0.12740755,-0.13138866,-0.1367810567220052,takeoff,takeoff,True,0.2297821044921875,0.11053276062011719,0.0,4.470348358154297e-08,0.34201804,0.0,0.3503519,8.413474,8.246277,8.356385,8.13452,8.290683,8.113664,8.232913,8.003131,0.11924934387207031,0.2297821044921875,0.12096071243286133,0.13138866424560547,0.06136035919189453
FINAWorldChampionships2019_Men10m_final_r1::0,test,official_test,FINAWorldChampionships2019_Men10m_final,107b,3.0,81.0,False,7.9193196,7.692869,0.105780125,0.12168503,-0.07548348108927408,-0.059070587,-0.0284729,-0.10064464145236544,-0.27315998,-0.2617998,-0.05032232072618272,entry,entry,True,0.26179981231689453,0.028472900390625,0.0,9.685754776000977e-08,0.57394475,0.5,0.90870035,7.9193196,8.006701,7.827158,7.954669,7.632306,7.721342,7.571184,7.692869,0.23332691192626953,0.26179981231689453,0.07507896423339844,0.12168502807617188,0.05786275863647461
FINAWorldChampionships2019_Men10m_final_r1::2,test,official_test,FINAWorldChampionships2019_Men10m_final,407c,3.2,76.8,False,8.71957,8.93268,-0.007551829,0.0014600754,0.07103665669759114,0.010156472,0.020359993,0.07103665669759114,0.21050532,0.22209454,0.07103665669759114,entry,entry,True,0.22209453582763672,0.02035999298095703,0.0,4.6193599700927734e-07,0.3918694,0.5,0.9750877,8.71957,8.701433,8.71795,8.710586,8.916913,8.91232,8.93122,8.93268,0.2017345428466797,0.22209453582763672,0.0109100341796875,0.02035999298095703,0.03080463409423828
FINAWorldChampionships2019_Men10m_final_r1::3,test,official_test,FINAWorldChampionships2019_Men10m_final,407c,3.2,81.6,False,7.5448146,7.5419683,0.06601683,0.023149014,-0.0009487469991048176,-0.07847675,-0.1049819,-0.0012649959988064235,0.009613673,-0.018304825,-0.0006324979994032118,flight,flight,True,0.10498189926147461,0.018304824829101562,0.0,1.341104507446289e-07,-0.039600763,0.0,-0.7643313,7.5448146,7.68929,7.528434,7.560273,7.6179376,7.6469502,7.5188193,7.5419683,0.08667707443237305,0.10498189926147461,0.020726919174194336,0.02314901351928711,0.09729146957397461
FINAWorldChampionships2019_Men10m_final_r2::5,test,official_test,FINAWorldChampionships2019_Men10m_final,305c,2.8,74.2,False,7.814571,7.931009,0.03133901,0.013780594,0.03881263732910156,0.047888596,-0.02700901,0.05175018310546875,0.037210304,-0.034341335,0.025875091552734375,flight,entry,False,0.027009010314941406,0.013780593872070312,0.0,5.960464477539063e-08,0.5787908,0.5,-0.37286088,7.814571,7.872828,7.946717,7.96535,7.9326925,7.958018,7.917228,7.931009,0.013228416442871094,0.027009010314941406,0.024060964584350586,0.03434133529663086,0.16400766372680664
FINAWorldChampionships2019_Men10m_final_r3::0,test,official_test,FINAWorldChampionships2019_Men10m_final,207c,3.3,84.15,False,7.484928,8.061298,0.06179897,0.043955803,0.128082275390625,0.06609575,0.015041351,0.128082275390625,0.4484755,0.41689205,0.3202056884765625,entry,entry,True,0.41689205169677734,0.04395580291748047,0.0,6.705522537231445e-08,0.96322083,1.0,0.99927986,7.484928,7.5664797,7.6039877,7.6444063,7.9668965,8.046257,8.017343,8.061298,0.3729362487792969,0.41689205169677734,0.029498577117919922,0.04395580291748047,0.10048103332519531
FINAWorldChampionships2019_Men10m_final_r3::4,test,official_test,FINAWorldChampionships2019_Men10m_final,107b,3.0,75.0,False,8.426349,8.739816,0.04014762,0.045394897,0.10448900858561197,0.030372938,0.041983604,0.10448900858561197,0.24294646,0.2530985,0.10448900858561197,entry,entry,True,0.2530984878540039,0.2530984878540039,0.0,3.8743019104003906e-07,0.87982297,1.0,0.97366387,8.426349,8.461573,8.445435,8.486717,8.659467,8.697832,8.694421,8.739816,0.0,0.2530984878540039,0.04368925094604492,0.0453948974609375,0.027009963989257812
FINAWorldChampionships2019_Men10m_final_r3::6,test,official_test,FINAWorldChampionships2019_Men10m_final,407c,3.2,76.8,False,8.081368,8.013926,0.08033911,0.07628393,-0.02248096466064453,0.00076715153,-0.00061035156,-0.02248096466064453,-0.14854915,-0.1502161,-0.02248096466064453,entry,entry,True,0.15021610260009766,0.0006103515625,0.0,1.862645149230957e-07,0.83775353,1.0,0.98779595,8.081368,8.163785,8.081535,8.164142,7.9325085,8.014536,7.9376416,8.013926,0.14960575103759766,0.15021610260009766,0.03844714164733887,0.07628393173217773,0.007099628448486328
FINAWorldChampionships2019_Men10m_final_r4::0,test,official_test,FINAWorldChampionships2019_Men10m_final,307c,3.4,68.0,False,7.1874113,6.914606,0.061980646,0.048356533,-0.060623380872938365,-0.0021861393,-0.014644623,-0.12124676174587673,-0.33259973,-0.34051895,-0.09093507130940755,entry,entry,True,0.3405189514160156,0.014644622802734375,0.0,1.7136335372924805e-07,0.93473256,1.0,0.92246914,7.1874113,7.257692,7.1923594,7.255125,6.8574066,6.9292507,6.8662496,6.914606,0.32587432861328125,0.3405189514160156,0.03150057792663574,0.04835653305053711,0.034001827239990234
FINAWorldChampionships2019_Men10m_final_r4::6,test,official_test,FINAWorldChampionships2019_Men10m_final,307c,3.4,76.5,False,6.9854546,7.1940856,0.14804332,0.10319519,0.06954367955525716,-0.39941868,-0.27007675,0.09272490607367621,0.4600064,0.48635674,0.04636245303683811,entry,entry,True,0.4863567352294922,0.4863567352294922,0.0,9.685754776000977e-08,0.13674638,0.0,0.6517374,6.9854546,7.1175933,6.3959413,6.707729,7.358358,7.4641623,7.0908904,7.1940856,0.0,0.4863567352294922,0.18663597106933594,0.2700767517089844,0.11084413528442383
FINAWorldChampionships2019_Men10m_final_r4::9,test,official_test,FINAWorldChampionships2019_Men10m_final,626b,3.5,84.0,False,8.420989,7.299898,-0.21238644,-0.20691824,-0.3736969629923502,-0.36862478,-0.35778046,-0.49826261732313365,-0.54007965,-0.5135398,-0.24913130866156682,entry,entry,True,0.5135397911071777,0.20691823959350586,0.0,1.1175870895385742e-07,0.9406632,1.0,0.9660659,8.420989,8.237135,8.0755205,7.813438,7.88837,7.6576786,7.5068164,7.299898,0.3066215515136719,0.5135397911071777,0.2823493480682373,0.35778045654296875,0.04285240173339844
FINAWorldChampionships2019_Men10m_final_r4::11,test,official_test,FINAWorldChampionships2019_Men10m_final,626b,3.5,96.25,False,8.808974,9.048918,-0.15504949,-0.1277628,0.07998116811116536,-0.01686255,0.012239456,0.07998116811116536,0.41185555,0.4440651,0.07998116811116536,entry,entry,True,0.4440650939941406,0.4440650939941406,0.0,2.384185791015625e-07,0.9929366,1.0,0.99271214,8.808974,8.629903,8.766274,8.604853,9.191885,9.036678,9.176681,9.048918,0.0,0.4440650939941406,0.07000112533569336,0.1277627944946289,0.08859825134277344
FINAWorldChampionships2019_Men10m_final_r5::1,test,official_test,FINAWorldChampionships2019_Men10m_final,307c,3.4,71.4,False,6.96505,6.763284,-0.004293283,-0.05316353,-0.044836892022026904,-0.07109531,-0.2114644,-0.08967378404405381,-0.12637742,-0.23368311,-0.06725533803304036,entry,entry,True,0.23368310928344727,0.05316352844238281,0.0,1.7881393432617188e-07,0.41761494,0.5,0.9375119,6.96505,6.996121,7.0208178,6.9969673,6.932472,6.9747486,6.8164477,6.763284,0.18051958084106445,0.23368310928344727,0.13231396675109863,0.21146440505981445,0.29654502868652344
FINAWorldChampionships2019_Men10m_final_r6::1,test,official_test,FINAWorldChampionships2019_Men10m_final,5253b,3.2,81.6,False,8.036467,7.915403,-0.007740418,-0.02904749,-0.026903046502007377,-0.04548685,-0.066235065,-0.05380609300401475,-0.06783644,-0.08477831,-0.04035456975301106,entry,entry,True,0.0847783088684082,0.029047489166259766,0.0,1.6391277313232422e-07,0.3109842,0.5,-0.37876767,8.036467,8.045062,8.006757,8.000181,7.980601,7.981638,7.9444504,7.915403,0.05573081970214844,0.0847783088684082,0.04764127731323242,0.06623506546020508,0.058997154235839844
FINAWorldChampionships2019_Men3mSynchronised_final_r1::2,test,official_test,FINAWorldChampionships2019_Men3mSynchronised_final,201b,2.0,46.2,False,8.194311,8.157277,-0.05341212,-0.08185387,-0.012344678243001301,0.011205991,-0.014857292,-0.012344678243001301,0.005172094,0.00037956238,-0.012344678243001301,takeoff,takeoff,True,0.08185386657714844,0.014857292175292969,0.0,4.6938657760620117e-07,0.2302793,0.0,0.08311655,8.194311,8.168852,8.2310915,8.156898,8.203787,8.172134,8.239131,8.157277,0.06699657440185547,0.08185386657714844,0.007618427276611328,0.014857292175292969,0.05929756164550781
FINAWorldChampionships2019_Men3mSynchronised_final_r1::9,test,official_test,FINAWorldChampionships2019_Men3mSynchronised_final,103b,2.0,50.4,False,7.394184,8.215001,0.16657996,0.10500431,0.36480755276150173,0.2761712,0.19594479,0.36480755276150173,0.37806582,0.32425833,0.09120188819037543,entry,entry,True,0.32425832748413086,0.19594478607177734,0.0,2.60770320892334e-07,0.057005372,0.0,0.9928436,7.394184,7.6261067,7.7543488,7.890743,7.8298244,8.019056,8.109997,8.215001,0.12831354141235352,0.32425832748413086,0.15047454833984375,0.19594478607177734,0.19560956954956055
FINAWorldChampionships2019_Men3mSynchronised_final_r2::3,test,official_test,FINAWorldChampionships2019_Men3mSynchronised_final,301b,2.0,46.8,False,7.915992,7.791294,0.09450396,0.09869146,-0.041565895080566406,-0.023307482,-0.027200699,-0.041565895080566406,-0.19589417,-0.19084978,-0.041565895080566406,entry,entry,True,0.19084978103637695,0.09869146347045898,0.0,1.0803341865539551e-07,0.3705858,0.5,0.98253065,7.915992,8.003178,7.893447,7.982144,7.7119226,7.818495,7.6926026,7.791294,0.09215831756591797,0.19084978103637695,0.06294608116149902,0.09869146347045898,0.0053386688232421875
FINAWorldChampionships2019_Men3mSynchronised_final_r2::6,test,official_test,FINAWorldChampionships2019_Men3mSynchronised_final,401b,2.0,49.2,False,8.221027,8.346817,0.008716266,-0.012760162,0.027953253851996526,-0.09174045,-0.10371113,0.05590650770399305,0.20881383,0.21864796,0.04192988077799479,entry,entry,True,0.21864795684814453,0.012760162353515625,0.0,8.195638656616211e-08,0.9921149,1.0,0.93764883,8.221027,8.251874,8.1419115,8.128169,8.420661,8.450528,8.359577,8.346817,0.2058877944946289,0.21864795684814453,0.05823564529418945,0.10371112823486328,0.02361297607421875
FINAWorldChampionships2019_Men3mSynchronised_final_r3::3,test,official_test,FINAWorldChampionships2019_Men3mSynchronised_final,5154b,3.4,76.5,False,6.9071374,7.3686953,0.21002643,0.17675209,0.15385262171427408,0.093855776,0.07373667,0.15385262171427408,0.15767567,0.14033651,0.15385262171427408,takeoff,takeoff,True,0.17675209045410156,0.17675209045410156,0.0,1.341104507446289e-07,0.8969042,0.5,0.8563608,6.9071374,7.1511354,7.0218096,7.2283587,7.0828495,7.2949586,7.191943,7.3686953,0.0,0.17675209045410156,0.10703659057617188,0.1403365135192871,0.07073259353637695
FINAWorldChampionships2019_Men3mSynchronised_final_r3::10,test,official_test,FINAWorldChampionships2019_Men3mSynchronised_final,205b,3.0,67.5,False,6.8522263,7.133669,0.0056495667,0.00990057,0.09381421407063802,0.055894375,0.06138611,0.09381421407063802,0.2198987,0.22226477,0.09381421407063802,entry,entry,True,0.22226476669311523,0.22226476669311523,0.0,1.2665987014770508e-07,0.53087795,0.5,-0.9286272,6.8522263,6.854529,6.903533,6.911404,7.070663,7.072283,7.1237683,7.133669,0.0,0.22226476669311523,0.03564333915710449,0.0613861083984375,0.012108802795410156
FINAWorldChampionships2019_Men3mSynchronised_final_r4::4,test,official_test,FINAWorldChampionships2019_Men3mSynchronised_final,307c,3.5,71.4,False,8.019963,7.136518,-0.047902346,-0.040434837,-0.2944817543029785,-0.7373214,-0.5870452,-0.392642339070638,-0.09822154,0.042192936,-0.196321169535319,flight,flight,True,0.5870451927185059,0.5870451927185059,0.0,1.4901161193847656e-08,0.56465685,0.5,0.8166742,8.019963,7.9691644,7.1369367,7.094325,7.785898,7.723563,7.176953,7.136518,0.0,0.5870451927185059,0.041313886642456055,0.042192935943603516,0.2981581687927246
FINAWorldChampionships2019_Men3mSynchronised_final_r4::6,test,official_test,FINAWorldChampionships2019_Men3mSynchronised_final,5337d,3.5,70.35,False,7.6237397,7.146646,0.13669117,0.1404171,-0.1590312321980794,0.1175371,0.121236324,-0.21204164293077254,-0.731322,-0.6817632,-0.10602082146538627,entry,entry,True,0.6817631721496582,0.14041709899902344,0.0,1.4901161193847656e-08,0.982754,1.0,0.949468,7.6237397,7.746195,7.7270675,7.828409,6.832349,7.0254097,7.006229,7.146646,0.5413460731506348,0.6817631721496582,0.13082671165466309,0.14041709899902344,0.05698394775390625
FINAWorldChampionships2019_Men3mSynchronised_final_r4::10,test,official_test,FINAWorldChampionships2019_Men3mSynchronised_final,305b,3.0,71.1,False,7.3904085,7.082111,0.0061152778,-0.00095939636,-0.10276587804158528,-0.106645025,-0.11052179,-0.1370211707221137,-0.20776789,-0.1993556,-0.06851058536105685,entry,entry,True,0.1993556022644043,0.11052179336547852,0.0,8.195638656616211e-08,0.50589204,0.5,0.9167853,7.3904085,7.404031,7.2880726,7.2814665,7.1746607,7.1926327,7.0830703,7.082111,0.08883380889892578,0.1993556022644043,0.0557405948638916,0.11052179336547852,0.0025391578674316406
FINAWorldChampionships2019_Men3mSynchronised_final_r4::11,test,official_test,FINAWorldChampionships2019_Men3mSynchronised_final,5154b,3.4,82.62,False,7.099909,7.424296,0.061395485,0.0432415,0.10812902450561523,0.05033191,0.04078865,0.10812902450561523,0.21265967,0.1962018,0.10812902450561523,entry,entry,True,0.19620180130004883,0.19620180130004883,0.0,1.7136335372924805e-07,0.72319424,0.5,0.9347035,7.099909,7.1782994,7.158625,7.228094,7.3278675,7.3835073,7.3810544,7.424296,0.0,0.19620180130004883,0.04201507568359375,0.04324150085449219,0.044155120849609375
FINAWorldChampionships2019_Men3mSynchronised_final_r5::3,test,official_test,FINAWorldChampionships2019_Men3mSynchronised_final,407c,3.4,77.52,False,7.162004,7.3129106,-0.107454695,-0.116045,0.05030218760172526,-0.031205812,-0.043647766,0.05030218760172526,0.28956708,0.29072428,0.05030218760172526,entry,entry,True,0.2907242774963379,0.2907242774963379,0.0,2.9802322387695312e-08,0.39899337,0.0,0.095658034,7.162004,7.0644155,7.144516,7.0221863,7.4516897,7.3565583,7.4289556,7.3129106,0.0,0.2907242774963379,0.07984638214111328,0.11604499816894531,0.019875049591064453
FINAWorldChampionships2019_Men3mSynchronised_final_r5::5,test,official_test,FINAWorldChampionships2019_Men3mSynchronised_final,407c,3.4,74.46,False,7.984547,7.973758,-0.10595735,-0.08470583,-0.004795074462890625,0.025108734,0.06238413,-0.0035963058471679688,0.070059694,0.087188244,-0.0023975372314453125,takeoff,entry,False,0.08470582962036133,0.06238412857055664,0.0,2.2351741790771484e-08,0.45820314,0.5,-0.01715802,7.984547,7.860271,7.975313,7.88657,8.040411,7.911374,8.058464,7.973758,0.022321701049804688,0.08470582962036133,0.07478618621826172,0.0871882438659668,0.07565546035766602
FINAWorldChampionships2019_Men3mSynchronised_final_r6::0,test,official_test,FINAWorldChampionships2019_Men3mSynchronised_final,307c,3.5,76.65,False,8.204967,8.266627,-0.035549957,-0.028758049,0.02740478515625,0.110901035,0.08490944,0.0205535888671875,-0.013690312,-0.03849888,0.013702392578125,flight,flight,True,0.08490943908691406,0.02875804901123047,0.0,2.60770320892334e-07,0.6373532,0.5,-0.9104449,8.204967,8.16096,8.340195,8.305126,8.21442,8.181718,8.295385,8.266627,0.056151390075683594,0.08490943908691406,0.03362846374511719,0.038498878479003906,0.04400825500488281
FINAWorldChampionships2019_Men3mSynchronised_final_r6::7,test,official_test,FINAWorldChampionships2019_Men3mSynchronised_final,109c,3.8,58.14,False,7.268917,7.0798626,0.01294446,-0.0053110123,-0.06301816304524739,-0.17905521,-0.1223588,-0.08402421739366318,-0.022943735,0.06446695,-0.04201210869683159,flight,flight,True,0.12235879898071289,0.12235879898071289,0.0,1.1175870895385742e-07,-0.14175488,0.0,0.6554619,7.268917,7.3148966,7.047945,7.0153956,7.173342,7.2022214,7.0851736,7.0798626,0.0,0.12235879898071289,0.03488898277282715,0.06446695327758789,0.12585163116455078
FINAWorldChampionships2019_Men3m_final_r1::0,test,official_test,FINAWorldChampionships2019_Men3m_final,5154b,3.4,78.2,False,7.3670716,7.377909,0.09687853,0.092273235,0.003612518310546875,-0.30314302,-0.23034239,0.004816691080729166,0.21710205,0.26729155,0.002408345540364583,flight,entry,False,0.23034238815307617,0.2672915458679199,0.0,6.705522537231445e-08,-0.258521,0.5,0.94102097,7.3670716,7.4593935,6.981966,7.1106176,7.524822,7.6082516,7.285636,7.377909,-0.03694915771484375,0.23034238815307617,0.17978239059448242,0.2672915458679199,0.11838483810424805
FINAWorldChampionships2019_Men3m_final_r1::3,test,official_test,FINAWorldChampionships2019_Men3m_final,205b,3.0,69.0,False,6.4311814,6.4985785,0.15654771,0.16745996,0.02246570587158203,0.08267132,0.091641426,0.02246570587158203,-0.1718219,-0.1852274,0.02246570587158203,entry,entry,True,0.1852273941040039,0.09164142608642578,0.0,5.960464477539063e-08,0.67860067,0.5,0.789148,6.4311814,6.581748,6.509814,6.683806,6.277696,6.406937,6.3311186,6.4985785,0.09358596801757812,0.1852273941040039,0.12955069541931152,0.16745996475219727,0.006476879119873047
FINAWorldChampionships2019_Men3m_final_r1::9,test,official_test,FINAWorldChampionships2019_Men3m_final,5154b,3.4,88.4,False,7.36625,7.481136,-0.018735012,-0.012479305,0.03829526901245117,-0.1365021,-0.114006996,0.05106035868326823,0.27012292,0.29356813,0.025530179341634113,entry,entry,True,0.29356813430786133,0.29356813430786133,0.0,6.705522537231445e-08,0.6258876,0.5,0.97051126,7.36625,7.3419127,7.2079062,7.1875677,7.613581,7.595143,7.493615,7.481136,0.0,0.29356813430786133,0.06324315071105957,0.11400699615478516,0.05219602584838867
FINAWorldChampionships2019_Men3m_final_r1::10,test,official_test,FINAWorldChampionships2019_Men3m_final,407c,3.4,81.6,False,7.982633,7.982545,0.091878094,0.07943106,-2.9404958089192707e-05,-0.0045412383,-0.021800041,-2.9404958089192707e-05,-0.087425075,-0.08957577,-2.9404958089192707e-05,takeoff,entry,False,0.07943105697631836,0.07943105697631836,0.0,1.862645149230957e-07,0.90168893,0.0,0.806431,7.982633,8.087784,7.9961762,8.072121,7.8981843,8.004345,7.903114,7.982545,0.0,0.07943105697631836,0.055687904357910156,0.08957576751708984,0.031856536865234375
FINAWorldChampionships2019_Men3m_final_r2::1,test,official_test,FINAWorldChampionships2019_Men3m_final,407c,3.4,76.5,False,6.5105963,6.2572527,0.062222797,0.030081272,-0.056298573811848954,-0.12084786,-0.15629625,-0.11259714762369791,-0.19471852,-0.20239115,-0.08444786071777344,entry,entry,True,0.2023911476135254,0.1562962532043457,0.0,2.086162567138672e-07,0.79109746,1.0,0.92184335,6.5105963,6.602747,6.422983,6.459644,6.3213367,6.413549,6.2271714,6.2572527,0.04609489440917969,0.2023911476135254,0.09318876266479492,0.1562962532043457,0.07526254653930664
FINAWorldChampionships2019_Men3m_final_r2::8,test,official_test,FINAWorldChampionships2019_Men3m_final,107b,3.1,79.05,False,7.7495937,7.682232,-0.06414366,-0.053306103,-0.022453943888346352,0.07691598,0.077617645,-0.022453943888346352,-0.08013415,-0.09092522,-0.022453943888346352,entry,entry,True,0.09092521667480469,0.05330610275268555,0.0,1.862645149230957e-07,0.95750034,0.5,0.77248776,7.7495937,7.6740766,7.825272,7.773157,7.6797147,7.6046143,7.735538,7.682232,0.03761911392211914,0.09092521667480469,0.06546187400817871,0.07761764526367188,0.0007481575012207031
FINAWorldChampionships2019_Men3m_final_r3::3,test,official_test,FINAWorldChampionships2019_Men3m_final,5154b,3.4,76.5,False,7.6103463,7.6549454,0.14184093,0.14625931,0.014866352081298828,-0.3284359,-0.2000494,0.019821802775065102,0.23119402,0.34271002,0.009910901387532551,flight,entry,False,0.20004940032958984,0.342710018157959,0.0,1.2665987014770508e-07,-0.16808814,0.0,-0.7292914,7.6103463,7.7419906,7.1477456,7.3122354,7.724246,7.854995,7.508686,7.6549454,-0.14266061782836914,0.20004940032958984,0.24448466300964355,0.342710018157959,0.24432086944580078
FINAWorldChampionships2019_Men3m_final_r3::5,test,official_test,FINAWorldChampionships2019_Men3m_final,109c,3.8,83.6,False,7.0205345,7.0154505,-0.020771027,-0.02082491,-0.0016946792602539062,-0.25485206,-0.19822073,-0.002259572347005208,0.27053905,0.33274508,-0.001129786173502604,entry,entry,True,0.3327450752258301,0.19822072982788086,0.0,4.470348358154297e-08,0.0663885,1.0,-0.31319225,7.0205345,7.007048,6.716282,6.6827054,7.2360983,7.213671,7.0362754,7.0154505,0.13452434539794922,0.3327450752258301,0.10952281951904297,0.19822072982788086,0.11878347396850586
FINAWorldChampionships2019_Men3m_final_r3::7,test,official_test,FINAWorldChampionships2019_Men3m_final,207c,3.6,61.2,False,7.2380757,6.024482,0.031715393,0.06895065,-0.4045313199361165,-0.41255045,-0.42391348,-0.5393750932481554,-0.8327589,-0.8588586,-0.2696875466240777,entry,entry,True,0.858858585357666,0.06895065307617188,0.0,1.1920928955078125e-07,0.8209829,0.5,0.98539543,7.2380757,7.2187686,6.823101,6.8833404,6.4176292,6.4483953,5.955531,6.024482,0.7899079322814941,0.858858585357666,0.24643206596374512,0.42391347885131836,0.00022745132446289062
FINAWorldChampionships2019_Men3m_final_r3::8,test,official_test,FINAWorldChampionships2019_Men3m_final,5154b,3.4,76.5,False,7.144223,7.4511685,0.13607652,0.121258736,0.10231510798136392,-0.029869715,-0.0315876,0.10231510798136392,0.2007385,0.19064999,0.10231510798136392,entry,entry,True,0.19064998626708984,0.19064998626708984,0.0,2.0116567611694336e-07,0.9353573,0.0,0.9535721,7.144223,7.291755,7.112709,7.2605186,7.351688,7.482756,7.32991,7.4511685,0.0,0.19064998626708984,0.07642316818237305,0.12125873565673828,0.026624202728271484
FINAWorldChampionships2019_Men3m_final_r4::0,test,official_test,FINAWorldChampionships2019_Men3m_final,307c,3.5,64.75,False,7.373208,6.2417946,0.01004688,0.0027861595,-0.377137819925944,-0.27814326,-0.37137127,-0.5028504265679253,-0.8633171,-0.9376583,-0.25142521328396267,entry,entry,True,0.9376583099365234,0.9376583099365234,0.0,2.384185791015625e-07,0.8635596,0.5,0.9800462,7.373208,7.396681,7.194458,7.179453,6.5903974,6.613166,6.2390084,6.2417946,0.0,0.9376583099365234,0.18707871437072754,0.3713712692260742,0.17482995986938477
FINAWorldChampionships2019_Men3m_final_r4::7,test,official_test,FINAWorldChampionships2019_Men3m_final,109c,3.8,83.6,False,6.9481807,6.701515,0.2502365,0.30582762,-0.08222182591756184,-0.02751255,-0.10145092,-0.10962910122341579,-0.46938944,-0.5430865,-0.054814550611707896,entry,entry,True,0.5430865287780762,0.10145092010498047,0.0,8.940696716308594e-08,0.97653955,1.0,0.9356108,6.9481807,7.1596093,7.0113897,7.2446017,6.5692716,6.802966,6.3956876,6.701515,0.4416356086730957,0.5430865287780762,0.20363926887512207,0.30582761764526367,0.09204435348510742
FINAWorldChampionships2019_Men3m_final_r4::10,test,official_test,FINAWorldChampionships2019_Men3m_final,207c,3.6,95.4,False,7.8045173,7.6405487,-0.05207038,-0.05705118,-0.05465618769327799,0.007413864,0.009931564,-0.05465618769327799,-0.11931205,-0.1152668,-0.05465618769327799,entry,entry,True,0.11526679992675781,0.05705118179321289,0.0,9.685754776000977e-08,0.8500008,1.0,0.7679889,7.8045173,7.7585335,7.810519,7.7558155,7.6822658,7.630617,7.6976,7.6405487,0.05821561813354492,0.11526679992675781,0.03349137306213379,0.05705118179321289,0.0015821456909179688
FINAWorldChampionships2019_Men3m_final_r4::11,test,official_test,FINAWorldChampionships2019_Men3m_final,307c,3.5,89.25,False,7.316391,6.6715755,0.10536472,0.1281023,-0.214938481648763,-0.89212734,-0.93903446,-0.28658464219835067,0.1419472,0.06819868,-0.14329232109917533,flight,flight,True,0.9390344619750977,0.12810230255126953,0.0,0.0,0.4642497,0.5,0.97868335,7.316391,7.4080224,6.480175,6.603377,7.541091,7.61061,6.5434732,6.6715755,0.8109321594238281,0.9390344619750977,0.09815049171447754,0.12810230255126953,0.09791803359985352
FINAWorldChampionships2019_Men3m_final_r5::9,test,official_test,FINAWorldChampionships2019_Men3m_final,109c,3.8,102.6,False,7.8522744,7.903045,-0.14063422,-0.06265497,0.016923586527506508,-0.27083126,-0.2693715,0.022564782036675345,0.46223626,0.62486076,0.011282391018337673,entry,entry,True,0.6248607635498047,0.26937150955200195,0.0,2.2351741790771484e-08,0.9545454,1.0,0.9657293,7.8522744,7.6543202,7.6006427,7.2781844,8.172545,8.172417,7.9657,7.903045,0.35548925399780273,0.6248607635498047,0.16601324081420898,0.26937150955200195,0.2420635223388672
FINAWorldChampionships2019_Men3m_final_r6::7,test,official_test,FINAWorldChampionships2019_Men3m_final,5156b,3.9,93.6,False,7.69666,8.007027,0.023185968,0.03391409,0.1034555435180664,0.19780064,0.19930649,0.1034555435180664,0.089380026,0.09555769,0.1034555435180664,flight,flight,True,0.19930648803710938,0.03391408920288086,0.0,7.450580596923828e-08,0.91184986,1.0,0.56400186,7.69666,7.7121477,7.8959846,7.911469,7.782892,7.80772,7.9731126,8.007027,0.16539239883422852,0.19930648803710938,0.06473588943481445,0.09555768966674805,0.018411636352539062
FINAWorldChampionships2019_Women10mSynchronised_final_r1::0,test,official_test,FINAWorldChampionships2019_Women10mSynchronised_final,301b,2.0,46.8,False,7.9354844,7.953351,0.061192513,0.056104183,0.003970358106825086,-0.015250444,-0.021383762,0.007940716213650173,-0.028075457,-0.029365063,0.00595553716023763,takeoff,takeoff,True,0.056104183197021484,0.029365062713623047,0.0,1.6391277313232422e-07,0.45181832,0.5,0.08145981,7.9354844,7.9995794,7.9241815,7.982716,7.9065127,7.974735,7.897247,7.953351,0.026739120483398438,0.056104183197021484,0.025374412536621094,0.029365062713623047,0.012511253356933594
FINAWorldChampionships2019_Women10mSynchronised_final_r1::1,test,official_test,FINAWorldChampionships2019_Women10mSynchronised_final,301b,2.0,44.4,False,7.8596807,7.7924657,0.028252045,0.02504921,-0.022404988606770832,-0.0065439544,0.0015211105,-0.02987331814236111,-0.08892306,-0.07781696,-0.014936659071180554,entry,entry,True,0.07781696319580078,0.07781696319580078,0.0,7.450580596923828e-08,0.20732437,0.5,-0.5715942,7.8596807,7.888724,7.84266,7.8702826,7.75724,7.7909446,7.7674165,7.7924657,0.0,0.07781696319580078,0.013285160064697266,0.025049209594726562,0.01596832275390625
FINAWorldChampionships2019_Women10mSynchronised_final_r2::3,test,official_test,FINAWorldChampionships2019_Women10mSynchronised_final,301b,2.0,46.2,False,7.084573,6.9526615,-0.013943116,-0.013812065,-0.029313617282443576,-0.028992334,-0.004155636,-0.05862723456488715,-0.088975824,-0.06891346,-0.04397042592366536,entry,entry,True,0.06891345977783203,0.004155635833740234,0.0,1.1920928955078125e-07,0.811176,0.5,0.96825075,7.084573,7.06781,7.028055,7.021575,6.972846,6.956817,6.9664736,6.9526615,0.0647578239440918,0.06891345977783203,0.008983850479125977,0.013812065124511719,0.04503011703491211
FINAWorldChampionships2019_Women10mSynchronised_final_r2::4,test,official_test,FINAWorldChampionships2019_Women10mSynchronised_final,301b,2.0,45.6,False,6.9278073,6.813533,-0.003815015,-0.0068387985,-0.02539433373345269,-0.07833084,-0.08890152,-0.05078866746690538,-0.03212865,-0.027348995,-0.03809150060017903,flight,flight,True,0.08890151977539062,0.08890151977539062,0.0,5.960464477539063e-08,0.2361263,0.5,0.58364445,6.9278073,6.9307485,6.8637795,6.840882,6.8946314,6.9024343,6.8203716,6.813533,0.0,0.08890151977539062,0.017093896865844727,0.027348995208740234,0.008814811706542969
FINAWorldChampionships2019_Women10mSynchronised_final_r2::7,test,official_test,FINAWorldChampionships2019_Women10mSynchronised_final,201b,2.0,48.6,False,7.859266,7.6589026,-0.0006226699,-0.0011329651,-0.044525146484375,-0.023976246,-0.079576015,-0.08905029296875,-0.17576425,-0.2291112,-0.0667877197265625,entry,entry,True,0.2291111946105957,0.001132965087890625,0.0,2.2351741790771484e-08,0.8646485,1.0,0.99020475,7.859266,7.8564515,7.8881874,7.888014,7.7341466,7.7384787,7.6600356,7.6589026,0.22797822952270508,0.2291111946105957,0.04035449028015137,0.07957601547241211,0.10945701599121094
FINAWorldChampionships2019_Women10mSynchronised_final_r2::8,test,official_test,FINAWorldChampionships2019_Women10mSynchronised_final,201b,2.0,46.8,False,7.984012,7.6241775,0.029025396,0.027169228,-0.0799632602267795,-0.029897848,-0.02661562,-0.159926520453559,-0.3589622,-0.3586588,-0.11994489034016927,entry,entry,True,0.3586587905883789,0.3586587905883789,0.0,1.6391277313232422e-07,0.9882398,1.0,-0.2538459,7.984012,8.009253,7.945191,7.9828362,7.6191053,7.650793,7.597008,7.6241775,0.0,0.3586587905883789,0.026892423629760742,0.027169227600097656,0.0017294883728027344
FINAWorldChampionships2019_Women10mSynchronised_final_r3::0,test,official_test,FINAWorldChampionships2019_Women10mSynchronised_final,405b,2.8,59.64,False,6.290589,6.2878737,0.18231241,0.23411989,-0.0006033579508463541,0.02477614,0.061669827,-0.0006033579508463541,-0.20980366,-0.21058464,-0.0015083948771158855,entry,takeoff,False,0.2105846405029297,0.23411989212036133,0.0,8.940696716308594e-08,0.9986776,1.0,0.90747863,6.290589,6.4123187,6.269696,6.4984584,6.072791,6.226204,6.053754,6.2878737,-0.02353525161743164,0.2105846405029297,0.14789485931396484,0.23411989212036133,0.0879201889038086
FINAWorldChampionships2019_Women10mSynchronised_final_r3::2,test,official_test,FINAWorldChampionships2019_Women10mSynchronised_final,407c,3.2,60.48,False,6.446341,5.9938517,0.029337803,0.047136307,-0.10055319468180338,0.105348505,0.21099234,-0.20110638936360675,-0.58717567,-0.4576192,-0.15082979202270508,entry,entry,True,0.45761919021606445,0.04713630676269531,0.0,1.1920928955078125e-07,0.95866936,1.0,0.93079156,6.446341,6.468173,6.4563384,6.451471,5.7399015,5.7828593,5.9467154,5.9938517,0.41048288345336914,0.45761919021606445,0.12906432151794434,0.21099233627319336,0.25299882888793945
FINAWorldChampionships2019_Women10mSynchronised_final_r3::3,test,official_test,FINAWorldChampionships2019_Women10mSynchronised_final,107b,3.0,63.0,False,7.661155,7.2945466,0.0013321241,0.021151543,-0.08146858215332031,-0.011047284,0.0062499046,-0.16293716430664062,-0.35689345,-0.35406876,-0.12220287322998047,entry,entry,True,0.3540687561035156,0.02115154266357422,0.0,8.195638656616211e-08,0.91692346,1.0,0.852871,7.661155,7.6439276,7.6340704,7.6486154,7.3026967,7.2882967,7.273395,7.2945466,0.3329172134399414,0.3540687561035156,0.013700723648071289,0.02115154266357422,0.03994131088256836
FINAWorldChampionships2019_Women10mSynchronised_final_r3::6,test,official_test,FINAWorldChampionships2019_Women10mSynchronised_final,107b,3.0,66.6,False,7.0347586,6.9993305,0.06817293,0.09648752,-0.007872899373372395,-0.0023639202,0.027213573,-0.01574579874674479,-0.10123706,-0.08886671,-0.011809349060058594,entry,takeoff,False,0.0888667106628418,0.027213573455810547,0.0,1.9371509552001953e-07,0.49874586,0.5,0.33321834,7.0347586,7.081216,7.009416,7.088197,6.92775,6.972117,6.902843,6.9993305,0.06165313720703125,0.0888667106628418,0.061850547790527344,0.09648752212524414,0.07026243209838867
FINAWorldChampionships2019_Women10mSynchronised_final_r3::10,test,official_test,FINAWorldChampionships2019_Women10mSynchronised_final,5253b,3.2,73.92,False,7.854286,7.8763027,0.0575037,0.06348801,0.0073388417561848955,-0.017781973,-0.0054035187,0.0073388417561848955,-0.017705202,-0.013414383,0.0073388417561848955,takeoff,takeoff,True,0.06348800659179688,0.013414382934570312,0.0,6.705522537231445e-08,0.39727348,0.0,-0.47881788,7.854286,7.9042516,7.8225718,7.889717,7.830736,7.881706,7.8128147,7.8763027,0.05007362365722656,0.06348800659179688,0.009408950805664062,0.013414382934570312,0.022653579711914062
FINAWorldChampionships2019_Women10mSynchronised_final_r4::0,test,official_test,FINAWorldChampionships2019_Women10mSynchronised_final,205b,2.9,64.38,False,7.75244,7.6611814,0.046990395,0.050383568,-0.020279672410753038,0.14143085,0.26313734,-0.040559344821506076,-0.27967978,-0.15825939,-0.030419508616129555,entry,flight,False,0.15825939178466797,0.2631373405456543,0.0,5.21540641784668e-08,0.2015639,0.5,0.37072918,7.75244,7.7951655,7.7712927,7.819441,7.350468,7.398044,7.610798,7.6611814,-0.10487794876098633,0.15825939178466797,0.15676045417785645,0.2631373405456543,0.2465200424194336
FINAWorldChampionships2019_Women10mSynchronised_final_r4::9,test,official_test,FINAWorldChampionships2019_Women10mSynchronised_final,407c,3.2,74.88,False,8.2255125,8.136667,-0.034612656,-0.026734352,-0.01974338955349392,-0.013212681,-0.001121521,-0.03948677910698784,-0.041019917,-0.036548615,-0.029615084330240883,entry,entry,True,0.036548614501953125,0.00112152099609375,0.0,3.8743019104003906e-07,0.5944738,1.0,0.86873394,8.2255125,8.183416,8.2006035,8.173216,8.180416,8.137789,8.163402,8.136667,0.035427093505859375,0.036548614501953125,0.013927936553955078,0.026734352111816406,0.024440765380859375
FINAWorldChampionships2019_Women10mSynchronised_final_r4::10,test,official_test,FINAWorldChampionships2019_Women10mSynchronised_final,207c,3.3,66.33,False,6.610192,6.469937,0.030039549,0.05919838,-0.031167772081163194,0.13927698,0.26698017,-0.06233554416232639,-0.3095715,-0.16450453,-0.04675165812174479,entry,flight,False,0.1645045280456543,0.1645045280456543,0.0,8.940696716308594e-08,0.9752641,1.0,0.8910276,6.610192,6.61297,6.623663,6.6344414,6.1574507,6.2029567,6.4107385,6.469937,0.0,0.1645045280456543,0.16308927536010742,0.2669801712036133,0.3019289970397949
FINAWorldChampionships2019_Women10mSynchronised_final_r4::11,test,official_test,FINAWorldChampionships2019_Women10mSynchronised_final,407c,3.2,75.84,False,7.183888,7.0774727,-0.014944951,-0.035102844,-0.023647838168674044,0.031353552,0.01975584,-0.04729567633734809,-0.12282387,-0.11443472,-0.03547175725301106,entry,entry,True,0.11443471908569336,0.11443471908569336,0.0,1.862645149230957e-07,0.77376163,0.5,0.18941657,7.183888,7.187939,7.2256775,7.1919074,7.051513,7.057717,7.1125755,7.0774727,0.0,0.11443471908569336,0.02742934226989746,0.03510284423828125,0.023366451263427734
FINAWorldChampionships2019_Women10mSynchronised_final_r5::1,test,official_test,FINAWorldChampionships2019_Women10mSynchronised_final,5253b,3.2,55.68,False,6.476795,6.3901324,0.06810681,0.019907951,-0.009629196590847438,-0.1061879,-0.14186335,-0.028887589772542317,-0.04858168,-0.042129993,-0.0481459829542372,flight,flight,True,0.14186334609985352,0.14186334609985352,0.0,1.6391277313232422e-07,0.9031855,0.5,0.8533248,6.476795,6.592818,6.4059997,6.4322624,6.4214787,6.531996,6.3702245,6.3901324,0.0,0.14186334609985352,0.031018972396850586,0.0421299934387207,0.0774226188659668
FINAWorldChampionships2019_Women10mSynchronised_final_r5::4,test,official_test,FINAWorldChampionships2019_Women10mSynchronised_final,5253b,3.2,64.32,False,7.0045915,6.887084,0.05198431,0.06626606,-0.026112768385145396,-0.0014977455,0.018007755,-0.05222553677029079,-0.16799402,-0.14734793,-0.039169152577718094,entry,entry,True,0.14734792709350586,0.14734792709350586,0.0,6.705522537231445e-08,0.46198344,0.5,0.45050493,7.0045915,7.0505123,6.9918065,7.034432,6.8241696,6.8690763,6.820818,6.887084,0.0,0.14734792709350586,0.04213690757751465,0.06626605987548828,0.054433345794677734
FINAWorldChampionships2019_Women10mSynchronised_final_r5::5,test,official_test,FINAWorldChampionships2019_Women10mSynchronised_final,5253b,3.2,68.16,False,6.5041814,6.693128,0.031565826,0.03380537,0.0419881608751085,0.05157749,0.036474228,0.0419881608751085,0.10580341,0.082975864,0.10497040218777128,entry,entry,True,0.08297586441040039,0.03380537033081055,0.0,1.4901161193847656e-07,0.72364384,0.5,0.75325567,6.5041814,6.526196,6.5635505,6.6101522,6.6255007,6.656654,6.6593227,6.693128,0.049170494079589844,0.08297586441040039,0.03513979911804199,0.03647422790527344,0.035691261291503906
FINAWorldChampionships2019_Women10mSynchronised_final_r5::8,test,official_test,FINAWorldChampionships2019_Women10mSynchronised_final,5253b,3.2,69.12,False,6.6639857,7.1425686,0.029300213,0.033618927,0.10635174645317924,0.010406256,0.033673286,0.10635174645317924,0.4388764,0.4583969,0.26587936613294816,entry,entry,True,0.45839691162109375,0.45839691162109375,0.0,1.1175870895385742e-07,0.9966881,1.0,0.72507703,6.6639857,6.689836,6.6519938,6.6841717,7.0842104,7.1088953,7.1089497,7.1425686,0.0,0.45839691162109375,0.0336461067199707,0.03367328643798828,0.047106266021728516
FINAWorldChampionships2019_Women10mSynchronised_final_r5::10,test,official_test,FINAWorldChampionships2019_Women10mSynchronised_final,407c,3.2,62.4,False,5.7436485,6.157052,0.24565037,0.45776844,0.09186744689941406,0.20973308,0.41443872,0.09186744689941406,-0.04197995,0.16121054,0.22966861724853516,takeoff,takeoff,True,0.45776844024658203,0.41443872451782227,0.0,1.7881393432617188e-07,0.7914218,0.5,0.76654893,5.7436485,5.7992887,5.770784,5.9958415,5.520586,5.7426133,5.6992836,6.157052,0.043329715728759766,0.45776844024658203,0.2878246307373047,0.41443872451782227,0.6200141906738281
FINAWorldChampionships2019_Women10m_final_r1::6,test,official_test,FINAWorldChampionships2019_Women10m_final,107b,3.0,63.0,False,7.198404,7.5491695,0.035127718,0.051589966,0.07794793446858723,0.085438095,0.08387852,0.07794793446858723,0.23019989,0.24777079,0.1948698361714681,entry,entry,True,0.2477707862854004,0.0838785171508789,0.0,2.1606683731079102e-07,0.95308477,1.0,0.973984,7.198404,7.2307544,7.2990866,7.3013988,7.424718,7.465291,7.4975796,7.5491695,0.16389226913452148,0.2477707862854004,0.0677342414855957,0.0838785171508789,0.03247356414794922
FINAWorldChampionships2019_Women10m_final_r2::0,test,official_test,FINAWorldChampionships2019_Women10m_final,207c,3.3,69.3,False,6.2993574,6.312861,0.08088732,0.092130184,0.0030007892184787323,-0.032019377,-0.04864359,0.006001578436957465,-0.03536439,-0.03140974,0.004501183827718099,takeoff,takeoff,True,0.09213018417358398,0.03140974044799805,0.0,8.940696716308594e-08,0.5505746,0.5,0.4372347,6.2993574,6.3814983,6.2964587,6.3442707,6.272535,6.3615046,6.220731,6.312861,0.06072044372558594,0.09213018417358398,0.04002666473388672,0.04864358901977539,0.00142669677734375
FINAWorldChampionships2019_Women10m_final_r2::2,test,official_test,FINAWorldChampionships2019_Women10m_final,107b,3.0,72.0,False,7.4285564,7.7307796,9.997686e-05,-0.00094127655,0.06716071234809028,0.032304604,0.025072575,0.06716071234809028,0.26981863,0.27074385,0.1679017808702257,entry,entry,True,0.27074384689331055,0.025072574615478516,0.0,1.4528632164001465e-07,0.9884707,1.0,0.9961936,7.4285564,7.4278517,7.466247,7.460036,7.695604,7.705707,7.731721,7.7307796,0.24567127227783203,0.27074384689331055,0.013006925582885742,0.025072574615478516,0.007348060607910156
FINAWorldChampionships2019_Women10m_final_r2::8,test,official_test,FINAWorldChampionships2019_Women10m_final,107b,3.0,72.0,False,7.5449233,7.809572,0.016763529,0.012432098,0.05881086985270182,-0.056179207,-0.050043583,0.05881086985270182,0.3040646,0.3201661,0.14702717463175458,entry,entry,True,0.32016611099243164,0.32016611099243164,0.0,1.1920928955078125e-07,0.98471755,1.0,0.98978543,7.5449233,7.565494,7.4820843,7.489406,7.832362,7.859616,7.79714,7.809572,0.0,0.32016611099243164,0.03123784065246582,0.050043582916259766,0.017905712127685547
FINAWorldChampionships2019_Women10m_final_r2::11,test,official_test,FINAWorldChampionships2019_Women10m_final,407c,3.2,88.0,False,8.507841,8.75594,0.08496841,0.08682728,0.08269977569580078,0.00700744,0.0153265,0.08269977569580078,0.15612347,0.1623764,0.08269977569580078,entry,entry,True,0.16237640380859375,0.015326499938964844,0.0,2.8312206268310547e-07,0.98182327,1.0,0.96685636,8.507841,8.592059,8.507638,8.593564,8.65882,8.740614,8.669113,8.75594,0.1470499038696289,0.16237640380859375,0.05107688903808594,0.08682727813720703,0.01643085479736328
FINAWorldChampionships2019_Women10m_final_r3::8,test,official_test,FINAWorldChampionships2019_Women10m_final,207c,3.3,72.6,False,6.6106224,6.548128,0.103524365,0.13399124,-0.01388761732313368,-0.19666989,-0.19576168,-0.02777523464626736,0.03065125,0.04039812,-0.02083142598470052,flight,flight,True,0.19576168060302734,0.13399124145507812,0.0,2.9802322387695312e-08,0.8487847,1.0,0.63622034,6.6106224,6.6986084,6.427973,6.50773,6.6464553,6.74389,6.414137,6.548128,0.06177043914794922,0.19576168060302734,0.08719468116760254,0.13399124145507812,0.0411219596862793
FINAWorldChampionships2019_Women10m_final_r3::9,test,official_test,FINAWorldChampionships2019_Women10m_final,407c,3.2,72.0,False,7.8845367,8.11761,0.03473695,0.041448593,0.05179405212402344,-0.023657003,-0.020350456,0.05179405212402344,0.22199328,0.22026587,0.1294851303100586,entry,entry,True,0.22026586532592773,0.04144859313964844,0.0,7.450580596923828e-08,0.9768024,1.0,0.9620695,7.8845367,7.9107633,7.8557744,7.897344,8.106459,8.13796,8.076161,8.11761,0.1788172721862793,0.22026586532592773,0.030899524688720703,0.04144859313964844,0.008290767669677734
FINAWorldChampionships2019_Women10m_final_r4::2,test,official_test,FINAWorldChampionships2019_Women10m_final,305c,2.8,67.2,False,7.47429,7.643348,0.010450999,0.019173622,0.03756851620144314,-0.1144534,-0.10205221,0.07513703240288629,0.2730607,0.28239298,0.05635277430216471,entry,entry,True,0.2823929786682129,0.10205221176147461,0.0,7.450580596923828e-09,0.2324825,0.5,0.95590425,7.47429,7.4767513,7.3481684,7.360955,7.7387514,7.7454004,7.6241746,7.643348,0.18034076690673828,0.2823929786682129,0.06061291694641113,0.10205221176147461,0.030456066131591797
FINAWorldChampionships2019_Women10m_final_r4::7,test,official_test,FINAWorldChampionships2019_Women10m_final,407c,3.2,67.2,False,6.976331,6.7960153,0.05431207,0.04825592,-0.0400702158610026,-0.07998506,-0.06690788,-0.0801404317220052,-0.15464298,-0.12884665,-0.060105323791503906,entry,entry,True,0.1288466453552246,0.1288466453552246,0.0,1.7881393432617188e-07,0.41113573,0.5,0.97795105,6.976331,7.0360265,6.882596,6.924862,6.795219,6.862923,6.7477593,6.7960153,0.0,0.1288466453552246,0.05758190155029297,0.06690788269042969,0.03281736373901367
FINAWorldChampionships2019_Women10m_final_r5::0,test,official_test,FINAWorldChampionships2019_Women10m_final,5253b,3.2,67.2,False,6.54615,5.997414,0.01738874,0.09169912,-0.12194135453965928,0.075210966,0.15174913,-0.24388270907931855,-0.6413358,-0.573905,-0.18291203180948892,entry,entry,True,0.5739049911499023,0.1517491340637207,0.0,8.940696716308594e-08,0.45523265,0.5,-0.76009846,6.54615,6.521185,6.5767794,6.571319,5.86934,5.845665,5.905715,5.997414,0.42215585708618164,0.5739049911499023,0.12172412872314453,0.1517491340637207,0.21827936172485352
FINAWorldChampionships2019_Women10m_final_r5::6,test,official_test,FINAWorldChampionships2019_Women10m_final,5253b,3.2,72.0,False,7.686163,7.7946215,0.056953747,0.058258533,0.024101893107096352,0.021392187,0.016688347,0.048203786214192704,0.030112585,0.023190498,0.03615283966064453,takeoff,takeoff,True,0.0582585334777832,0.02319049835205078,0.0,5.21540641784668e-08,0.7536547,0.0,-0.8205879,7.686163,7.742131,7.7125783,7.771431,7.723517,7.777933,7.736363,7.7946215,0.03506803512573242,0.0582585334777832,0.019939422607421875,0.02319049835205078,0.01032114028930664
FINAWorldChampionships2019_Women10m_final_r5::11,test,official_test,FINAWorldChampionships2019_Women10m_final,5253b,3.2,86.4,False,7.8410225,7.893228,-0.0024132729,-0.00549984,0.011601236131456163,0.025966883,0.018848896,0.023202472262912326,0.028651953,0.027784348,0.017401854197184242,entry,entry,True,0.027784347534179688,0.005499839782714844,0.0,1.341104507446289e-07,0.5075507,0.5,-0.16851981,7.8410225,7.842583,7.8749948,7.8654437,7.8714294,7.874379,7.898728,7.893228,0.022284507751464844,0.027784347534179688,0.012174367904663086,0.018848896026611328,0.011072158813476562
FINAWorldChampionships2019_Women3mSynchronised_final_r1::1,test,official_test,FINAWorldChampionships2019_Women3mSynchronised_final,101b,2.0,45.6,False,8.386334,7.2642894,-0.031466324,-0.02589798,-0.3740150133768717,0.11158172,0.16047812,-0.49868668450249565,-1.2021605,-1.1441541,-0.24934334225124782,entry,entry,True,1.1441540718078613,0.025897979736328125,0.0,1.7136335372924805e-07,0.876904,1.0,1.0,8.386334,8.350978,8.450698,8.408443,7.127846,7.1038113,7.2901874,7.2642894,1.1182560920715332,1.1441540718078613,0.09318804740905762,0.1604781150817871,0.11247110366821289
FINAWorldChampionships2019_Women3mSynchronised_final_r1::2,test,official_test,FINAWorldChampionships2019_Women3mSynchronised_final,101b,2.0,47.4,False,7.886262,7.3923745,0.034577608,0.013314724,-0.054876380496554904,-0.17357945,-0.2239151,-0.1646291414896647,-0.35488558,-0.3710127,-0.27438190248277455,entry,entry,True,0.37101268768310547,0.01331472396850586,0.0,6.705522537231445e-08,0.8509388,1.0,1.0,7.886262,7.942406,7.763322,7.763387,7.547807,7.6162896,7.37906,7.3923745,0.3576979637145996,0.37101268768310547,0.11861491203308105,0.22391510009765625,0.08772563934326172
FINAWorldChampionships2019_Women3mSynchronised_final_r1::7,test,official_test,FINAWorldChampionships2019_Women3mSynchronised_final,401b,2.0,48.0,False,7.9791665,7.848358,0.015260458,0.010643959,-0.04360278447469075,0.0037565231,-0.0027265549,-0.04360278447469075,-0.14982533,-0.15343094,-0.04360278447469075,entry,entry,True,0.15343093872070312,0.010643959045410156,0.0,2.2351741790771484e-08,0.97387606,1.0,0.99939024,7.9791665,7.998945,7.989308,8.001789,7.8328485,7.8510847,7.837714,7.848358,0.14278697967529297,0.15343093872070312,0.0066852569580078125,0.010643959045410156,0.014705181121826172
FINAWorldChampionships2019_Women3mSynchronised_final_r1::9,test,official_test,FINAWorldChampionships2019_Women3mSynchronised_final,201b,2.0,46.8,False,7.997943,7.3728886,0.0033878486,0.00867939,-0.20835145314534503,0.06998769,0.1898489,-0.27780193752712673,-0.6984299,-0.55525637,-0.13890096876356336,entry,entry,True,0.5552563667297363,0.5552563667297363,0.0,1.4156103134155273e-07,0.91611826,1.0,0.8557509,7.997943,7.9855924,7.9376225,7.928145,7.1458926,7.1830397,7.364209,7.3728886,0.0,0.5552563667297363,0.09926414489746094,0.1898488998413086,0.2683262825012207
FINAWorldChampionships2019_Women3mSynchronised_final_r1::10,test,official_test,FINAWorldChampionships2019_Women3mSynchronised_final,201b,2.0,49.8,False,7.965844,8.075925,0.009488344,0.004650116,0.036693572998046875,-0.006888628,-0.008570671,0.036693572998046875,0.107481,0.108888626,0.036693572998046875,entry,entry,True,0.10888862609863281,0.10888862609863281,0.0,2.980232238769531e-07,0.20480391,0.5,-0.08542208,7.965844,7.980353,7.9608197,7.9670362,8.0721,8.084496,8.071275,8.075925,0.0,0.10888862609863281,0.006610393524169922,0.008570671081542969,0.005112648010253906
FINAWorldChampionships2019_Women3mSynchronised_final_r1::11,test,official_test,FINAWorldChampionships2019_Women3mSynchronised_final,101b,2.0,53.4,False,8.374435,7.581963,-0.03813569,-0.021916866,-0.3522099388970269,-0.13578884,-0.0673399,-0.26415745417277015,-0.61854786,-0.53145456,-0.17610496944851345,entry,entry,True,0.5314545631408691,0.5314545631408691,0.0,5.21540641784668e-08,0.9695007,1.0,1.0,8.374435,8.324401,8.174518,8.113418,7.6731143,7.649303,7.60388,7.581963,0.0,0.5314545631408691,0.04462838172912598,0.06733989715576172,0.17176103591918945
FINAWorldChampionships2019_Women3mSynchronised_final_r2::0,test,official_test,FINAWorldChampionships2019_Women3mSynchronised_final,301b,2.0,45.0,False,7.855529,7.8894153,0.008711179,0.007595539,0.015060636732313367,-0.12576716,-0.035503387,0.011295477549235025,0.1509424,0.24723339,0.007530318366156683,entry,entry,True,0.24723339080810547,0.007595539093017578,0.0,1.4156103134155273e-07,0.6817118,1.0,0.905666,7.855529,7.8636174,7.6377597,7.642182,7.908442,7.9249187,7.8818197,7.8894153,0.2396378517150879,0.24723339080810547,0.021549463272094727,0.035503387451171875,0.1854391098022461
FINAWorldChampionships2019_Women3mSynchronised_final_r2::1,test,official_test,FINAWorldChampionships2019_Women3mSynchronised_final,301b,2.0,46.2,False,7.902369,7.810936,0.0412968,0.038414,-0.030477682749430336,-0.020213524,-0.01870346,-0.030477682749430336,-0.11251632,-0.10725403,-0.030477682749430336,entry,entry,True,0.1072540283203125,0.1072540283203125,0.0,1.7881393432617188e-07,0.43574572,0.5,0.9743676,7.902369,7.945459,7.8795557,7.91819,7.7835007,7.8296394,7.772522,7.810936,0.0,0.1072540283203125,0.028558731079101562,0.03841400146484375,0.0038895606994628906
FINAWorldChampionships2019_Women3mSynchronised_final_r2::8,test,official_test,FINAWorldChampionships2019_Women3mSynchronised_final,301b,2.0,43.8,False,7.928092,8.070999,0.0772686,0.086873055,0.04763571421305338,0.109808445,0.078858376,0.0635142856174045,-0.044169903,-0.078027725,0.03175714280870225,flight,takeoff,False,0.0788583755493164,0.0788583755493164,0.0,0.0,0.7566083,0.5,0.86307085,7.928092,7.9928045,8.065899,8.149027,7.9148283,7.992141,7.984126,8.070999,0.0,0.0788583755493164,0.08245038986206055,0.08687305450439453,0.05520343780517578
FINAWorldChampionships2019_Women3mSynchronised_final_r2::9,test,official_test,FINAWorldChampionships2019_Women3mSynchronised_final,301b,2.0,47.4,False,8.016132,8.106052,-0.006980499,-0.001414299,0.029973347981770832,0.35244098,0.383739,0.03996446397569444,-0.25554046,-0.22513771,0.01998223198784722,flight,flight,True,0.38373899459838867,0.38373899459838867,0.0,1.1175870895385742e-07,0.42259634,0.5,0.9853744,8.016132,8.000453,8.334143,8.33119,7.7270565,7.7223134,8.107467,8.106052,0.0,0.38373899459838867,0.11327600479125977,0.22513771057128906,0.06726694107055664
FINAWorldChampionships2019_Women3mSynchronised_final_r3::3,test,official_test,FINAWorldChampionships2019_Women3mSynchronised_final,5152b,3.0,63.0,False,7.014501,7.227678,-0.07113186,-0.08481407,0.07105890909830728,0.06548389,0.056164265,0.07105890909830728,0.2188247,0.20588446,0.07105890909830728,entry,entry,True,0.20588445663452148,0.08481407165527344,0.0,2.0116567611694336e-07,0.30740502,0.5,0.98478,7.014501,6.953001,7.085254,7.0217934,7.2422156,7.1715136,7.312492,7.227678,0.12107038497924805,0.20588445663452148,0.07048916816711426,0.08481407165527344,0.03594207763671875
FINAWorldChampionships2019_Women3mSynchronised_final_r3::9,test,official_test,FINAWorldChampionships2019_Women3mSynchronised_final,107b,3.1,64.17,False,7.493943,7.3488297,-0.2805977,-0.265563,-0.048371156056722,0.36759973,0.36833477,-0.06449487474229601,-0.2321155,-0.21378326,-0.032247437371148005,flight,flight,True,0.3683347702026367,0.3683347702026367,0.0,1.862645149230957e-07,0.7217289,0.5,0.8527733,7.493943,7.186455,7.848952,7.562613,7.2316394,6.980495,7.6143928,7.3488297,0.0,0.3683347702026367,0.23967313766479492,0.2655630111694336,0.03410196304321289
FINAWorldChampionships2019_Women3mSynchronised_final_r3::11,test,official_test,FINAWorldChampionships2019_Women3mSynchronised_final,205b,3.0,81.0,False,7.653687,7.5856605,0.021173159,0.03348446,-0.022675514221191406,0.018344799,0.033705235,-0.022675514221191406,-0.107544504,-0.10149908,-0.022675514221191406,entry,entry,True,0.10149908065795898,0.03370523452758789,0.0,1.862645149230957e-07,0.21202444,0.5,0.873857,7.653687,7.6620636,7.656186,7.6871595,7.539612,7.551955,7.552176,7.5856605,0.0677938461303711,0.10149908065795898,0.03359484672546387,0.03370523452758789,0.03371715545654297
FINAWorldChampionships2019_Women3mSynchronised_final_r4::1,test,official_test,FINAWorldChampionships2019_Women3mSynchronised_final,5152b,3.0,51.3,False,7.2524834,6.070947,-0.03630845,-0.03655815,-0.3938453992207845,-0.77287143,-0.79867077,-0.525127198961046,-0.37235633,-0.3989091,-0.262563599480523,flight,flight,True,0.798670768737793,0.03655815124511719,0.0,2.9802322387695312e-08,0.7795305,0.5,0.9828966,7.2524834,7.2125707,6.5015574,6.4698563,6.902826,6.869618,6.1075053,6.070947,0.7621126174926758,0.798670768737793,0.21773362159729004,0.3989090919494629,0.05260181427001953
FINAWorldChampionships2019_Women3mSynchronised_final_r4::2,test,official_test,FINAWorldChampionships2019_Women3mSynchronised_final,5152b,3.0,64.8,False,6.12631,5.962135,0.054453213,0.06467676,-0.05472501118977864,0.0008979638,-0.015533447,-0.05472501118977864,-0.21952622,-0.23510027,-0.05472501118977864,entry,entry,True,0.23510026931762695,0.015533447265625,0.0,5.960464477539063e-08,0.8927695,1.0,0.8915169,6.12631,6.1736956,6.1467953,6.197235,5.9255137,5.9776683,5.897458,5.962135,0.21956682205200195,0.23510026931762695,0.04010510444641113,0.06467676162719727,0.02178192138671875
FINAWorldChampionships2019_Women3mSynchronised_final_r4::3,test,official_test,FINAWorldChampionships2019_Women3mSynchronised_final,107b,3.1,60.45,False,6.2450876,6.0566783,0.03730909,0.035924435,-0.06280310948689778,-0.03350814,-0.026063442,-0.06280310948689778,-0.19221027,-0.18625736,-0.06280310948689778,entry,entry,True,0.18625736236572266,0.18625736236572266,0.0,5.960464477539063e-08,0.96539056,1.0,0.64311194,6.2450876,6.2819576,6.202311,6.2429357,6.0451007,6.0827417,6.020754,6.0566783,0.0,0.18625736236572266,0.030993938446044922,0.035924434661865234,0.012012958526611328
FINAWorldChampionships2019_Women3mSynchronised_final_r4::10,test,official_test,FINAWorldChampionships2019_Women3mSynchronised_final,107b,3.1,74.4,False,7.7118053,7.240994,-0.10538244,-0.09379578,-0.1569371223449707,-0.07767129,0.010473251,-0.20924949645996094,-0.28775764,-0.2280364,-0.10462474822998047,entry,entry,True,0.22803640365600586,0.22803640365600586,0.0,2.9802322387695312e-08,0.6292433,0.5,0.023624495,7.7118053,7.6020308,7.553184,7.4690304,7.371521,7.2305207,7.3347898,7.240994,0.0,0.22803640365600586,0.05213451385498047,0.0937957763671875,0.1594524383544922
FINAWorldChampionships2019_Women3mSynchronised_final_r5::1,test,official_test,FINAWorldChampionships2019_Women3mSynchronised_final,205c,2.8,63.0,False,6.6631317,7.4830413,0.01716423,-0.0046420097,0.2733031908671061,-0.06810522,-0.06903553,0.2733031908671061,0.87085056,0.8812556,0.2733031908671061,entry,entry,True,0.8812556266784668,0.004642009735107422,0.0,2.2351741790771484e-07,0.9984891,1.0,0.99743605,6.6631317,6.7025657,6.5964203,6.6017857,7.5240407,7.552077,7.4876833,7.4830413,0.8766136169433594,0.8812556266784668,0.03683876991271973,0.06903553009033203,0.012331485748291016
FINAWorldChampionships2019_Women3mSynchronised_final_r5::3,test,official_test,FINAWorldChampionships2019_Women3mSynchronised_final,405b,3.0,58.5,False,6.62453,6.24543,0.119897686,0.12898016,-0.12636661529541016,0.02639111,0.047563076,-0.12636661529541016,-0.52538866,-0.5123482,-0.12636661529541016,entry,entry,True,0.5123481750488281,0.12898015975952148,0.0,1.4901161193847656e-08,0.983798,1.0,0.9523164,6.62453,6.740944,6.635348,6.757778,6.0916996,6.197867,6.11645,6.24543,0.38336801528930664,0.5123481750488281,0.0882716178894043,0.12898015975952148,0.04329490661621094
FINAWorldChampionships2019_Women3mSynchronised_final_r5::4,test,official_test,FINAWorldChampionships2019_Women3mSynchronised_final,5152b,3.0,66.6,False,7.1895866,7.231342,-0.025241852,-0.033684254,0.013918399810791016,0.4521551,0.5214653,0.01855786641438802,-0.38515806,-0.30855417,0.00927893320719401,flight,flight,True,0.5214653015136719,0.03368425369262695,0.0,2.2351741790771484e-08,0.90549535,0.5,0.9833016,7.1895866,7.168496,7.5681405,7.539896,6.7235336,6.7098765,7.265026,7.231342,0.4877810478210449,0.5214653015136719,0.17111921310424805,0.30855417251586914,0.13747167587280273
FINAWorldChampionships2019_Women3mSynchronised_final_r5::10,test,official_test,FINAWorldChampionships2019_Women3mSynchronised_final,405b,3.0,69.3,False,6.0737233,5.8704267,-0.015410264,-0.040107727,-0.0677655537923177,-0.051750977,-0.07185364,-0.0677655537923177,-0.13613541,-0.14862013,-0.0677655537923177,entry,entry,True,0.1486201286315918,0.04010772705078125,0.0,5.960464477539063e-08,0.6824965,1.0,0.8857657,6.0737233,6.0811305,6.040195,6.019047,5.9481926,5.9422803,5.9105344,5.8704267,0.10851240158081055,0.1486201286315918,0.055980682373046875,0.0718536376953125,0.05728483200073242
FINAWorldChampionships2019_Women3mSynchronised_final_r5::11,test,official_test,FINAWorldChampionships2019_Women3mSynchronised_final,405b,3.0,76.5,False,8.01512,7.9142656,0.025119543,0.019992828,-0.03361797332763672,-0.043738842,-0.04639244,-0.03361797332763672,-0.08223462,-0.07890034,-0.03361797332763672,entry,entry,True,0.07890033721923828,0.019992828369140625,0.0,1.2665987014770508e-07,0.7613801,1.0,0.5517324,8.01512,8.045277,7.973945,7.993166,7.9294615,7.960658,7.894273,7.9142656,0.058907508850097656,0.07890033721923828,0.03319263458251953,0.04639244079589844,0.0044460296630859375
FINAWorldChampionships2019_Women3m_final_r1::5,test,official_test,FINAWorldChampionships2019_Women3m_final,205b,3.0,67.5,False,6.4194074,6.3705964,-0.014347236,-0.030549526,-0.016270319620768227,0.04939111,0.03728676,-0.016270319620768227,-0.08385483,-0.10079241,-0.016270319620768227,entry,entry,True,0.10079240798950195,0.03728675842285156,0.0,2.086162567138672e-07,0.022281118,0.5,0.64954394,6.4194074,6.419208,6.4788485,6.471389,6.3504357,6.3333097,6.401146,6.3705964,0.06350564956665039,0.10079240798950195,0.033918142318725586,0.03728675842285156,0.04524421691894531
FINAWorldChampionships2019_Women3m_final_r1::6,test,official_test,FINAWorldChampionships2019_Women3m_final,405b,3.0,76.5,False,8.015106,7.93481,-0.021013021,-0.025321007,-0.02676534652709961,0.011360407,0.010335445,-0.02676534652709961,-0.070643425,-0.062182903,-0.02676534652709961,entry,entry,True,0.06218290328979492,0.06218290328979492,0.0,8.195638656616211e-08,0.9609148,1.0,-0.105250046,8.015106,7.9986196,8.02771,7.996993,7.9362206,7.9244747,7.960131,7.93481,0.0,0.06218290328979492,0.01782822608947754,0.025321006774902344,0.003127574920654297
FINAWorldChampionships2019_Women3m_final_r2::2,test,official_test,FINAWorldChampionships2019_Women3m_final,107b,3.1,58.9,False,7.4945908,7.1940866,-0.06479192,-0.061643124,-0.10016806920369466,-0.5346,-0.4884014,-0.1335574256049262,0.29888773,0.36359644,-0.0667787128024631,flight,flight,True,0.4884014129638672,0.061643123626708984,0.0,1.4156103134155273e-07,-0.45649326,0.0,0.9505991,7.4945908,7.4140553,6.9011974,6.83049,7.716175,7.682488,7.2557297,7.1940866,0.4267582893371582,0.4884014129638672,0.21261978149414062,0.36359643936157227,0.11405611038208008
FINAWorldChampionships2019_Women3m_final_r2::4,test,official_test,FINAWorldChampionships2019_Women3m_final,205b,3.0,60.0,False,7.948438,7.874108,-0.013709068,-0.031577587,-0.024776776631673176,-0.06501651,-0.0656414,-0.03303570217556424,0.0043952465,0.021427631,-0.01651785108778212,flight,flight,True,0.06564140319824219,0.06564140319824219,0.0,2.9802322387695312e-08,0.6246132,0.5,0.157291,7.948438,7.9519296,7.8833785,7.85268,7.935133,7.9397492,7.9056854,7.874108,0.0,0.06564140319824219,0.026502609252929688,0.03157758712768555,0.001461029052734375
FINAWorldChampionships2019_Women3m_final_r2::6,test,official_test,FINAWorldChampionships2019_Women3m_final,107b,3.1,68.2,False,7.8829856,7.7002993,-0.023915133,-0.026655674,-0.060895442962646484,0.3502032,0.34699154,-0.08119392395019531,-0.5089744,-0.52476597,-0.040596961975097656,entry,entry,True,0.5247659683227539,0.02665567398071289,0.0,1.7136335372924805e-07,0.8671853,0.5,0.9868158,7.8829856,7.8561263,8.230716,8.225065,7.384118,7.3533077,7.726955,7.7002993,0.498110294342041,0.5247659683227539,0.18682360649108887,0.34699153900146484,0.0217437744140625
FINAWorldChampionships2019_Women3m_final_r3::9,test,official_test,FINAWorldChampionships2019_Women3m_final,305b,3.0,76.5,False,7.661354,7.964393,-0.015136719,-0.038338184,0.1010130246480306,-0.016605139,-0.03569269,0.1010130246480306,0.33478093,0.3331957,0.1010130246480306,entry,entry,True,0.33319568634033203,0.03833818435668945,0.0,2.2351741790771484e-08,0.76872563,0.5,0.993091,7.661354,7.668425,7.6628428,7.6311975,7.9967265,8.000086,8.002731,7.964393,0.2948575019836426,0.33319568634033203,0.037015438079833984,0.03833818435668945,0.043874263763427734
FINAWorldChampionships2019_Women3m_final_r4::1,test,official_test,FINAWorldChampionships2019_Women3m_final,107b,3.1,37.2,False,5.805345,5.575368,-0.16684277,-0.23119879,-0.07665904362996419,-0.082528435,-0.16732168,-0.07665904362996419,0.01939408,-0.0038990974,-0.07665904362996419,takeoff,takeoff,True,0.23119878768920898,0.003899097442626953,0.0,5.960464477539063e-08,0.7574815,0.5,0.6433342,5.805345,5.6873794,5.792131,5.579267,5.8325534,5.7426896,5.8065667,5.575368,0.22729969024658203,0.23119878768920898,0.08561038970947266,0.16732168197631836,0.17244243621826172
FINAWorldChampionships2019_Women3m_final_r4::3,test,official_test,FINAWorldChampionships2019_Women3m_final,205b,3.0,57.0,False,6.9759536,6.808726,-0.05830868,-0.05377817,-0.05574258168538411,0.03485505,0.03082943,-0.05574258168538411,-0.1437741,-0.13188791,-0.05574258168538411,entry,entry,True,0.13188791275024414,0.05377817153930664,0.0,1.7881393432617188e-07,0.9158661,0.5,0.9668702,6.9759536,6.914843,7.016563,6.9406137,6.822022,6.7778964,6.862504,6.808726,0.0781097412109375,0.13188791275024414,0.04230380058288574,0.05377817153930664,0.012391090393066406
FINAWorldChampionships2019_Women3m_final_r4::4,test,official_test,FINAWorldChampionships2019_Women3m_final,107b,3.1,60.45,False,8.074184,7.997322,0.028672138,0.020268917,-0.025620778401692707,-0.27681527,-0.17905521,-0.03416103786892361,0.17128079,0.27165174,-0.017080518934461806,flight,entry,False,0.17905521392822266,0.020268917083740234,0.0,2.0116567611694336e-07,0.46539524,0.0,0.8051297,8.074184,8.109654,7.698004,7.7256703,8.143489,8.176377,7.977053,7.997322,0.15878629684448242,0.17905521392822266,0.14596033096313477,0.2716517448425293,0.189727783203125
FINAWorldChampionships2019_Women3m_final_r4::11,test,official_test,FINAWorldChampionships2019_Women3m_final,107b,3.1,77.5,False,8.144551,8.442625,-0.008490562,-0.017879486,0.09935792287190755,0.15405178,0.21244049,0.13247723049587673,0.15251255,0.22025204,0.06623861524793836,flight,entry,False,0.21244049072265625,0.21244049072265625,0.0,6.705522537231445e-08,0.6629414,0.0,0.2794714,8.144551,8.147986,8.242751,8.222373,8.231861,8.230185,8.460505,8.442625,0.0,0.21244049072265625,0.11906576156616211,0.22025203704833984,0.11673927307128906
FINAWorldChampionships2019_Women3m_final_r5::0,test,official_test,FINAWorldChampionships2019_Women3m_final,5152b,3.0,63.0,False,7.296479,7.121403,-0.10077143,-0.10032463,-0.05835866928100586,0.059091806,0.03254652,-0.07781155904134114,-0.13339639,-0.166533,-0.03890577952067057,entry,entry,True,0.1665329933166504,0.10032463073730469,0.0,5.21540641784668e-08,0.93722135,1.0,-0.60930985,7.296479,7.197869,7.384724,7.287936,7.1988273,7.0888567,7.221728,7.121403,0.0662083625793457,0.1665329933166504,0.06643557548522949,0.10032463073730469,0.0592350959777832
FINAWorldChampionships2019_Women3m_final_r5::1,test,official_test,FINAWorldChampionships2019_Women3m_final,405b,3.0,58.5,False,6.735538,6.8054423,0.04551816,0.04452753,0.023301442464192707,-0.068100214,-0.07723808,0.023301442464192707,0.09248638,0.09198189,0.023301442464192707,entry,entry,True,0.09198188781738281,0.07723808288574219,0.0,9.685754776000977e-08,0.75433034,0.5,0.475134,6.735538,6.7840595,6.6785884,6.7134604,6.8305416,6.8826804,6.760915,6.8054423,0.014743804931640625,0.09198188781738281,0.0608828067779541,0.07723808288574219,0.010632991790771484
FINAWorldChampionships2019_Women3m_final_r5::2,test,official_test,FINAWorldChampionships2019_Women3m_final,5152b,3.0,60.0,False,6.818318,6.8359747,0.030207237,0.0058522224,0.005885601043701172,-0.0050441422,-0.03238535,0.005885601043701172,-0.007506291,-0.015330315,0.005885601043701172,takeoff,flight,False,0.005852222442626953,0.005852222442626953,0.0,1.4156103134155273e-07,0.4726765,0.5,-0.10523245,6.818318,6.8719897,6.8397245,6.851305,6.817745,6.86836,6.8301225,6.8359747,0.0,0.005852222442626953,0.023857831954956055,0.03238534927368164,0.05952024459838867
FINAWorldChampionships2019_Women3m_final_r5::3,test,official_test,FINAWorldChampionships2019_Women3m_final,107b,3.1,60.45,False,6.692443,6.518472,-0.09989953,-0.103127,-0.05799023310343424,0.09105778,0.08569622,-0.07732031080457899,-0.16512895,-0.17552423,-0.038660155402289495,entry,entry,True,0.17552423477172852,0.08569622039794922,0.0,2.3096799850463867e-07,0.90425146,1.0,0.4218628,6.692443,6.5972524,6.7903438,6.6939964,6.539191,6.432776,6.621599,6.518472,0.0898280143737793,0.17552423477172852,0.09441161155700684,0.10312700271606445,0.018984317779541016
FINAWorldChampionships2019_Women3m_final_r5::6,test,official_test,FINAWorldChampionships2019_Women3m_final,5152b,3.0,58.5,False,6.9166927,7.035484,-0.012375593,-0.02570343,0.0395970344543457,-0.013237715,-0.032194138,0.0395970344543457,0.14440441,0.1412425,0.0395970344543457,entry,entry,True,0.14124250411987305,0.02570343017578125,0.0,1.862645149230957e-07,0.9941608,1.0,0.94696814,6.9166927,6.919518,6.9242845,6.8942413,7.066132,7.067678,7.0611873,7.035484,0.1155390739440918,0.14124250411987305,0.02894878387451172,0.03219413757324219,0.0354461669921875
FINAWorldChampionships2019_Women3m_final_r5::9,test,official_test,FINAWorldChampionships2019_Women3m_final,5152b,3.0,76.5,False,7.9648876,8.531495,-0.041195076,-0.047691345,0.18886915842692056,0.15746053,0.24179745,0.2518255445692274,0.45034203,0.53898525,0.1259127722846137,entry,entry,True,0.5389852523803711,0.24179744720458984,0.0,2.3096799850463867e-07,0.9360125,1.0,0.9742369,7.9648876,7.931388,8.03921,7.99251,8.3277855,8.289698,8.579186,8.531495,0.29718780517578125,0.5389852523803711,0.1447443962097168,0.24179744720458984,0.16648387908935547
FullMenSynchronised10mPlatform_Tokyo2020Replays_1::0,test,official_test,FullMenSynchronised10mPlatform_Tokyo2020Replays,101b,2.0,48.6,False,8.093458,8.017289,0.014660438,-0.0015125275,-0.016926447550455727,0.054038364,0.057035923,-0.033852895100911454,-0.14486782,-0.1274252,-0.025389671325683594,entry,entry,True,0.1274251937866211,0.1274251937866211,0.0,3.725290298461914e-08,0.9240436,1.0,0.9905293,8.093458,8.120266,8.140473,8.144714,7.927122,7.9602532,8.018802,8.017289,0.0,0.1274251937866211,0.02927422523498535,0.05703592300415039,0.004267215728759766
FullMenSynchronised10mPlatform_Tokyo2020Replays_1::3,test,official_test,FullMenSynchronised10mPlatform_Tokyo2020Replays,401b,2.0,52.8,False,8.203937,8.167954,0.06341282,0.07884598,-0.007996029324001735,0.013466041,0.041049004,-0.01599205864800347,-0.112861,-0.097579956,-0.011994043986002604,entry,entry,True,0.0975799560546875,0.0975799560546875,0.0,3.725290298461914e-08,0.24563365,0.5,0.9455096,8.203937,8.2527075,8.190611,8.265534,8.076586,8.126905,8.089108,8.167954,0.0,0.0975799560546875,0.05994749069213867,0.07884597778320312,0.058297157287597656
FullMenSynchronised10mPlatform_Tokyo2020Replays_1::4,test,official_test,FullMenSynchronised10mPlatform_Tokyo2020Replays,201b,2.0,51.0,False,8.411473,8.319087,0.026997248,0.01967907,-0.03079541524251302,0.04815642,0.048470497,-0.03079541524251302,-0.16753991,-0.16366673,-0.03079541524251302,entry,entry,True,0.1636667251586914,0.1636667251586914,0.0,1.7136335372924805e-07,0.96463674,1.0,-0.06711422,8.411473,8.443954,8.457481,8.482754,8.238226,8.270617,8.299408,8.319087,0.0,0.1636667251586914,0.03407478332519531,0.048470497131347656,0.0031309127807617188
FullMenSynchronised10mPlatform_Tokyo2020Replays_1::5,test,official_test,FullMenSynchronised10mPlatform_Tokyo2020Replays,101b,2.0,54.0,False,8.246493,8.446741,0.052437466,0.064097404,0.044499503241644964,0.05660264,0.06700516,0.08899900648328993,0.09120766,0.08813,0.06674925486246744,entry,entry,True,0.08812999725341797,0.08812999725341797,0.0,4.3213367462158203e-07,0.59012175,0.5,0.9752376,8.246493,8.28549,8.290913,8.358611,8.338998,8.379736,8.382644,8.446741,0.0,0.08812999725341797,0.0655512809753418,0.06700515747070312,0.01898479461669922
FullMenSynchronised10mPlatform_Tokyo2020Replays_1::6,test,official_test,FullMenSynchronised10mPlatform_Tokyo2020Replays,401b,2.0,52.8,False,8.357849,8.7860565,0.13943498,0.11586666,0.09515719943576388,0.19716899,0.26164913,0.19031439887152776,0.091603436,0.1766758,0.14273579915364581,flight,flight,True,0.26164913177490234,0.17667579650878906,0.0,1.862645149230957e-07,0.5021516,0.0,0.90138495,8.357849,8.519256,8.488941,8.609381,8.362783,8.524407,8.67019,8.7860565,0.08497333526611328,0.26164913177490234,0.1462712287902832,0.17667579650878906,0.12598419189453125
FullMenSynchronised10mPlatform_Tokyo2020Replays_1::12,test,official_test,FullMenSynchronised10mPlatform_Tokyo2020Replays,301b,2.0,52.2,False,8.45388,8.333519,0.05182028,0.03422165,-0.026746961805555552,-0.006602764,-0.020910263,-0.053493923611111105,-0.16557884,-0.16051006,-0.04012044270833333,entry,entry,True,0.16051006317138672,0.034221649169921875,0.0,1.4156103134155273e-07,0.9424316,1.0,0.95836234,8.45388,8.520777,8.459063,8.494029,8.28071,8.354429,8.299297,8.333519,0.12628841400146484,0.16051006317138672,0.027565956115722656,0.034221649169921875,0.02683734893798828
FullMenSynchronised10mPlatform_Tokyo2020Replays_1::14,test,official_test,FullMenSynchronised10mPlatform_Tokyo2020Replays,407c,3.2,74.88,False,7.564933,7.656909,0.1953594,0.24870491,0.02043914794921875,0.032799643,0.08861637,0.0408782958984375,-0.13618286,-0.122011185,0.030658721923828125,takeoff,takeoff,True,0.2487049102783203,0.08861637115478516,0.0,1.9371509552001953e-07,0.6191062,0.0,0.81866956,7.564933,7.7098565,7.5448256,7.77892,7.417488,7.5682926,7.408204,7.656909,0.16008853912353516,0.2487049102783203,0.10531377792358398,0.12201118469238281,0.12333393096923828
FullMenSynchronised10mPlatform_Tokyo2020Replays_2::11,test,official_test,FullMenSynchronised10mPlatform_Tokyo2020Replays,107b,3.0,65.7,False,7.870998,7.974502,-0.085539974,0.0071105957,0.034501393636067704,0.15570958,0.25213146,0.034501393636067704,0.033334572,0.20337391,0.034501393636067704,flight,flight,True,0.25213146209716797,0.25213146209716797,0.0,1.1920928955078125e-07,0.7767411,1.0,0.8063301,7.870998,7.72871,7.9661884,7.771128,7.770196,7.7223706,7.9673915,7.974502,0.0,0.25213146209716797,0.10524225234985352,0.20337390899658203,0.3591117858886719
FullMenSynchronised10mPlatform_Tokyo2020Replays_2::13,test,official_test,FullMenSynchronised10mPlatform_Tokyo2020Replays,307c,3.4,65.28,False,7.346847,7.577061,0.030795097,0.04303074,0.0767380396525065,0.057958603,0.098266125,0.0767380396525065,0.14146042,0.16075516,0.0767380396525065,entry,entry,True,0.16075515747070312,0.16075515747070312,0.0,1.043081283569336e-07,0.33423817,0.5,0.9360175,7.346847,7.3696094,7.368701,7.416306,7.4732156,7.478795,7.5340304,7.577061,0.0,0.16075515747070312,0.0706484317779541,0.0982661247253418,0.0718379020690918
FullMenSynchronised10mPlatform_Tokyo2020Replays_3::9,test,official_test,FullMenSynchronised10mPlatform_Tokyo2020Replays,5255b,3.6,89.64,False,8.509499,8.501379,0.07998053,0.07445431,-0.001804351806640625,-0.06557401,-0.07013512,-0.00360870361328125,-0.022526106,-0.020886421,-0.0027065277099609375,takeoff,takeoff,True,0.07445430755615234,0.02088642120361328,0.0,1.862645149230957e-07,0.6398687,0.0,0.8145346,8.509499,8.597199,8.45068,8.522265,8.487527,8.571514,8.426925,8.501379,0.05356788635253906,0.07445430755615234,0.04551076889038086,0.07013511657714844,0.008447647094726562
FullMenSynchronised10mPlatform_Tokyo2020Replays_3::10,test,official_test,FullMenSynchronised10mPlatform_Tokyo2020Replays,5253b,3.2,76.8,False,8.092245,7.9678674,0.036456186,0.035160065,-0.041459242502848305,-0.14241664,-0.15696955,-0.05527899000379774,-0.018417278,-0.029014587,-0.02763949500189887,flight,flight,True,0.15696954727172852,0.02901458740234375,0.0,3.725290298461914e-08,-0.34403813,0.5,0.9827881,8.092245,8.130205,7.964589,7.996882,8.084633,8.124837,7.9327073,7.9678674,0.12795495986938477,0.15696954727172852,0.03208732604980469,0.035160064697265625,0.02644634246826172
